Synthetic,"This flight is SYNTHETIC — numbers Debrief made up to demonstrate what it can read. It is not a recording of anything, nothing here was flown, and no figure from it means anything about a real rocket."
Demonstrates,"A design, and the flight it flew"
Columns,"The column names below are the ones an Eggtimer Classic writes, so that Debrief reads this file without being told about it. No Eggtimer recorded anything here and no device of any kind did: see the Synthetic row above."

T,Alt,VRaw,VFilt
0.00,0.0,0.0,0.0
0.05,0.0,0.0,0.0
0.10,0.0,0.0,0.0
0.15,0.0,0.0,0.0
0.20,0.0,0.0,0.0
0.25,0.0,0.0,0.0
0.30,0.0,0.0,0.0
0.35,0.0,0.0,0.0
0.40,0.0,0.0,0.0
0.45,0.0,0.0,0.0
0.50,0.0,0.0,0.0
0.55,0.0,0.0,0.0
0.60,0.0,0.0,0.0
0.65,0.0,0.0,0.0
0.70,0.0,0.0,0.0
0.75,0.0,0.0,0.0
0.80,0.0,0.0,0.0
0.85,0.0,0.0,0.0
0.90,0.0,0.0,0.0
0.95,0.0,0.0,0.0
1.00,0.0,0.0,0.0
1.05,0.0,0.0,0.0
1.10,0.0,0.0,0.0
1.15,0.0,0.0,0.0
1.20,0.0,0.0,0.0
1.25,0.0,0.0,0.0
1.30,0.0,0.0,0.0
1.35,0.0,0.0,0.0
1.40,0.0,0.0,0.0
1.45,0.0,0.0,0.0
1.50,0.0,0.0,0.0
1.55,0.0,0.0,0.0
1.60,0.0,0.0,0.0
1.65,0.0,0.0,0.0
1.70,0.0,0.0,0.0
1.75,0.0,0.0,0.0
1.80,0.0,0.0,0.0
1.85,0.0,0.0,0.0
1.90,0.0,0.0,0.0
1.95,0.0,0.0,0.0
2.00,0.0,0.0,0.0
2.05,0.0,0.0,0.0
2.10,0.0,0.0,0.0
2.15,0.0,0.0,0.0
2.20,0.0,0.0,0.0
2.25,0.0,0.0,0.0
2.30,0.0,0.0,0.0
2.35,0.0,0.0,0.0
2.40,0.0,0.0,0.0
2.45,0.0,0.0,0.0
2.50,0.0,0.0,0.0
2.55,0.0,0.0,0.0
2.60,0.0,0.0,0.0
2.65,0.0,0.0,0.0
2.70,0.0,0.0,0.0
2.75,0.0,0.0,0.0
2.80,0.0,0.0,0.0
2.85,0.0,0.0,0.0
2.90,0.0,0.0,0.0
2.95,0.0,0.0,0.0
3.00,0.0,0.0,0.0
3.05,0.9,17.7,17.7
3.10,2.7,35.5,35.5
3.15,5.3,53.2,53.2
3.20,8.9,71.0,71.0
3.25,13.3,88.7,88.7
3.30,18.6,106.5,106.5
3.35,24.8,124.2,124.2
3.40,32.0,142.0,142.0
3.45,39.9,159.7,159.7
3.50,48.8,177.5,177.5
3.55,58.6,195.2,195.2
3.60,69.2,213.0,213.0
3.65,80.7,230.7,230.7
3.70,93.2,248.5,248.5
3.75,106.5,266.2,266.2
3.80,120.7,284.0,284.0
3.85,135.8,301.7,301.7
3.90,151.7,319.5,319.5
3.95,168.6,337.2,337.2
4.00,186.4,355.0,355.0
4.05,205.0,372.7,372.7
4.10,224.5,390.5,390.5
4.15,244.9,408.2,408.2
4.20,266.2,426.0,426.0
4.25,288.4,443.7,443.7
4.30,311.5,461.5,461.5
4.35,335.4,479.2,479.2
4.40,360.3,496.9,496.9
4.45,386.0,514.7,514.7
4.50,412.6,532.4,532.4
4.55,440.2,550.2,550.2
4.60,468.6,567.9,567.9
4.65,496.9,566.3,566.3
4.70,525.1,564.7,564.7
4.75,553.2,563.1,563.1
4.80,581.3,561.5,561.5
4.85,609.3,559.9,559.9
4.90,637.2,558.3,558.3
4.95,665.1,556.7,556.7
5.00,692.8,555.1,555.1
5.05,720.5,553.5,553.5
5.10,748.1,551.9,551.9
5.15,775.6,550.3,550.3
5.20,803.1,548.7,548.7
5.25,830.4,547.0,547.0
5.30,857.7,545.4,545.4
5.35,884.9,543.8,543.8
5.40,912.0,542.2,542.2
5.45,939.0,540.6,540.6
5.50,965.9,539.0,539.0
5.55,992.8,537.4,537.4
5.60,1019.6,535.8,535.8
5.65,1046.3,534.2,534.2
5.70,1072.9,532.5,532.5
5.75,1099.5,530.9,530.9
5.80,1126.0,529.3,529.3
5.85,1152.3,527.7,527.7
5.90,1178.6,526.1,526.1
5.95,1204.9,524.5,524.5
6.00,1231.0,522.9,522.9
6.05,1257.1,521.3,521.3
6.10,1283.1,519.7,519.7
6.15,1309.0,518.1,518.1
6.20,1334.8,516.5,516.5
6.25,1360.5,514.9,514.9
6.30,1386.2,513.3,513.3
6.35,1411.8,511.6,511.6
6.40,1437.3,510.0,510.0
6.45,1462.7,508.4,508.4
6.50,1488.1,506.8,506.8
6.55,1513.3,505.2,505.2
6.60,1538.5,503.6,503.6
6.65,1563.6,502.0,502.0
6.70,1588.6,500.4,500.4
6.75,1613.5,498.8,498.8
6.80,1638.4,497.1,497.1
6.85,1663.2,495.5,495.5
6.90,1687.9,493.9,493.9
6.95,1712.5,492.3,492.3
7.00,1737.0,490.7,490.7
7.05,1761.5,489.1,489.1
7.10,1785.9,487.5,487.5
7.15,1810.2,485.9,485.9
7.20,1834.4,484.3,484.3
7.25,1858.5,482.7,482.7
7.30,1882.5,481.1,481.1
7.35,1906.5,479.5,479.5
7.40,1930.4,477.9,477.9
7.45,1954.2,476.2,476.2
7.50,1978.0,474.6,474.6
7.55,2001.6,473.0,473.0
7.60,2025.2,471.4,471.4
7.65,2048.7,469.8,469.8
7.70,2072.1,468.2,468.2
7.75,2095.4,466.6,466.6
7.80,2118.7,465.0,465.0
7.85,2141.8,463.4,463.4
7.90,2164.9,461.8,461.8
7.95,2187.9,460.2,460.2
8.00,2210.9,458.6,458.6
8.05,2233.7,457.0,457.0
8.10,2256.5,455.3,455.3
8.15,2279.2,453.7,453.7
8.20,2301.8,452.1,452.1
8.25,2324.3,450.5,450.5
8.30,2346.8,448.9,448.9
8.35,2369.1,447.3,447.3
8.40,2391.4,445.7,445.7
8.45,2413.6,444.1,444.1
8.50,2435.7,442.5,442.5
8.55,2457.7,440.8,440.8
8.60,2479.7,439.2,439.2
8.65,2501.6,437.6,437.6
8.70,2523.4,436.0,436.0
8.75,2545.1,434.4,434.4
8.80,2566.8,432.8,432.8
8.85,2588.3,431.2,431.2
8.90,2609.8,429.6,429.6
8.95,2631.2,428.0,428.0
9.00,2652.5,426.4,426.4
9.05,2673.8,424.8,424.8
9.10,2694.9,423.2,423.2
9.15,2716.0,421.6,421.6
9.20,2737.0,419.9,419.9
9.25,2757.9,418.3,418.3
9.30,2778.7,416.7,416.7
9.35,2799.5,415.1,415.1
9.40,2820.2,413.5,413.5
9.45,2840.8,411.9,411.9
9.50,2861.3,410.3,410.3
9.55,2881.7,408.7,408.7
9.60,2902.1,407.1,407.1
9.65,2922.3,405.5,405.5
9.70,2942.6,403.9,403.9
9.75,2962.7,402.3,402.3
9.80,2982.7,400.6,400.6
9.85,3002.6,399.0,399.0
9.90,3022.5,397.4,397.4
9.95,3042.3,395.8,395.8
10.00,3062.0,394.2,394.2
10.05,3081.6,392.6,392.6
10.10,3101.2,391.0,391.0
10.15,3120.7,389.4,389.4
10.20,3140.1,387.8,387.8
10.25,3159.4,386.2,386.2
10.30,3178.6,384.5,384.5
10.35,3197.7,382.9,382.9
10.40,3216.8,381.3,381.3
10.45,3235.8,379.7,379.7
10.50,3254.7,378.1,378.1
10.55,3273.5,376.5,376.5
10.60,3292.3,374.9,374.9
10.65,3310.9,373.3,373.3
10.70,3329.5,371.7,371.7
10.75,3348.0,370.1,370.1
10.80,3366.4,368.5,368.5
10.85,3384.8,366.9,366.9
10.90,3403.1,365.3,365.3
10.95,3421.2,363.6,363.6
11.00,3439.3,362.0,362.0
11.05,3457.3,360.4,360.4
11.10,3475.3,358.8,358.8
11.15,3493.1,357.2,357.2
11.20,3510.9,355.6,355.6
11.25,3528.6,354.0,354.0
11.30,3546.3,352.4,352.4
11.35,3563.8,350.8,350.8
11.40,3581.2,349.1,349.1
11.45,3598.6,347.5,347.5
11.50,3615.9,345.9,345.9
11.55,3633.1,344.3,344.3
11.60,3650.3,342.7,342.7
11.65,3667.3,341.1,341.1
11.70,3684.3,339.5,339.5
11.75,3701.2,337.9,337.9
11.80,3718.0,336.3,336.3
11.85,3734.7,334.7,334.7
11.90,3751.4,333.1,333.1
11.95,3768.0,331.5,331.5
12.00,3784.4,329.9,329.9
12.05,3800.9,328.2,328.2
12.10,3817.2,326.6,326.6
12.15,3833.5,325.0,325.0
12.20,3849.6,323.4,323.4
12.25,3865.7,321.8,321.8
12.30,3881.7,320.2,320.2
12.35,3897.7,318.6,318.6
12.40,3913.5,317.0,317.0
12.45,3929.3,315.4,315.4
12.50,3945.0,313.8,313.8
12.55,3960.6,312.2,312.2
12.60,3976.1,310.6,310.6
12.65,3991.5,309.0,309.0
12.70,4006.9,307.3,307.3
12.75,4022.2,305.7,305.7
12.80,4037.4,304.1,304.1
12.85,4052.5,302.5,302.5
12.90,4067.6,300.9,300.9
12.95,4082.5,299.3,299.3
13.00,4097.4,297.7,297.7
13.05,4112.2,296.1,296.1
13.10,4127.0,294.5,294.5
13.15,4141.6,292.8,292.8
13.20,4156.2,291.2,291.2
13.25,4170.6,289.6,289.6
13.30,4185.0,288.0,288.0
13.35,4199.4,286.4,286.4
13.40,4213.6,284.8,284.8
13.45,4227.8,283.2,283.2
13.50,4241.8,281.6,281.6
13.55,4255.8,280.0,280.0
13.60,4269.8,278.4,278.4
13.65,4283.6,276.8,276.8
13.70,4297.4,275.2,275.2
13.75,4311.0,273.6,273.6
13.80,4324.6,271.9,271.9
13.85,4338.2,270.3,270.3
13.90,4351.6,268.7,268.7
13.95,4364.9,267.1,267.1
14.00,4378.2,265.5,265.5
14.05,4391.4,263.9,263.9
14.10,4404.5,262.3,262.3
14.15,4417.6,260.7,260.7
14.20,4430.5,259.1,259.1
14.25,4443.4,257.5,257.5
14.30,4456.2,255.8,255.8
14.35,4468.9,254.2,254.2
14.40,4481.5,252.6,252.6
14.45,4494.1,251.0,251.0
14.50,4506.6,249.4,249.4
14.55,4518.9,247.8,247.8
14.60,4531.2,246.2,246.2
14.65,4543.5,244.6,244.6
14.70,4555.6,243.0,243.0
14.75,4567.7,241.4,241.4
14.80,4579.7,239.8,239.8
14.85,4591.6,238.2,238.2
14.90,4603.4,236.5,236.5
14.95,4615.2,234.9,234.9
15.00,4626.8,233.3,233.3
15.05,4638.4,231.7,231.7
15.10,4649.9,230.1,230.1
15.15,4661.4,228.5,228.5
15.20,4672.7,226.9,226.9
15.25,4684.0,225.3,225.3
15.30,4695.1,223.7,223.7
15.35,4706.2,222.1,222.1
15.40,4717.3,220.5,220.5
15.45,4728.2,218.9,218.9
15.50,4739.1,217.3,217.3
15.55,4749.9,215.6,215.6
15.60,4760.6,214.0,214.0
15.65,4771.2,212.4,212.4
15.70,4781.7,210.8,210.8
15.75,4792.2,209.2,209.2
15.80,4802.6,207.6,207.6
15.85,4812.9,206.0,206.0
15.90,4823.1,204.4,204.4
15.95,4833.2,202.8,202.8
16.00,4843.3,201.1,201.1
16.05,4853.2,199.5,199.5
16.10,4863.2,197.9,197.9
16.15,4873.0,196.3,196.3
16.20,4882.7,194.7,194.7
16.25,4892.4,193.1,193.1
16.30,4901.9,191.5,191.5
16.35,4911.4,189.9,189.9
16.40,4920.8,188.3,188.3
16.45,4930.2,186.7,186.7
16.50,4939.4,185.1,185.1
16.55,4948.6,183.5,183.5
16.60,4957.7,181.9,181.9
16.65,4966.7,180.2,180.2
16.70,4975.7,178.6,178.6
16.75,4984.5,177.0,177.0
16.80,4993.3,175.4,175.4
16.85,5002.0,173.8,173.8
16.90,5010.6,172.2,172.2
16.95,5019.1,170.6,170.6
17.00,5027.6,169.0,169.0
17.05,5035.9,167.4,167.4
17.10,5044.2,165.8,165.8
17.15,5052.4,164.2,164.2
17.20,5060.5,162.6,162.6
17.25,5068.6,161.0,161.0
17.30,5076.5,159.3,159.3
17.35,5084.4,157.7,157.7
17.40,5092.3,156.1,156.1
17.45,5100.0,154.5,154.5
17.50,5107.6,152.9,152.9
17.55,5115.2,151.3,151.3
17.60,5122.7,149.7,149.7
17.65,5130.1,148.1,148.1
17.70,5137.4,146.5,146.5
17.75,5144.6,144.8,144.8
17.80,5151.8,143.2,143.2
17.85,5158.9,141.6,141.6
17.90,5165.9,140.0,140.0
17.95,5172.8,138.4,138.4
18.00,5179.6,136.8,136.8
18.05,5186.4,135.2,135.2
18.10,5193.1,133.6,133.6
18.15,5199.7,132.0,132.0
18.20,5206.2,130.4,130.4
18.25,5212.6,128.8,128.8
18.30,5219.0,127.2,127.2
18.35,5225.3,125.6,125.6
18.40,5231.5,124.0,124.0
18.45,5237.6,122.3,122.3
18.50,5243.6,120.7,120.7
18.55,5249.6,119.1,119.1
18.60,5255.4,117.5,117.5
18.65,5261.3,115.9,115.9
18.70,5267.0,114.3,114.3
18.75,5272.6,112.7,112.7
18.80,5278.1,111.1,111.1
18.85,5283.6,109.4,109.4
18.90,5289.0,107.8,107.8
18.95,5294.3,106.2,106.2
19.00,5299.6,104.6,104.6
19.05,5304.7,103.0,103.0
19.10,5309.8,101.4,101.4
19.15,5314.8,99.8,99.8
19.20,5319.7,98.2,98.2
19.25,5324.5,96.6,96.6
19.30,5329.3,95.0,95.0
19.35,5333.9,93.4,93.4
19.40,5338.5,91.8,91.8
19.45,5343.0,90.2,90.2
19.50,5347.4,88.5,88.5
19.55,5351.8,86.9,86.9
19.60,5356.1,85.3,85.3
19.65,5360.3,83.7,83.7
19.70,5364.4,82.1,82.1
19.75,5368.4,80.5,80.5
19.80,5372.3,78.9,78.9
19.85,5376.2,77.3,77.3
19.90,5380.0,75.7,75.7
19.95,5383.7,74.1,74.1
20.00,5387.3,72.5,72.5
20.05,5390.8,70.9,70.9
20.10,5394.3,69.3,69.3
20.15,5397.7,67.7,67.7
20.20,5401.0,66.0,66.0
20.25,5404.2,64.4,64.4
20.30,5407.3,62.8,62.8
20.35,5410.4,61.2,61.2
20.40,5413.4,59.6,59.6
20.45,5416.3,58.0,58.0
20.50,5419.1,56.4,56.4
20.55,5421.9,54.8,54.8
20.60,5424.5,53.1,53.1
20.65,5427.1,51.5,51.5
20.70,5429.6,49.9,49.9
20.75,5432.0,48.3,48.3
20.80,5434.4,46.7,46.7
20.85,5436.6,45.1,45.1
20.90,5438.8,43.5,43.5
20.95,5440.9,41.9,41.9
21.00,5442.9,40.3,40.3
21.05,5444.8,38.7,38.7
21.10,5446.7,37.1,37.1
21.15,5448.4,35.5,35.5
21.20,5450.1,33.9,33.9
21.25,5451.7,32.3,32.3
21.30,5453.3,30.6,30.6
21.35,5454.7,29.0,29.0
21.40,5456.1,27.4,27.4
21.45,5457.4,25.8,25.8
21.50,5458.6,24.2,24.2
21.55,5459.7,22.6,22.6
21.60,5460.8,21.0,21.0
21.65,5461.7,19.4,19.4
21.70,5462.6,17.8,17.8
21.75,5463.5,16.2,16.2
21.80,5464.2,14.5,14.5
21.85,5464.8,12.9,12.9
21.90,5465.4,11.3,11.3
21.95,5465.9,9.7,9.7
22.00,5466.3,8.1,8.1
22.05,5466.6,6.5,6.5
22.10,5466.9,4.9,4.9
22.15,5467.0,3.3,3.3
22.20,5467.1,1.7,1.7
22.25,5467.1,0.1,0.1
22.35,5465.8,-24.6,-24.6
22.40,5464.6,-24.6,-24.6
22.45,5463.3,-24.6,-24.6
22.50,5462.1,-24.6,-24.6
22.55,5460.9,-24.6,-24.6
22.60,5459.6,-24.6,-24.6
22.65,5458.4,-24.6,-24.6
22.70,5457.2,-24.6,-24.6
22.75,5455.9,-24.6,-24.6
22.80,5454.7,-24.6,-24.6
22.85,5453.5,-24.6,-24.6
22.90,5452.3,-24.6,-24.6
22.95,5451.0,-24.6,-24.6
23.00,5449.8,-24.6,-24.6
23.05,5448.6,-24.6,-24.6
23.10,5447.3,-24.6,-24.6
23.15,5446.1,-24.6,-24.6
23.20,5444.9,-24.6,-24.6
23.25,5443.6,-24.6,-24.6
23.30,5442.4,-24.6,-24.6
23.35,5441.2,-24.6,-24.6
23.40,5440.0,-24.6,-24.6
23.45,5438.7,-24.6,-24.6
23.50,5437.5,-24.6,-24.6
23.55,5436.3,-24.6,-24.6
23.60,5435.0,-24.6,-24.6
23.65,5433.8,-24.6,-24.6
23.70,5432.6,-24.6,-24.6
23.75,5431.3,-24.6,-24.6
23.80,5430.1,-24.6,-24.6
23.85,5428.9,-24.6,-24.6
23.90,5427.7,-24.6,-24.6
23.95,5426.4,-24.6,-24.6
24.00,5425.2,-24.6,-24.6
24.05,5424.0,-24.6,-24.6
24.10,5422.7,-24.6,-24.6
24.15,5421.5,-24.6,-24.6
24.20,5420.3,-24.6,-24.6
24.25,5419.0,-24.6,-24.6
24.30,5417.8,-24.6,-24.6
24.35,5416.6,-24.6,-24.6
24.40,5415.4,-24.6,-24.6
24.45,5414.1,-24.6,-24.6
24.50,5412.9,-24.6,-24.6
24.55,5411.6,-24.6,-24.6
24.60,5410.4,-24.6,-24.6
24.65,5409.2,-24.6,-24.6
24.70,5408.0,-24.6,-24.6
24.75,5406.7,-24.6,-24.6
24.80,5405.5,-24.6,-24.6
24.85,5404.3,-24.6,-24.6
24.90,5403.1,-24.6,-24.6
24.95,5401.8,-24.6,-24.6
25.00,5400.6,-24.6,-24.6
25.05,5399.3,-24.6,-24.6
25.10,5398.1,-24.6,-24.6
25.15,5396.9,-24.6,-24.6
25.20,5395.7,-24.6,-24.6
25.25,5394.4,-24.6,-24.6
25.30,5393.2,-24.6,-24.6
25.35,5392.0,-24.6,-24.6
25.40,5390.7,-24.6,-24.6
25.45,5389.5,-24.6,-24.6
25.50,5388.3,-24.6,-24.6
25.55,5387.0,-24.6,-24.6
25.60,5385.8,-24.6,-24.6
25.65,5384.6,-24.6,-24.6
25.70,5383.4,-24.6,-24.6
25.75,5382.1,-24.6,-24.6
25.80,5380.9,-24.6,-24.6
25.85,5379.7,-24.6,-24.6
25.90,5378.4,-24.6,-24.6
25.95,5377.2,-24.6,-24.6
26.00,5376.0,-24.6,-24.6
26.05,5374.7,-24.6,-24.6
26.10,5373.5,-24.6,-24.6
26.15,5372.3,-24.6,-24.6
26.20,5371.1,-24.6,-24.6
26.25,5369.8,-24.6,-24.6
26.30,5368.6,-24.6,-24.6
26.35,5367.4,-24.6,-24.6
26.40,5366.1,-24.6,-24.6
26.45,5364.9,-24.6,-24.6
26.50,5363.7,-24.6,-24.6
26.55,5362.4,-24.6,-24.6
26.60,5361.2,-24.6,-24.6
26.65,5360.0,-24.6,-24.6
26.70,5358.8,-24.6,-24.6
26.75,5357.5,-24.6,-24.6
26.80,5356.3,-24.6,-24.6
26.85,5355.1,-24.6,-24.6
26.90,5353.8,-24.6,-24.6
26.95,5352.6,-24.6,-24.6
27.00,5351.4,-24.6,-24.6
27.05,5350.1,-24.6,-24.6
27.10,5348.9,-24.6,-24.6
27.15,5347.7,-24.6,-24.6
27.20,5346.5,-24.6,-24.6
27.25,5345.2,-24.6,-24.6
27.30,5344.0,-24.6,-24.6
27.35,5342.7,-24.6,-24.6
27.40,5341.5,-24.6,-24.6
27.45,5340.3,-24.6,-24.6
27.50,5339.1,-24.6,-24.6
27.55,5337.8,-24.6,-24.6
27.60,5336.6,-24.6,-24.6
27.65,5335.4,-24.6,-24.6
27.70,5334.2,-24.6,-24.6
27.75,5332.9,-24.6,-24.6
27.80,5331.7,-24.6,-24.6
27.85,5330.4,-24.6,-24.6
27.90,5329.2,-24.6,-24.6
27.95,5328.0,-24.6,-24.6
28.00,5326.8,-24.6,-24.6
28.05,5325.5,-24.6,-24.6
28.10,5324.3,-24.6,-24.6
28.15,5323.1,-24.6,-24.6
28.20,5321.9,-24.6,-24.6
28.25,5320.6,-24.6,-24.6
28.30,5319.4,-24.6,-24.6
28.35,5318.1,-24.6,-24.6
28.40,5316.9,-24.6,-24.6
28.45,5315.7,-24.6,-24.6
28.50,5314.5,-24.6,-24.6
28.55,5313.2,-24.6,-24.6
28.60,5312.0,-24.6,-24.6
28.65,5310.8,-24.6,-24.6
28.70,5309.5,-24.6,-24.6
28.75,5308.3,-24.6,-24.6
28.80,5307.1,-24.6,-24.6
28.85,5305.8,-24.6,-24.6
28.90,5304.6,-24.6,-24.6
28.95,5303.4,-24.6,-24.6
29.00,5302.2,-24.6,-24.6
29.05,5300.9,-24.6,-24.6
29.10,5299.7,-24.6,-24.6
29.15,5298.5,-24.6,-24.6
29.20,5297.2,-24.6,-24.6
29.25,5296.0,-24.6,-24.6
29.30,5294.8,-24.6,-24.6
29.35,5293.5,-24.6,-24.6
29.40,5292.3,-24.6,-24.6
29.45,5291.1,-24.6,-24.6
29.50,5289.9,-24.6,-24.6
29.55,5288.6,-24.6,-24.6
29.60,5287.4,-24.6,-24.6
29.65,5286.2,-24.6,-24.6
29.70,5284.9,-24.6,-24.6
29.75,5283.7,-24.6,-24.6
29.80,5282.5,-24.6,-24.6
29.85,5281.2,-24.6,-24.6
29.90,5280.0,-24.6,-24.6
29.95,5278.8,-24.6,-24.6
30.00,5277.6,-24.6,-24.6
30.05,5276.3,-24.6,-24.6
30.10,5275.1,-24.6,-24.6
30.15,5273.9,-24.6,-24.6
30.20,5272.6,-24.6,-24.6
30.25,5271.4,-24.6,-24.6
30.30,5270.2,-24.6,-24.6
30.35,5268.9,-24.6,-24.6
30.40,5267.7,-24.6,-24.6
30.45,5266.5,-24.6,-24.6
30.50,5265.3,-24.6,-24.6
30.55,5264.0,-24.6,-24.6
30.60,5262.8,-24.6,-24.6
30.65,5261.5,-24.6,-24.6
30.70,5260.3,-24.6,-24.6
30.75,5259.1,-24.6,-24.6
30.80,5257.9,-24.6,-24.6
30.85,5256.6,-24.6,-24.6
30.90,5255.4,-24.6,-24.6
30.95,5254.2,-24.6,-24.6
31.00,5253.0,-24.6,-24.6
31.05,5251.7,-24.6,-24.6
31.10,5250.5,-24.6,-24.6
31.15,5249.2,-24.6,-24.6
31.20,5248.0,-24.6,-24.6
31.25,5246.8,-24.6,-24.6
31.30,5245.6,-24.6,-24.6
31.35,5244.3,-24.6,-24.6
31.40,5243.1,-24.6,-24.6
31.45,5241.9,-24.6,-24.6
31.50,5240.6,-24.6,-24.6
31.55,5239.4,-24.6,-24.6
31.60,5238.2,-24.6,-24.6
31.65,5236.9,-24.6,-24.6
31.70,5235.7,-24.6,-24.6
31.75,5234.5,-24.6,-24.6
31.80,5233.3,-24.6,-24.6
31.85,5232.0,-24.6,-24.6
31.90,5230.8,-24.6,-24.6
31.95,5229.6,-24.6,-24.6
32.00,5228.3,-24.6,-24.6
32.05,5227.1,-24.6,-24.6
32.10,5225.9,-24.6,-24.6
32.15,5224.6,-24.6,-24.6
32.20,5223.4,-24.6,-24.6
32.25,5222.2,-24.6,-24.6
32.30,5221.0,-24.6,-24.6
32.35,5219.7,-24.6,-24.6
32.40,5218.5,-24.6,-24.6
32.45,5217.3,-24.6,-24.6
32.50,5216.0,-24.6,-24.6
32.55,5214.8,-24.6,-24.6
32.60,5213.6,-24.6,-24.6
32.65,5212.3,-24.6,-24.6
32.70,5211.1,-24.6,-24.6
32.75,5209.9,-24.6,-24.6
32.80,5208.7,-24.6,-24.6
32.85,5207.4,-24.6,-24.6
32.90,5206.2,-24.6,-24.6
32.95,5205.0,-24.6,-24.6
33.00,5203.7,-24.6,-24.6
33.05,5202.5,-24.6,-24.6
33.10,5201.3,-24.6,-24.6
33.15,5200.0,-24.6,-24.6
33.20,5198.8,-24.6,-24.6
33.25,5197.6,-24.6,-24.6
33.30,5196.4,-24.6,-24.6
33.35,5195.1,-24.6,-24.6
33.40,5193.9,-24.6,-24.6
33.45,5192.7,-24.6,-24.6
33.50,5191.4,-24.6,-24.6
33.55,5190.2,-24.6,-24.6
33.60,5189.0,-24.6,-24.6
33.65,5187.7,-24.6,-24.6
33.70,5186.5,-24.6,-24.6
33.75,5185.3,-24.6,-24.6
33.80,5184.1,-24.6,-24.6
33.85,5182.8,-24.6,-24.6
33.90,5181.6,-24.6,-24.6
33.95,5180.3,-24.6,-24.6
34.00,5179.1,-24.6,-24.6
34.05,5177.9,-24.6,-24.6
34.10,5176.7,-24.6,-24.6
34.15,5175.4,-24.6,-24.6
34.20,5174.2,-24.6,-24.6
34.25,5173.0,-24.6,-24.6
34.30,5171.8,-24.6,-24.6
34.35,5170.5,-24.6,-24.6
34.40,5169.3,-24.6,-24.6
34.45,5168.0,-24.6,-24.6
34.50,5166.8,-24.6,-24.6
34.55,5165.6,-24.6,-24.6
34.60,5164.4,-24.6,-24.6
34.65,5163.1,-24.6,-24.6
34.70,5161.9,-24.6,-24.6
34.75,5160.7,-24.6,-24.6
34.80,5159.4,-24.6,-24.6
34.85,5158.2,-24.6,-24.6
34.90,5157.0,-24.6,-24.6
34.95,5155.7,-24.6,-24.6
35.00,5154.5,-24.6,-24.6
35.05,5153.3,-24.6,-24.6
35.10,5152.1,-24.6,-24.6
35.15,5150.8,-24.6,-24.6
35.20,5149.6,-24.6,-24.6
35.25,5148.4,-24.6,-24.6
35.30,5147.1,-24.6,-24.6
35.35,5145.9,-24.6,-24.6
35.40,5144.7,-24.6,-24.6
35.45,5143.4,-24.6,-24.6
35.50,5142.2,-24.6,-24.6
35.55,5141.0,-24.6,-24.6
35.60,5139.8,-24.6,-24.6
35.65,5138.5,-24.6,-24.6
35.70,5137.3,-24.6,-24.6
35.75,5136.1,-24.6,-24.6
35.80,5134.8,-24.6,-24.6
35.85,5133.6,-24.6,-24.6
35.90,5132.4,-24.6,-24.6
35.95,5131.1,-24.6,-24.6
36.00,5129.9,-24.6,-24.6
36.05,5128.7,-24.6,-24.6
36.10,5127.5,-24.6,-24.6
36.15,5126.2,-24.6,-24.6
36.20,5125.0,-24.6,-24.6
36.25,5123.8,-24.6,-24.6
36.30,5122.5,-24.6,-24.6
36.35,5121.3,-24.6,-24.6
36.40,5120.1,-24.6,-24.6
36.45,5118.8,-24.6,-24.6
36.50,5117.6,-24.6,-24.6
36.55,5116.4,-24.6,-24.6
36.60,5115.2,-24.6,-24.6
36.65,5113.9,-24.6,-24.6
36.70,5112.7,-24.6,-24.6
36.75,5111.5,-24.6,-24.6
36.80,5110.2,-24.6,-24.6
36.85,5109.0,-24.6,-24.6
36.90,5107.8,-24.6,-24.6
36.95,5106.5,-24.6,-24.6
37.00,5105.3,-24.6,-24.6
37.05,5104.1,-24.6,-24.6
37.10,5102.9,-24.6,-24.6
37.15,5101.6,-24.6,-24.6
37.20,5100.4,-24.6,-24.6
37.25,5099.1,-24.6,-24.6
37.30,5097.9,-24.6,-24.6
37.35,5096.7,-24.6,-24.6
37.40,5095.5,-24.6,-24.6
37.45,5094.2,-24.6,-24.6
37.50,5093.0,-24.6,-24.6
37.55,5091.8,-24.6,-24.6
37.60,5090.6,-24.6,-24.6
37.65,5089.3,-24.6,-24.6
37.70,5088.1,-24.6,-24.6
37.75,5086.8,-24.6,-24.6
37.80,5085.6,-24.6,-24.6
37.85,5084.4,-24.6,-24.6
37.90,5083.2,-24.6,-24.6
37.95,5081.9,-24.6,-24.6
38.00,5080.7,-24.6,-24.6
38.05,5079.5,-24.6,-24.6
38.10,5078.2,-24.6,-24.6
38.15,5077.0,-24.6,-24.6
38.20,5075.8,-24.6,-24.6
38.25,5074.5,-24.6,-24.6
38.30,5073.3,-24.6,-24.6
38.35,5072.1,-24.6,-24.6
38.40,5070.9,-24.6,-24.6
38.45,5069.6,-24.6,-24.6
38.50,5068.4,-24.6,-24.6
38.55,5067.2,-24.6,-24.6
38.60,5065.9,-24.6,-24.6
38.65,5064.7,-24.6,-24.6
38.70,5063.5,-24.6,-24.6
38.75,5062.2,-24.6,-24.6
38.80,5061.0,-24.6,-24.6
38.85,5059.8,-24.6,-24.6
38.90,5058.6,-24.6,-24.6
38.95,5057.3,-24.6,-24.6
39.00,5056.1,-24.6,-24.6
39.05,5054.9,-24.6,-24.6
39.10,5053.6,-24.6,-24.6
39.15,5052.4,-24.6,-24.6
39.20,5051.2,-24.6,-24.6
39.25,5049.9,-24.6,-24.6
39.30,5048.7,-24.6,-24.6
39.35,5047.5,-24.6,-24.6
39.40,5046.3,-24.6,-24.6
39.45,5045.0,-24.6,-24.6
39.50,5043.8,-24.6,-24.6
39.55,5042.6,-24.6,-24.6
39.60,5041.3,-24.6,-24.6
39.65,5040.1,-24.6,-24.6
39.70,5038.9,-24.6,-24.6
39.75,5037.6,-24.6,-24.6
39.80,5036.4,-24.6,-24.6
39.85,5035.2,-24.6,-24.6
39.90,5034.0,-24.6,-24.6
39.95,5032.7,-24.6,-24.6
40.00,5031.5,-24.6,-24.6
40.05,5030.2,-24.6,-24.6
40.10,5029.0,-24.6,-24.6
40.15,5027.8,-24.6,-24.6
40.20,5026.6,-24.6,-24.6
40.25,5025.3,-24.6,-24.6
40.30,5024.1,-24.6,-24.6
40.35,5022.9,-24.6,-24.6
40.40,5021.7,-24.6,-24.6
40.45,5020.4,-24.6,-24.6
40.50,5019.2,-24.6,-24.6
40.55,5017.9,-24.6,-24.6
40.60,5016.7,-24.6,-24.6
40.65,5015.5,-24.6,-24.6
40.70,5014.3,-24.6,-24.6
40.75,5013.0,-24.6,-24.6
40.80,5011.8,-24.6,-24.6
40.85,5010.6,-24.6,-24.6
40.90,5009.4,-24.6,-24.6
40.95,5008.1,-24.6,-24.6
41.00,5006.9,-24.6,-24.6
41.05,5005.6,-24.6,-24.6
41.10,5004.4,-24.6,-24.6
41.15,5003.2,-24.6,-24.6
41.20,5002.0,-24.6,-24.6
41.25,5000.7,-24.6,-24.6
41.30,4999.5,-24.6,-24.6
41.35,4998.3,-24.6,-24.6
41.40,4997.0,-24.6,-24.6
41.45,4995.8,-24.6,-24.6
41.50,4994.6,-24.6,-24.6
41.55,4993.3,-24.6,-24.6
41.60,4992.1,-24.6,-24.6
41.65,4990.9,-24.6,-24.6
41.70,4989.7,-24.6,-24.6
41.75,4988.4,-24.6,-24.6
41.80,4987.2,-24.6,-24.6
41.85,4986.0,-24.6,-24.6
41.90,4984.7,-24.6,-24.6
41.95,4983.5,-24.6,-24.6
42.00,4982.3,-24.6,-24.6
42.05,4981.0,-24.6,-24.6
42.10,4979.8,-24.6,-24.6
42.15,4978.6,-24.6,-24.6
42.20,4977.4,-24.6,-24.6
42.25,4976.1,-24.6,-24.6
42.30,4974.9,-24.6,-24.6
42.35,4973.7,-24.6,-24.6
42.40,4972.4,-24.6,-24.6
42.45,4971.2,-24.6,-24.6
42.50,4970.0,-24.6,-24.6
42.55,4968.7,-24.6,-24.6
42.60,4967.5,-24.6,-24.6
42.65,4966.3,-24.6,-24.6
42.70,4965.1,-24.6,-24.6
42.75,4963.8,-24.6,-24.6
42.80,4962.6,-24.6,-24.6
42.85,4961.4,-24.6,-24.6
42.90,4960.1,-24.6,-24.6
42.95,4958.9,-24.6,-24.6
43.00,4957.7,-24.6,-24.6
43.05,4956.4,-24.6,-24.6
43.10,4955.2,-24.6,-24.6
43.15,4954.0,-24.6,-24.6
43.20,4952.8,-24.6,-24.6
43.25,4951.5,-24.6,-24.6
43.30,4950.3,-24.6,-24.6
43.35,4949.0,-24.6,-24.6
43.40,4947.8,-24.6,-24.6
43.45,4946.6,-24.6,-24.6
43.50,4945.4,-24.6,-24.6
43.55,4944.1,-24.6,-24.6
43.60,4942.9,-24.6,-24.6
43.65,4941.7,-24.6,-24.6
43.70,4940.5,-24.6,-24.6
43.75,4939.2,-24.6,-24.6
43.80,4938.0,-24.6,-24.6
43.85,4936.7,-24.6,-24.6
43.90,4935.5,-24.6,-24.6
43.95,4934.3,-24.6,-24.6
44.00,4933.1,-24.6,-24.6
44.05,4931.8,-24.6,-24.6
44.10,4930.6,-24.6,-24.6
44.15,4929.4,-24.6,-24.6
44.20,4928.1,-24.6,-24.6
44.25,4926.9,-24.6,-24.6
44.30,4925.7,-24.6,-24.6
44.35,4924.4,-24.6,-24.6
44.40,4923.2,-24.6,-24.6
44.45,4922.0,-24.6,-24.6
44.50,4920.8,-24.6,-24.6
44.55,4919.5,-24.6,-24.6
44.60,4918.3,-24.6,-24.6
44.65,4917.1,-24.6,-24.6
44.70,4915.8,-24.6,-24.6
44.75,4914.6,-24.6,-24.6
44.80,4913.4,-24.6,-24.6
44.85,4912.1,-24.6,-24.6
44.90,4910.9,-24.6,-24.6
44.95,4909.7,-24.6,-24.6
45.00,4908.5,-24.6,-24.6
45.05,4907.2,-24.6,-24.6
45.10,4906.0,-24.6,-24.6
45.15,4904.8,-24.6,-24.6
45.20,4903.5,-24.6,-24.6
45.25,4902.3,-24.6,-24.6
45.30,4901.1,-24.6,-24.6
45.35,4899.8,-24.6,-24.6
45.40,4898.6,-24.6,-24.6
45.45,4897.4,-24.6,-24.6
45.50,4896.2,-24.6,-24.6
45.55,4894.9,-24.6,-24.6
45.60,4893.7,-24.6,-24.6
45.65,4892.5,-24.6,-24.6
45.70,4891.2,-24.6,-24.6
45.75,4890.0,-24.6,-24.6
45.80,4888.8,-24.6,-24.6
45.85,4887.5,-24.6,-24.6
45.90,4886.3,-24.6,-24.6
45.95,4885.1,-24.6,-24.6
46.00,4883.9,-24.6,-24.6
46.05,4882.6,-24.6,-24.6
46.10,4881.4,-24.6,-24.6
46.15,4880.2,-24.6,-24.6
46.20,4878.9,-24.6,-24.6
46.25,4877.7,-24.6,-24.6
46.30,4876.5,-24.6,-24.6
46.35,4875.2,-24.6,-24.6
46.40,4874.0,-24.6,-24.6
46.45,4872.8,-24.6,-24.6
46.50,4871.6,-24.6,-24.6
46.55,4870.3,-24.6,-24.6
46.60,4869.1,-24.6,-24.6
46.65,4867.8,-24.6,-24.6
46.70,4866.6,-24.6,-24.6
46.75,4865.4,-24.6,-24.6
46.80,4864.2,-24.6,-24.6
46.85,4862.9,-24.6,-24.6
46.90,4861.7,-24.6,-24.6
46.95,4860.5,-24.6,-24.6
47.00,4859.3,-24.6,-24.6
47.05,4858.0,-24.6,-24.6
47.10,4856.8,-24.6,-24.6
47.15,4855.5,-24.6,-24.6
47.20,4854.3,-24.6,-24.6
47.25,4853.1,-24.6,-24.6
47.30,4851.9,-24.6,-24.6
47.35,4850.6,-24.6,-24.6
47.40,4849.4,-24.6,-24.6
47.45,4848.2,-24.6,-24.6
47.50,4846.9,-24.6,-24.6
47.55,4845.7,-24.6,-24.6
47.60,4844.5,-24.6,-24.6
47.65,4843.2,-24.6,-24.6
47.70,4842.0,-24.6,-24.6
47.75,4840.8,-24.6,-24.6
47.80,4839.6,-24.6,-24.6
47.85,4838.3,-24.6,-24.6
47.90,4837.1,-24.6,-24.6
47.95,4835.9,-24.6,-24.6
48.00,4834.6,-24.6,-24.6
48.05,4833.4,-24.6,-24.6
48.10,4832.2,-24.6,-24.6
48.15,4830.9,-24.6,-24.6
48.20,4829.7,-24.6,-24.6
48.25,4828.5,-24.6,-24.6
48.30,4827.3,-24.6,-24.6
48.35,4826.0,-24.6,-24.6
48.40,4824.8,-24.6,-24.6
48.45,4823.6,-24.6,-24.6
48.50,4822.3,-24.6,-24.6
48.55,4821.1,-24.6,-24.6
48.60,4819.9,-24.6,-24.6
48.65,4818.6,-24.6,-24.6
48.70,4817.4,-24.6,-24.6
48.75,4816.2,-24.6,-24.6
48.80,4815.0,-24.6,-24.6
48.85,4813.7,-24.6,-24.6
48.90,4812.5,-24.6,-24.6
48.95,4811.3,-24.6,-24.6
49.00,4810.0,-24.6,-24.6
49.05,4808.8,-24.6,-24.6
49.10,4807.6,-24.6,-24.6
49.15,4806.3,-24.6,-24.6
49.20,4805.1,-24.6,-24.6
49.25,4803.9,-24.6,-24.6
49.30,4802.7,-24.6,-24.6
49.35,4801.4,-24.6,-24.6
49.40,4800.2,-24.6,-24.6
49.45,4799.0,-24.6,-24.6
49.50,4797.7,-24.6,-24.6
49.55,4796.5,-24.6,-24.6
49.60,4795.3,-24.6,-24.6
49.65,4794.0,-24.6,-24.6
49.70,4792.8,-24.6,-24.6
49.75,4791.6,-24.6,-24.6
49.80,4790.4,-24.6,-24.6
49.85,4789.1,-24.6,-24.6
49.90,4787.9,-24.6,-24.6
49.95,4786.6,-24.6,-24.6
50.00,4785.4,-24.6,-24.6
50.05,4784.2,-24.6,-24.6
50.10,4783.0,-24.6,-24.6
50.15,4781.7,-24.6,-24.6
50.20,4780.5,-24.6,-24.6
50.25,4779.3,-24.6,-24.6
50.30,4778.1,-24.6,-24.6
50.35,4776.8,-24.6,-24.6
50.40,4775.6,-24.6,-24.6
50.45,4774.3,-24.6,-24.6
50.50,4773.1,-24.6,-24.6
50.55,4771.9,-24.6,-24.6
50.60,4770.7,-24.6,-24.6
50.65,4769.4,-24.6,-24.6
50.70,4768.2,-24.6,-24.6
50.75,4767.0,-24.6,-24.6
50.80,4765.7,-24.6,-24.6
50.85,4764.5,-24.6,-24.6
50.90,4763.3,-24.6,-24.6
50.95,4762.0,-24.6,-24.6
51.00,4760.8,-24.6,-24.6
51.05,4759.6,-24.6,-24.6
51.10,4758.4,-24.6,-24.6
51.15,4757.1,-24.6,-24.6
51.20,4755.9,-24.6,-24.6
51.25,4754.7,-24.6,-24.6
51.30,4753.4,-24.6,-24.6
51.35,4752.2,-24.6,-24.6
51.40,4751.0,-24.6,-24.6
51.45,4749.7,-24.6,-24.6
51.50,4748.5,-24.6,-24.6
51.55,4747.3,-24.6,-24.6
51.60,4746.1,-24.6,-24.6
51.65,4744.8,-24.6,-24.6
51.70,4743.6,-24.6,-24.6
51.75,4742.4,-24.6,-24.6
51.80,4741.1,-24.6,-24.6
51.85,4739.9,-24.6,-24.6
51.90,4738.7,-24.6,-24.6
51.95,4737.4,-24.6,-24.6
52.00,4736.2,-24.6,-24.6
52.05,4735.0,-24.6,-24.6
52.10,4733.8,-24.6,-24.6
52.15,4732.5,-24.6,-24.6
52.20,4731.3,-24.6,-24.6
52.25,4730.1,-24.6,-24.6
52.30,4728.8,-24.6,-24.6
52.35,4727.6,-24.6,-24.6
52.40,4726.4,-24.6,-24.6
52.45,4725.1,-24.6,-24.6
52.50,4723.9,-24.6,-24.6
52.55,4722.7,-24.6,-24.6
52.60,4721.5,-24.6,-24.6
52.65,4720.2,-24.6,-24.6
52.70,4719.0,-24.6,-24.6
52.75,4717.7,-24.6,-24.6
52.80,4716.5,-24.6,-24.6
52.85,4715.3,-24.6,-24.6
52.90,4714.1,-24.6,-24.6
52.95,4712.8,-24.6,-24.6
53.00,4711.6,-24.6,-24.6
53.05,4710.4,-24.6,-24.6
53.10,4709.2,-24.6,-24.6
53.15,4707.9,-24.6,-24.6
53.20,4706.7,-24.6,-24.6
53.25,4705.4,-24.6,-24.6
53.30,4704.2,-24.6,-24.6
53.35,4703.0,-24.6,-24.6
53.40,4701.8,-24.6,-24.6
53.45,4700.5,-24.6,-24.6
53.50,4699.3,-24.6,-24.6
53.55,4698.1,-24.6,-24.6
53.60,4696.9,-24.6,-24.6
53.65,4695.6,-24.6,-24.6
53.70,4694.4,-24.6,-24.6
53.75,4693.1,-24.6,-24.6
53.80,4691.9,-24.6,-24.6
53.85,4690.7,-24.6,-24.6
53.90,4689.5,-24.6,-24.6
53.95,4688.2,-24.6,-24.6
54.00,4687.0,-24.6,-24.6
54.05,4685.8,-24.6,-24.6
54.10,4684.5,-24.6,-24.6
54.15,4683.3,-24.6,-24.6
54.20,4682.1,-24.6,-24.6
54.25,4680.8,-24.6,-24.6
54.30,4679.6,-24.6,-24.6
54.35,4678.4,-24.6,-24.6
54.40,4677.2,-24.6,-24.6
54.45,4675.9,-24.6,-24.6
54.50,4674.7,-24.6,-24.6
54.55,4673.5,-24.6,-24.6
54.60,4672.2,-24.6,-24.6
54.65,4671.0,-24.6,-24.6
54.70,4669.8,-24.6,-24.6
54.75,4668.5,-24.6,-24.6
54.80,4667.3,-24.6,-24.6
54.85,4666.1,-24.6,-24.6
54.90,4664.9,-24.6,-24.6
54.95,4663.6,-24.6,-24.6
55.00,4662.4,-24.6,-24.6
55.05,4661.2,-24.6,-24.6
55.10,4659.9,-24.6,-24.6
55.15,4658.7,-24.6,-24.6
55.20,4657.5,-24.6,-24.6
55.25,4656.2,-24.6,-24.6
55.30,4655.0,-24.6,-24.6
55.35,4653.8,-24.6,-24.6
55.40,4652.6,-24.6,-24.6
55.45,4651.3,-24.6,-24.6
55.50,4650.1,-24.6,-24.6
55.55,4648.9,-24.6,-24.6
55.60,4647.6,-24.6,-24.6
55.65,4646.4,-24.6,-24.6
55.70,4645.2,-24.6,-24.6
55.75,4643.9,-24.6,-24.6
55.80,4642.7,-24.6,-24.6
55.85,4641.5,-24.6,-24.6
55.90,4640.3,-24.6,-24.6
55.95,4639.0,-24.6,-24.6
56.00,4637.8,-24.6,-24.6
56.05,4636.5,-24.6,-24.6
56.10,4635.3,-24.6,-24.6
56.15,4634.1,-24.6,-24.6
56.20,4632.9,-24.6,-24.6
56.25,4631.6,-24.6,-24.6
56.30,4630.4,-24.6,-24.6
56.35,4629.2,-24.6,-24.6
56.40,4628.0,-24.6,-24.6
56.45,4626.7,-24.6,-24.6
56.50,4625.5,-24.6,-24.6
56.55,4624.2,-24.6,-24.6
56.60,4623.0,-24.6,-24.6
56.65,4621.8,-24.6,-24.6
56.70,4620.6,-24.6,-24.6
56.75,4619.3,-24.6,-24.6
56.80,4618.1,-24.6,-24.6
56.85,4616.9,-24.6,-24.6
56.90,4615.6,-24.6,-24.6
56.95,4614.4,-24.6,-24.6
57.00,4613.2,-24.6,-24.6
57.05,4611.9,-24.6,-24.6
57.10,4610.7,-24.6,-24.6
57.15,4609.5,-24.6,-24.6
57.20,4608.3,-24.6,-24.6
57.25,4607.0,-24.6,-24.6
57.30,4605.8,-24.6,-24.6
57.35,4604.6,-24.6,-24.6
57.40,4603.3,-24.6,-24.6
57.45,4602.1,-24.6,-24.6
57.50,4600.9,-24.6,-24.6
57.55,4599.6,-24.6,-24.6
57.60,4598.4,-24.6,-24.6
57.65,4597.2,-24.6,-24.6
57.70,4596.0,-24.6,-24.6
57.75,4594.7,-24.6,-24.6
57.80,4593.5,-24.6,-24.6
57.85,4592.3,-24.6,-24.6
57.90,4591.0,-24.6,-24.6
57.95,4589.8,-24.6,-24.6
58.00,4588.6,-24.6,-24.6
58.05,4587.3,-24.6,-24.6
58.10,4586.1,-24.6,-24.6
58.15,4584.9,-24.6,-24.6
58.20,4583.7,-24.6,-24.6
58.25,4582.4,-24.6,-24.6
58.30,4581.2,-24.6,-24.6
58.35,4580.0,-24.6,-24.6
58.40,4578.7,-24.6,-24.6
58.45,4577.5,-24.6,-24.6
58.50,4576.3,-24.6,-24.6
58.55,4575.0,-24.6,-24.6
58.60,4573.8,-24.6,-24.6
58.65,4572.6,-24.6,-24.6
58.70,4571.4,-24.6,-24.6
58.75,4570.1,-24.6,-24.6
58.80,4568.9,-24.6,-24.6
58.85,4567.7,-24.6,-24.6
58.90,4566.4,-24.6,-24.6
58.95,4565.2,-24.6,-24.6
59.00,4564.0,-24.6,-24.6
59.05,4562.7,-24.6,-24.6
59.10,4561.5,-24.6,-24.6
59.15,4560.3,-24.6,-24.6
59.20,4559.1,-24.6,-24.6
59.25,4557.8,-24.6,-24.6
59.30,4556.6,-24.6,-24.6
59.35,4555.3,-24.6,-24.6
59.40,4554.1,-24.6,-24.6
59.45,4552.9,-24.6,-24.6
59.50,4551.7,-24.6,-24.6
59.55,4550.4,-24.6,-24.6
59.60,4549.2,-24.6,-24.6
59.65,4548.0,-24.6,-24.6
59.70,4546.8,-24.6,-24.6
59.75,4545.5,-24.6,-24.6
59.80,4544.3,-24.6,-24.6
59.85,4543.0,-24.6,-24.6
59.90,4541.8,-24.6,-24.6
59.95,4540.6,-24.6,-24.6
60.00,4539.4,-24.6,-24.6
60.05,4538.1,-24.6,-24.6
60.10,4536.9,-24.6,-24.6
60.15,4535.7,-24.6,-24.6
60.20,4534.4,-24.6,-24.6
60.25,4533.2,-24.6,-24.6
60.30,4532.0,-24.6,-24.6
60.35,4530.7,-24.6,-24.6
60.40,4529.5,-24.6,-24.6
60.45,4528.3,-24.6,-24.6
60.50,4527.1,-24.6,-24.6
60.55,4525.8,-24.6,-24.6
60.60,4524.6,-24.6,-24.6
60.65,4523.4,-24.6,-24.6
60.70,4522.1,-24.6,-24.6
60.75,4520.9,-24.6,-24.6
60.80,4519.7,-24.6,-24.6
60.85,4518.4,-24.6,-24.6
60.90,4517.2,-24.6,-24.6
60.95,4516.0,-24.6,-24.6
61.00,4514.8,-24.6,-24.6
61.05,4513.5,-24.6,-24.6
61.10,4512.3,-24.6,-24.6
61.15,4511.1,-24.6,-24.6
61.20,4509.8,-24.6,-24.6
61.25,4508.6,-24.6,-24.6
61.30,4507.4,-24.6,-24.6
61.35,4506.1,-24.6,-24.6
61.40,4504.9,-24.6,-24.6
61.45,4503.7,-24.6,-24.6
61.50,4502.5,-24.6,-24.6
61.55,4501.2,-24.6,-24.6
61.60,4500.0,-24.6,-24.6
61.65,4498.8,-24.6,-24.6
61.70,4497.5,-24.6,-24.6
61.75,4496.3,-24.6,-24.6
61.80,4495.1,-24.6,-24.6
61.85,4493.8,-24.6,-24.6
61.90,4492.6,-24.6,-24.6
61.95,4491.4,-24.6,-24.6
62.00,4490.2,-24.6,-24.6
62.05,4488.9,-24.6,-24.6
62.10,4487.7,-24.6,-24.6
62.15,4486.5,-24.6,-24.6
62.20,4485.2,-24.6,-24.6
62.25,4484.0,-24.6,-24.6
62.30,4482.8,-24.6,-24.6
62.35,4481.5,-24.6,-24.6
62.40,4480.3,-24.6,-24.6
62.45,4479.1,-24.6,-24.6
62.50,4477.9,-24.6,-24.6
62.55,4476.6,-24.6,-24.6
62.60,4475.4,-24.6,-24.6
62.65,4474.1,-24.6,-24.6
62.70,4472.9,-24.6,-24.6
62.75,4471.7,-24.6,-24.6
62.80,4470.5,-24.6,-24.6
62.85,4469.2,-24.6,-24.6
62.90,4468.0,-24.6,-24.6
62.95,4466.8,-24.6,-24.6
63.00,4465.6,-24.6,-24.6
63.05,4464.3,-24.6,-24.6
63.10,4463.1,-24.6,-24.6
63.15,4461.8,-24.6,-24.6
63.20,4460.6,-24.6,-24.6
63.25,4459.4,-24.6,-24.6
63.30,4458.2,-24.6,-24.6
63.35,4456.9,-24.6,-24.6
63.40,4455.7,-24.6,-24.6
63.45,4454.5,-24.6,-24.6
63.50,4453.2,-24.6,-24.6
63.55,4452.0,-24.6,-24.6
63.60,4450.8,-24.6,-24.6
63.65,4449.5,-24.6,-24.6
63.70,4448.3,-24.6,-24.6
63.75,4447.1,-24.6,-24.6
63.80,4445.9,-24.6,-24.6
63.85,4444.6,-24.6,-24.6
63.90,4443.4,-24.6,-24.6
63.95,4442.2,-24.6,-24.6
64.00,4440.9,-24.6,-24.6
64.05,4439.7,-24.6,-24.6
64.10,4438.5,-24.6,-24.6
64.15,4437.2,-24.6,-24.6
64.20,4436.0,-24.6,-24.6
64.25,4434.8,-24.6,-24.6
64.30,4433.6,-24.6,-24.6
64.35,4432.3,-24.6,-24.6
64.40,4431.1,-24.6,-24.6
64.45,4429.9,-24.6,-24.6
64.50,4428.6,-24.6,-24.6
64.55,4427.4,-24.6,-24.6
64.60,4426.2,-24.6,-24.6
64.65,4424.9,-24.6,-24.6
64.70,4423.7,-24.6,-24.6
64.75,4422.5,-24.6,-24.6
64.80,4421.3,-24.6,-24.6
64.85,4420.0,-24.6,-24.6
64.90,4418.8,-24.6,-24.6
64.95,4417.6,-24.6,-24.6
65.00,4416.3,-24.6,-24.6
65.05,4415.1,-24.6,-24.6
65.10,4413.9,-24.6,-24.6
65.15,4412.6,-24.6,-24.6
65.20,4411.4,-24.6,-24.6
65.25,4410.2,-24.6,-24.6
65.30,4409.0,-24.6,-24.6
65.35,4407.7,-24.6,-24.6
65.40,4406.5,-24.6,-24.6
65.45,4405.2,-24.6,-24.6
65.50,4404.0,-24.6,-24.6
65.55,4402.8,-24.6,-24.6
65.60,4401.6,-24.6,-24.6
65.65,4400.3,-24.6,-24.6
65.70,4399.1,-24.6,-24.6
65.75,4397.9,-24.6,-24.6
65.80,4396.7,-24.6,-24.6
65.85,4395.4,-24.6,-24.6
65.90,4394.2,-24.6,-24.6
65.95,4392.9,-24.6,-24.6
66.00,4391.7,-24.6,-24.6
66.05,4390.5,-24.6,-24.6
66.10,4389.3,-24.6,-24.6
66.15,4388.0,-24.6,-24.6
66.20,4386.8,-24.6,-24.6
66.25,4385.6,-24.6,-24.6
66.30,4384.4,-24.6,-24.6
66.35,4383.1,-24.6,-24.6
66.40,4381.9,-24.6,-24.6
66.45,4380.6,-24.6,-24.6
66.50,4379.4,-24.6,-24.6
66.55,4378.2,-24.6,-24.6
66.60,4377.0,-24.6,-24.6
66.65,4375.7,-24.6,-24.6
66.70,4374.5,-24.6,-24.6
66.75,4373.3,-24.6,-24.6
66.80,4372.0,-24.6,-24.6
66.85,4370.8,-24.6,-24.6
66.90,4369.6,-24.6,-24.6
66.95,4368.3,-24.6,-24.6
67.00,4367.1,-24.6,-24.6
67.05,4365.9,-24.6,-24.6
67.10,4364.7,-24.6,-24.6
67.15,4363.4,-24.6,-24.6
67.20,4362.2,-24.6,-24.6
67.25,4361.0,-24.6,-24.6
67.30,4359.7,-24.6,-24.6
67.35,4358.5,-24.6,-24.6
67.40,4357.3,-24.6,-24.6
67.45,4356.0,-24.6,-24.6
67.50,4354.8,-24.6,-24.6
67.55,4353.6,-24.6,-24.6
67.60,4352.4,-24.6,-24.6
67.65,4351.1,-24.6,-24.6
67.70,4349.9,-24.6,-24.6
67.75,4348.7,-24.6,-24.6
67.80,4347.4,-24.6,-24.6
67.85,4346.2,-24.6,-24.6
67.90,4345.0,-24.6,-24.6
67.95,4343.7,-24.6,-24.6
68.00,4342.5,-24.6,-24.6
68.05,4341.3,-24.6,-24.6
68.10,4340.1,-24.6,-24.6
68.15,4338.8,-24.6,-24.6
68.20,4337.6,-24.6,-24.6
68.25,4336.4,-24.6,-24.6
68.30,4335.1,-24.6,-24.6
68.35,4333.9,-24.6,-24.6
68.40,4332.7,-24.6,-24.6
68.45,4331.4,-24.6,-24.6
68.50,4330.2,-24.6,-24.6
68.55,4329.0,-24.6,-24.6
68.60,4327.8,-24.6,-24.6
68.65,4326.5,-24.6,-24.6
68.70,4325.3,-24.6,-24.6
68.75,4324.0,-24.6,-24.6
68.80,4322.8,-24.6,-24.6
68.85,4321.6,-24.6,-24.6
68.90,4320.4,-24.6,-24.6
68.95,4319.1,-24.6,-24.6
69.00,4317.9,-24.6,-24.6
69.05,4316.7,-24.6,-24.6
69.10,4315.5,-24.6,-24.6
69.15,4314.2,-24.6,-24.6
69.20,4313.0,-24.6,-24.6
69.25,4311.7,-24.6,-24.6
69.30,4310.5,-24.6,-24.6
69.35,4309.3,-24.6,-24.6
69.40,4308.1,-24.6,-24.6
69.45,4306.8,-24.6,-24.6
69.50,4305.6,-24.6,-24.6
69.55,4304.4,-24.6,-24.6
69.60,4303.1,-24.6,-24.6
69.65,4301.9,-24.6,-24.6
69.70,4300.7,-24.6,-24.6
69.75,4299.4,-24.6,-24.6
69.80,4298.2,-24.6,-24.6
69.85,4297.0,-24.6,-24.6
69.90,4295.8,-24.6,-24.6
69.95,4294.5,-24.6,-24.6
70.00,4293.3,-24.6,-24.6
70.05,4292.1,-24.6,-24.6
70.10,4290.8,-24.6,-24.6
70.15,4289.6,-24.6,-24.6
70.20,4288.4,-24.6,-24.6
70.25,4287.1,-24.6,-24.6
70.30,4285.9,-24.6,-24.6
70.35,4284.7,-24.6,-24.6
70.40,4283.5,-24.6,-24.6
70.45,4282.2,-24.6,-24.6
70.50,4281.0,-24.6,-24.6
70.55,4279.8,-24.6,-24.6
70.60,4278.5,-24.6,-24.6
70.65,4277.3,-24.6,-24.6
70.70,4276.1,-24.6,-24.6
70.75,4274.8,-24.6,-24.6
70.80,4273.6,-24.6,-24.6
70.85,4272.4,-24.6,-24.6
70.90,4271.2,-24.6,-24.6
70.95,4269.9,-24.6,-24.6
71.00,4268.7,-24.6,-24.6
71.05,4267.5,-24.6,-24.6
71.10,4266.2,-24.6,-24.6
71.15,4265.0,-24.6,-24.6
71.20,4263.8,-24.6,-24.6
71.25,4262.5,-24.6,-24.6
71.30,4261.3,-24.6,-24.6
71.35,4260.1,-24.6,-24.6
71.40,4258.9,-24.6,-24.6
71.45,4257.6,-24.6,-24.6
71.50,4256.4,-24.6,-24.6
71.55,4255.2,-24.6,-24.6
71.60,4253.9,-24.6,-24.6
71.65,4252.7,-24.6,-24.6
71.70,4251.5,-24.6,-24.6
71.75,4250.2,-24.6,-24.6
71.80,4249.0,-24.6,-24.6
71.85,4247.8,-24.6,-24.6
71.90,4246.6,-24.6,-24.6
71.95,4245.3,-24.6,-24.6
72.00,4244.1,-24.6,-24.6
72.05,4242.8,-24.6,-24.6
72.10,4241.6,-24.6,-24.6
72.15,4240.4,-24.6,-24.6
72.20,4239.2,-24.6,-24.6
72.25,4237.9,-24.6,-24.6
72.30,4236.7,-24.6,-24.6
72.35,4235.5,-24.6,-24.6
72.40,4234.3,-24.6,-24.6
72.45,4233.0,-24.6,-24.6
72.50,4231.8,-24.6,-24.6
72.55,4230.5,-24.6,-24.6
72.60,4229.3,-24.6,-24.6
72.65,4228.1,-24.6,-24.6
72.70,4226.9,-24.6,-24.6
72.75,4225.6,-24.6,-24.6
72.80,4224.4,-24.6,-24.6
72.85,4223.2,-24.6,-24.6
72.90,4221.9,-24.6,-24.6
72.95,4220.7,-24.6,-24.6
73.00,4219.5,-24.6,-24.6
73.05,4218.2,-24.6,-24.6
73.10,4217.0,-24.6,-24.6
73.15,4215.8,-24.6,-24.6
73.20,4214.6,-24.6,-24.6
73.25,4213.3,-24.6,-24.6
73.30,4212.1,-24.6,-24.6
73.35,4210.9,-24.6,-24.6
73.40,4209.6,-24.6,-24.6
73.45,4208.4,-24.6,-24.6
73.50,4207.2,-24.6,-24.6
73.55,4205.9,-24.6,-24.6
73.60,4204.7,-24.6,-24.6
73.65,4203.5,-24.6,-24.6
73.70,4202.3,-24.6,-24.6
73.75,4201.0,-24.6,-24.6
73.80,4199.8,-24.6,-24.6
73.85,4198.6,-24.6,-24.6
73.90,4197.3,-24.6,-24.6
73.95,4196.1,-24.6,-24.6
74.00,4194.9,-24.6,-24.6
74.05,4193.6,-24.6,-24.6
74.10,4192.4,-24.6,-24.6
74.15,4191.2,-24.6,-24.6
74.20,4190.0,-24.6,-24.6
74.25,4188.7,-24.6,-24.6
74.30,4187.5,-24.6,-24.6
74.35,4186.3,-24.6,-24.6
74.40,4185.0,-24.6,-24.6
74.45,4183.8,-24.6,-24.6
74.50,4182.6,-24.6,-24.6
74.55,4181.3,-24.6,-24.6
74.60,4180.1,-24.6,-24.6
74.65,4178.9,-24.6,-24.6
74.70,4177.7,-24.6,-24.6
74.75,4176.4,-24.6,-24.6
74.80,4175.2,-24.6,-24.6
74.85,4174.0,-24.6,-24.6
74.90,4172.7,-24.6,-24.6
74.95,4171.5,-24.6,-24.6
75.00,4170.3,-24.6,-24.6
75.05,4169.0,-24.6,-24.6
75.10,4167.8,-24.6,-24.6
75.15,4166.6,-24.6,-24.6
75.20,4165.4,-24.6,-24.6
75.25,4164.1,-24.6,-24.6
75.30,4162.9,-24.6,-24.6
75.35,4161.6,-24.6,-24.6
75.40,4160.4,-24.6,-24.6
75.45,4159.2,-24.6,-24.6
75.50,4158.0,-24.6,-24.6
75.55,4156.7,-24.6,-24.6
75.60,4155.5,-24.6,-24.6
75.65,4154.3,-24.6,-24.6
75.70,4153.1,-24.6,-24.6
75.75,4151.8,-24.6,-24.6
75.80,4150.6,-24.6,-24.6
75.85,4149.3,-24.6,-24.6
75.90,4148.1,-24.6,-24.6
75.95,4146.9,-24.6,-24.6
76.00,4145.7,-24.6,-24.6
76.05,4144.4,-24.6,-24.6
76.10,4143.2,-24.6,-24.6
76.15,4142.0,-24.6,-24.6
76.20,4140.7,-24.6,-24.6
76.25,4139.5,-24.6,-24.6
76.30,4138.3,-24.6,-24.6
76.35,4137.0,-24.6,-24.6
76.40,4135.8,-24.6,-24.6
76.45,4134.6,-24.6,-24.6
76.50,4133.4,-24.6,-24.6
76.55,4132.1,-24.6,-24.6
76.60,4130.9,-24.6,-24.6
76.65,4129.7,-24.6,-24.6
76.70,4128.4,-24.6,-24.6
76.75,4127.2,-24.6,-24.6
76.80,4126.0,-24.6,-24.6
76.85,4124.7,-24.6,-24.6
76.90,4123.5,-24.6,-24.6
76.95,4122.3,-24.6,-24.6
77.00,4121.1,-24.6,-24.6
77.05,4119.8,-24.6,-24.6
77.10,4118.6,-24.6,-24.6
77.15,4117.4,-24.6,-24.6
77.20,4116.1,-24.6,-24.6
77.25,4114.9,-24.6,-24.6
77.30,4113.7,-24.6,-24.6
77.35,4112.4,-24.6,-24.6
77.40,4111.2,-24.6,-24.6
77.45,4110.0,-24.6,-24.6
77.50,4108.8,-24.6,-24.6
77.55,4107.5,-24.6,-24.6
77.60,4106.3,-24.6,-24.6
77.65,4105.1,-24.6,-24.6
77.70,4103.8,-24.6,-24.6
77.75,4102.6,-24.6,-24.6
77.80,4101.4,-24.6,-24.6
77.85,4100.1,-24.6,-24.6
77.90,4098.9,-24.6,-24.6
77.95,4097.7,-24.6,-24.6
78.00,4096.5,-24.6,-24.6
78.05,4095.2,-24.6,-24.6
78.10,4094.0,-24.6,-24.6
78.15,4092.7,-24.6,-24.6
78.20,4091.5,-24.6,-24.6
78.25,4090.3,-24.6,-24.6
78.30,4089.1,-24.6,-24.6
78.35,4087.8,-24.6,-24.6
78.40,4086.6,-24.6,-24.6
78.45,4085.4,-24.6,-24.6
78.50,4084.2,-24.6,-24.6
78.55,4082.9,-24.6,-24.6
78.60,4081.7,-24.6,-24.6
78.65,4080.4,-24.6,-24.6
78.70,4079.2,-24.6,-24.6
78.75,4078.0,-24.6,-24.6
78.80,4076.8,-24.6,-24.6
78.85,4075.5,-24.6,-24.6
78.90,4074.3,-24.6,-24.6
78.95,4073.1,-24.6,-24.6
79.00,4071.9,-24.6,-24.6
79.05,4070.6,-24.6,-24.6
79.10,4069.4,-24.6,-24.6
79.15,4068.1,-24.6,-24.6
79.20,4066.9,-24.6,-24.6
79.25,4065.7,-24.6,-24.6
79.30,4064.5,-24.6,-24.6
79.35,4063.2,-24.6,-24.6
79.40,4062.0,-24.6,-24.6
79.45,4060.8,-24.6,-24.6
79.50,4059.5,-24.6,-24.6
79.55,4058.3,-24.6,-24.6
79.60,4057.1,-24.6,-24.6
79.65,4055.8,-24.6,-24.6
79.70,4054.6,-24.6,-24.6
79.75,4053.4,-24.6,-24.6
79.80,4052.2,-24.6,-24.6
79.85,4050.9,-24.6,-24.6
79.90,4049.7,-24.6,-24.6
79.95,4048.5,-24.6,-24.6
80.00,4047.2,-24.6,-24.6
80.05,4046.0,-24.6,-24.6
80.10,4044.8,-24.6,-24.6
80.15,4043.5,-24.6,-24.6
80.20,4042.3,-24.6,-24.6
80.25,4041.1,-24.6,-24.6
80.30,4039.9,-24.6,-24.6
80.35,4038.6,-24.6,-24.6
80.40,4037.4,-24.6,-24.6
80.45,4036.2,-24.6,-24.6
80.50,4034.9,-24.6,-24.6
80.55,4033.7,-24.6,-24.6
80.60,4032.5,-24.6,-24.6
80.65,4031.2,-24.6,-24.6
80.70,4030.0,-24.6,-24.6
80.75,4028.8,-24.6,-24.6
80.80,4027.6,-24.6,-24.6
80.85,4026.3,-24.6,-24.6
80.90,4025.1,-24.6,-24.6
80.95,4023.9,-24.6,-24.6
81.00,4022.6,-24.6,-24.6
81.05,4021.4,-24.6,-24.6
81.10,4020.2,-24.6,-24.6
81.15,4018.9,-24.6,-24.6
81.20,4017.7,-24.6,-24.6
81.25,4016.5,-24.6,-24.6
81.30,4015.3,-24.6,-24.6
81.35,4014.0,-24.6,-24.6
81.40,4012.8,-24.6,-24.6
81.45,4011.5,-24.6,-24.6
81.50,4010.3,-24.6,-24.6
81.55,4009.1,-24.6,-24.6
81.60,4007.9,-24.6,-24.6
81.65,4006.6,-24.6,-24.6
81.70,4005.4,-24.6,-24.6
81.75,4004.2,-24.6,-24.6
81.80,4003.0,-24.6,-24.6
81.85,4001.7,-24.6,-24.6
81.90,4000.5,-24.6,-24.6
81.95,3999.2,-24.6,-24.6
82.00,3998.0,-24.6,-24.6
82.05,3996.8,-24.6,-24.6
82.10,3995.6,-24.6,-24.6
82.15,3994.3,-24.6,-24.6
82.20,3993.1,-24.6,-24.6
82.25,3991.9,-24.6,-24.6
82.30,3990.6,-24.6,-24.6
82.35,3989.4,-24.6,-24.6
82.40,3988.2,-24.6,-24.6
82.45,3986.9,-24.6,-24.6
82.50,3985.7,-24.6,-24.6
82.55,3984.5,-24.6,-24.6
82.60,3983.3,-24.6,-24.6
82.65,3982.0,-24.6,-24.6
82.70,3980.8,-24.6,-24.6
82.75,3979.6,-24.6,-24.6
82.80,3978.3,-24.6,-24.6
82.85,3977.1,-24.6,-24.6
82.90,3975.9,-24.6,-24.6
82.95,3974.6,-24.6,-24.6
83.00,3973.4,-24.6,-24.6
83.05,3972.2,-24.6,-24.6
83.10,3971.0,-24.6,-24.6
83.15,3969.7,-24.6,-24.6
83.20,3968.5,-24.6,-24.6
83.25,3967.3,-24.6,-24.6
83.30,3966.0,-24.6,-24.6
83.35,3964.8,-24.6,-24.6
83.40,3963.6,-24.6,-24.6
83.45,3962.3,-24.6,-24.6
83.50,3961.1,-24.6,-24.6
83.55,3959.9,-24.6,-24.6
83.60,3958.7,-24.6,-24.6
83.65,3957.4,-24.6,-24.6
83.70,3956.2,-24.6,-24.6
83.75,3955.0,-24.6,-24.6
83.80,3953.7,-24.6,-24.6
83.85,3952.5,-24.6,-24.6
83.90,3951.3,-24.6,-24.6
83.95,3950.0,-24.6,-24.6
84.00,3948.8,-24.6,-24.6
84.05,3947.6,-24.6,-24.6
84.10,3946.4,-24.6,-24.6
84.15,3945.1,-24.6,-24.6
84.20,3943.9,-24.6,-24.6
84.25,3942.7,-24.6,-24.6
84.30,3941.4,-24.6,-24.6
84.35,3940.2,-24.6,-24.6
84.40,3939.0,-24.6,-24.6
84.45,3937.7,-24.6,-24.6
84.50,3936.5,-24.6,-24.6
84.55,3935.3,-24.6,-24.6
84.60,3934.1,-24.6,-24.6
84.65,3932.8,-24.6,-24.6
84.70,3931.6,-24.6,-24.6
84.75,3930.3,-24.6,-24.6
84.80,3929.1,-24.6,-24.6
84.85,3927.9,-24.6,-24.6
84.90,3926.7,-24.6,-24.6
84.95,3925.4,-24.6,-24.6
85.00,3924.2,-24.6,-24.6
85.05,3923.0,-24.6,-24.6
85.10,3921.8,-24.6,-24.6
85.15,3920.5,-24.6,-24.6
85.20,3919.3,-24.6,-24.6
85.25,3918.0,-24.6,-24.6
85.30,3916.8,-24.6,-24.6
85.35,3915.6,-24.6,-24.6
85.40,3914.4,-24.6,-24.6
85.45,3913.1,-24.6,-24.6
85.50,3911.9,-24.6,-24.6
85.55,3910.7,-24.6,-24.6
85.60,3909.4,-24.6,-24.6
85.65,3908.2,-24.6,-24.6
85.70,3907.0,-24.6,-24.6
85.75,3905.7,-24.6,-24.6
85.80,3904.5,-24.6,-24.6
85.85,3903.3,-24.6,-24.6
85.90,3902.1,-24.6,-24.6
85.95,3900.8,-24.6,-24.6
86.00,3899.6,-24.6,-24.6
86.05,3898.4,-24.6,-24.6
86.10,3897.1,-24.6,-24.6
86.15,3895.9,-24.6,-24.6
86.20,3894.7,-24.6,-24.6
86.25,3893.4,-24.6,-24.6
86.30,3892.2,-24.6,-24.6
86.35,3891.0,-24.6,-24.6
86.40,3889.8,-24.6,-24.6
86.45,3888.5,-24.6,-24.6
86.50,3887.3,-24.6,-24.6
86.55,3886.1,-24.6,-24.6
86.60,3884.8,-24.6,-24.6
86.65,3883.6,-24.6,-24.6
86.70,3882.4,-24.6,-24.6
86.75,3881.1,-24.6,-24.6
86.80,3879.9,-24.6,-24.6
86.85,3878.7,-24.6,-24.6
86.90,3877.5,-24.6,-24.6
86.95,3876.2,-24.6,-24.6
87.00,3875.0,-24.6,-24.6
87.05,3873.8,-24.6,-24.6
87.10,3872.5,-24.6,-24.6
87.15,3871.3,-24.6,-24.6
87.20,3870.1,-24.6,-24.6
87.25,3868.8,-24.6,-24.6
87.30,3867.6,-24.6,-24.6
87.35,3866.4,-24.6,-24.6
87.40,3865.2,-24.6,-24.6
87.45,3863.9,-24.6,-24.6
87.50,3862.7,-24.6,-24.6
87.55,3861.5,-24.6,-24.6
87.60,3860.2,-24.6,-24.6
87.65,3859.0,-24.6,-24.6
87.70,3857.8,-24.6,-24.6
87.75,3856.5,-24.6,-24.6
87.80,3855.3,-24.6,-24.6
87.85,3854.1,-24.6,-24.6
87.90,3852.9,-24.6,-24.6
87.95,3851.6,-24.6,-24.6
88.00,3850.4,-24.6,-24.6
88.05,3849.1,-24.6,-24.6
88.10,3847.9,-24.6,-24.6
88.15,3846.7,-24.6,-24.6
88.20,3845.5,-24.6,-24.6
88.25,3844.2,-24.6,-24.6
88.30,3843.0,-24.6,-24.6
88.35,3841.8,-24.6,-24.6
88.40,3840.6,-24.6,-24.6
88.45,3839.3,-24.6,-24.6
88.50,3838.1,-24.6,-24.6
88.55,3836.8,-24.6,-24.6
88.60,3835.6,-24.6,-24.6
88.65,3834.4,-24.6,-24.6
88.70,3833.2,-24.6,-24.6
88.75,3831.9,-24.6,-24.6
88.80,3830.7,-24.6,-24.6
88.85,3829.5,-24.6,-24.6
88.90,3828.2,-24.6,-24.6
88.95,3827.0,-24.6,-24.6
89.00,3825.8,-24.6,-24.6
89.05,3824.5,-24.6,-24.6
89.10,3823.3,-24.6,-24.6
89.15,3822.1,-24.6,-24.6
89.20,3820.9,-24.6,-24.6
89.25,3819.6,-24.6,-24.6
89.30,3818.4,-24.6,-24.6
89.35,3817.2,-24.6,-24.6
89.40,3815.9,-24.6,-24.6
89.45,3814.7,-24.6,-24.6
89.50,3813.5,-24.6,-24.6
89.55,3812.2,-24.6,-24.6
89.60,3811.0,-24.6,-24.6
89.65,3809.8,-24.6,-24.6
89.70,3808.6,-24.6,-24.6
89.75,3807.3,-24.6,-24.6
89.80,3806.1,-24.6,-24.6
89.85,3804.9,-24.6,-24.6
89.90,3803.6,-24.6,-24.6
89.95,3802.4,-24.6,-24.6
90.00,3801.2,-24.6,-24.6
90.05,3799.9,-24.6,-24.6
90.10,3798.7,-24.6,-24.6
90.15,3797.5,-24.6,-24.6
90.20,3796.3,-24.6,-24.6
90.25,3795.0,-24.6,-24.6
90.30,3793.8,-24.6,-24.6
90.35,3792.6,-24.6,-24.6
90.40,3791.3,-24.6,-24.6
90.45,3790.1,-24.6,-24.6
90.50,3788.9,-24.6,-24.6
90.55,3787.6,-24.6,-24.6
90.60,3786.4,-24.6,-24.6
90.65,3785.2,-24.6,-24.6
90.70,3784.0,-24.6,-24.6
90.75,3782.7,-24.6,-24.6
90.80,3781.5,-24.6,-24.6
90.85,3780.2,-24.6,-24.6
90.90,3779.0,-24.6,-24.6
90.95,3777.8,-24.6,-24.6
91.00,3776.6,-24.6,-24.6
91.05,3775.3,-24.6,-24.6
91.10,3774.1,-24.6,-24.6
91.15,3772.9,-24.6,-24.6
91.20,3771.7,-24.6,-24.6
91.25,3770.4,-24.6,-24.6
91.30,3769.2,-24.6,-24.6
91.35,3767.9,-24.6,-24.6
91.40,3766.7,-24.6,-24.6
91.45,3765.5,-24.6,-24.6
91.50,3764.3,-24.6,-24.6
91.55,3763.0,-24.6,-24.6
91.60,3761.8,-24.6,-24.6
91.65,3760.6,-24.6,-24.6
91.70,3759.4,-24.6,-24.6
91.75,3758.1,-24.6,-24.6
91.80,3756.9,-24.6,-24.6
91.85,3755.6,-24.6,-24.6
91.90,3754.4,-24.6,-24.6
91.95,3753.2,-24.6,-24.6
92.00,3752.0,-24.6,-24.6
92.05,3750.7,-24.6,-24.6
92.10,3749.5,-24.6,-24.6
92.15,3748.3,-24.6,-24.6
92.20,3747.0,-24.6,-24.6
92.25,3745.8,-24.6,-24.6
92.30,3744.6,-24.6,-24.6
92.35,3743.3,-24.6,-24.6
92.40,3742.1,-24.6,-24.6
92.45,3740.9,-24.6,-24.6
92.50,3739.7,-24.6,-24.6
92.55,3738.4,-24.6,-24.6
92.60,3737.2,-24.6,-24.6
92.65,3736.0,-24.6,-24.6
92.70,3734.7,-24.6,-24.6
92.75,3733.5,-24.6,-24.6
92.80,3732.3,-24.6,-24.6
92.85,3731.0,-24.6,-24.6
92.90,3729.8,-24.6,-24.6
92.95,3728.6,-24.6,-24.6
93.00,3727.4,-24.6,-24.6
93.05,3726.1,-24.6,-24.6
93.10,3724.9,-24.6,-24.6
93.15,3723.7,-24.6,-24.6
93.20,3722.4,-24.6,-24.6
93.25,3721.2,-24.6,-24.6
93.30,3720.0,-24.6,-24.6
93.35,3718.7,-24.6,-24.6
93.40,3717.5,-24.6,-24.6
93.45,3716.3,-24.6,-24.6
93.50,3715.1,-24.6,-24.6
93.55,3713.8,-24.6,-24.6
93.60,3712.6,-24.6,-24.6
93.65,3711.4,-24.6,-24.6
93.70,3710.1,-24.6,-24.6
93.75,3708.9,-24.6,-24.6
93.80,3707.7,-24.6,-24.6
93.85,3706.4,-24.6,-24.6
93.90,3705.2,-24.6,-24.6
93.95,3704.0,-24.6,-24.6
94.00,3702.8,-24.6,-24.6
94.05,3701.5,-24.6,-24.6
94.10,3700.3,-24.6,-24.6
94.15,3699.0,-24.6,-24.6
94.20,3697.8,-24.6,-24.6
94.25,3696.6,-24.6,-24.6
94.30,3695.4,-24.6,-24.6
94.35,3694.1,-24.6,-24.6
94.40,3692.9,-24.6,-24.6
94.45,3691.7,-24.6,-24.6
94.50,3690.5,-24.6,-24.6
94.55,3689.2,-24.6,-24.6
94.60,3688.0,-24.6,-24.6
94.65,3686.7,-24.6,-24.6
94.70,3685.5,-24.6,-24.6
94.75,3684.3,-24.6,-24.6
94.80,3683.1,-24.6,-24.6
94.85,3681.8,-24.6,-24.6
94.90,3680.6,-24.6,-24.6
94.95,3679.4,-24.6,-24.6
95.00,3678.1,-24.6,-24.6
95.05,3676.9,-24.6,-24.6
95.10,3675.7,-24.6,-24.6
95.15,3674.4,-24.6,-24.6
95.20,3673.2,-24.6,-24.6
95.25,3672.0,-24.6,-24.6
95.30,3670.8,-24.6,-24.6
95.35,3669.5,-24.6,-24.6
95.40,3668.3,-24.6,-24.6
95.45,3667.1,-24.6,-24.6
95.50,3665.8,-24.6,-24.6
95.55,3664.6,-24.6,-24.6
95.60,3663.4,-24.6,-24.6
95.65,3662.1,-24.6,-24.6
95.70,3660.9,-24.6,-24.6
95.75,3659.7,-24.6,-24.6
95.80,3658.5,-24.6,-24.6
95.85,3657.2,-24.6,-24.6
95.90,3656.0,-24.6,-24.6
95.95,3654.8,-24.6,-24.6
96.00,3653.5,-24.6,-24.6
96.05,3652.3,-24.6,-24.6
96.10,3651.1,-24.6,-24.6
96.15,3649.8,-24.6,-24.6
96.20,3648.6,-24.6,-24.6
96.25,3647.4,-24.6,-24.6
96.30,3646.2,-24.6,-24.6
96.35,3644.9,-24.6,-24.6
96.40,3643.7,-24.6,-24.6
96.45,3642.5,-24.6,-24.6
96.50,3641.2,-24.6,-24.6
96.55,3640.0,-24.6,-24.6
96.60,3638.8,-24.6,-24.6
96.65,3637.5,-24.6,-24.6
96.70,3636.3,-24.6,-24.6
96.75,3635.1,-24.6,-24.6
96.80,3633.9,-24.6,-24.6
96.85,3632.6,-24.6,-24.6
96.90,3631.4,-24.6,-24.6
96.95,3630.2,-24.6,-24.6
97.00,3628.9,-24.6,-24.6
97.05,3627.7,-24.6,-24.6
97.10,3626.5,-24.6,-24.6
97.15,3625.2,-24.6,-24.6
97.20,3624.0,-24.6,-24.6
97.25,3622.8,-24.6,-24.6
97.30,3621.6,-24.6,-24.6
97.35,3620.3,-24.6,-24.6
97.40,3619.1,-24.6,-24.6
97.45,3617.8,-24.6,-24.6
97.50,3616.6,-24.6,-24.6
97.55,3615.4,-24.6,-24.6
97.60,3614.2,-24.6,-24.6
97.65,3612.9,-24.6,-24.6
97.70,3611.7,-24.6,-24.6
97.75,3610.5,-24.6,-24.6
97.80,3609.3,-24.6,-24.6
97.85,3608.0,-24.6,-24.6
97.90,3606.8,-24.6,-24.6
97.95,3605.5,-24.6,-24.6
98.00,3604.3,-24.6,-24.6
98.05,3603.1,-24.6,-24.6
98.10,3601.9,-24.6,-24.6
98.15,3600.6,-24.6,-24.6
98.20,3599.4,-24.6,-24.6
98.25,3598.2,-24.6,-24.6
98.30,3596.9,-24.6,-24.6
98.35,3595.7,-24.6,-24.6
98.40,3594.5,-24.6,-24.6
98.45,3593.2,-24.6,-24.6
98.50,3592.0,-24.6,-24.6
98.55,3590.8,-24.6,-24.6
98.60,3589.6,-24.6,-24.6
98.65,3588.3,-24.6,-24.6
98.70,3587.1,-24.6,-24.6
98.75,3585.9,-24.6,-24.6
98.80,3584.6,-24.6,-24.6
98.85,3583.4,-24.6,-24.6
98.90,3582.2,-24.6,-24.6
98.95,3580.9,-24.6,-24.6
99.00,3579.7,-24.6,-24.6
99.05,3578.5,-24.6,-24.6
99.10,3577.3,-24.6,-24.6
99.15,3576.0,-24.6,-24.6
99.20,3574.8,-24.6,-24.6
99.25,3573.6,-24.6,-24.6
99.30,3572.3,-24.6,-24.6
99.35,3571.1,-24.6,-24.6
99.40,3569.9,-24.6,-24.6
99.45,3568.6,-24.6,-24.6
99.50,3567.4,-24.6,-24.6
99.55,3566.2,-24.6,-24.6
99.60,3565.0,-24.6,-24.6
99.65,3563.7,-24.6,-24.6
99.70,3562.5,-24.6,-24.6
99.75,3561.3,-24.6,-24.6
99.80,3560.0,-24.6,-24.6
99.85,3558.8,-24.6,-24.6
99.90,3557.6,-24.6,-24.6
99.95,3556.3,-24.6,-24.6
100.00,3555.1,-24.6,-24.6
100.05,3553.9,-24.6,-24.6
100.10,3552.7,-24.6,-24.6
100.15,3551.4,-24.6,-24.6
100.20,3550.2,-24.6,-24.6
100.25,3549.0,-24.6,-24.6
100.30,3547.7,-24.6,-24.6
100.35,3546.5,-24.6,-24.6
100.40,3545.3,-24.6,-24.6
100.45,3544.0,-24.6,-24.6
100.50,3542.8,-24.6,-24.6
100.55,3541.6,-24.6,-24.6
100.60,3540.4,-24.6,-24.6
100.65,3539.1,-24.6,-24.6
100.70,3537.9,-24.6,-24.6
100.75,3536.6,-24.6,-24.6
100.80,3535.4,-24.6,-24.6
100.85,3534.2,-24.6,-24.6
100.90,3533.0,-24.6,-24.6
100.95,3531.7,-24.6,-24.6
101.00,3530.5,-24.6,-24.6
101.05,3529.3,-24.6,-24.6
101.10,3528.1,-24.6,-24.6
101.15,3526.8,-24.6,-24.6
101.20,3525.6,-24.6,-24.6
101.25,3524.3,-24.6,-24.6
101.30,3523.1,-24.6,-24.6
101.35,3521.9,-24.6,-24.6
101.40,3520.7,-24.6,-24.6
101.45,3519.4,-24.6,-24.6
101.50,3518.2,-24.6,-24.6
101.55,3517.0,-24.6,-24.6
101.60,3515.7,-24.6,-24.6
101.65,3514.5,-24.6,-24.6
101.70,3513.3,-24.6,-24.6
101.75,3512.0,-24.6,-24.6
101.80,3510.8,-24.6,-24.6
101.85,3509.6,-24.6,-24.6
101.90,3508.4,-24.6,-24.6
101.95,3507.1,-24.6,-24.6
102.00,3505.9,-24.6,-24.6
102.05,3504.7,-24.6,-24.6
102.10,3503.4,-24.6,-24.6
102.15,3502.2,-24.6,-24.6
102.20,3501.0,-24.6,-24.6
102.25,3499.7,-24.6,-24.6
102.30,3498.5,-24.6,-24.6
102.35,3497.3,-24.6,-24.6
102.40,3496.1,-24.6,-24.6
102.45,3494.8,-24.6,-24.6
102.50,3493.6,-24.6,-24.6
102.55,3492.4,-24.6,-24.6
102.60,3491.1,-24.6,-24.6
102.65,3489.9,-24.6,-24.6
102.70,3488.7,-24.6,-24.6
102.75,3487.4,-24.6,-24.6
102.80,3486.2,-24.6,-24.6
102.85,3485.0,-24.6,-24.6
102.90,3483.8,-24.6,-24.6
102.95,3482.5,-24.6,-24.6
103.00,3481.3,-24.6,-24.6
103.05,3480.1,-24.6,-24.6
103.10,3478.8,-24.6,-24.6
103.15,3477.6,-24.6,-24.6
103.20,3476.4,-24.6,-24.6
103.25,3475.1,-24.6,-24.6
103.30,3473.9,-24.6,-24.6
103.35,3472.7,-24.6,-24.6
103.40,3471.5,-24.6,-24.6
103.45,3470.2,-24.6,-24.6
103.50,3469.0,-24.6,-24.6
103.55,3467.7,-24.6,-24.6
103.60,3466.5,-24.6,-24.6
103.65,3465.3,-24.6,-24.6
103.70,3464.1,-24.6,-24.6
103.75,3462.8,-24.6,-24.6
103.80,3461.6,-24.6,-24.6
103.85,3460.4,-24.6,-24.6
103.90,3459.2,-24.6,-24.6
103.95,3457.9,-24.6,-24.6
104.00,3456.7,-24.6,-24.6
104.05,3455.4,-24.6,-24.6
104.10,3454.2,-24.6,-24.6
104.15,3453.0,-24.6,-24.6
104.20,3451.8,-24.6,-24.6
104.25,3450.5,-24.6,-24.6
104.30,3449.3,-24.6,-24.6
104.35,3448.1,-24.6,-24.6
104.40,3446.9,-24.6,-24.6
104.45,3445.6,-24.6,-24.6
104.50,3444.4,-24.6,-24.6
104.55,3443.1,-24.6,-24.6
104.60,3441.9,-24.6,-24.6
104.65,3440.7,-24.6,-24.6
104.70,3439.5,-24.6,-24.6
104.75,3438.2,-24.6,-24.6
104.80,3437.0,-24.6,-24.6
104.85,3435.8,-24.6,-24.6
104.90,3434.5,-24.6,-24.6
104.95,3433.3,-24.6,-24.6
105.00,3432.1,-24.6,-24.6
105.05,3430.8,-24.6,-24.6
105.10,3429.6,-24.6,-24.6
105.15,3428.4,-24.6,-24.6
105.20,3427.2,-24.6,-24.6
105.25,3425.9,-24.6,-24.6
105.30,3424.7,-24.6,-24.6
105.35,3423.5,-24.6,-24.6
105.40,3422.2,-24.6,-24.6
105.45,3421.0,-24.6,-24.6
105.50,3419.8,-24.6,-24.6
105.55,3418.5,-24.6,-24.6
105.60,3417.3,-24.6,-24.6
105.65,3416.1,-24.6,-24.6
105.70,3414.9,-24.6,-24.6
105.75,3413.6,-24.6,-24.6
105.80,3412.4,-24.6,-24.6
105.85,3411.2,-24.6,-24.6
105.90,3409.9,-24.6,-24.6
105.95,3408.7,-24.6,-24.6
106.00,3407.5,-24.6,-24.6
106.05,3406.2,-24.6,-24.6
106.10,3405.0,-24.6,-24.6
106.15,3403.8,-24.6,-24.6
106.20,3402.6,-24.6,-24.6
106.25,3401.3,-24.6,-24.6
106.30,3400.1,-24.6,-24.6
106.35,3398.9,-24.6,-24.6
106.40,3397.6,-24.6,-24.6
106.45,3396.4,-24.6,-24.6
106.50,3395.2,-24.6,-24.6
106.55,3393.9,-24.6,-24.6
106.60,3392.7,-24.6,-24.6
106.65,3391.5,-24.6,-24.6
106.70,3390.3,-24.6,-24.6
106.75,3389.0,-24.6,-24.6
106.80,3387.8,-24.6,-24.6
106.85,3386.5,-24.6,-24.6
106.90,3385.3,-24.6,-24.6
106.95,3384.1,-24.6,-24.6
107.00,3382.9,-24.6,-24.6
107.05,3381.6,-24.6,-24.6
107.10,3380.4,-24.6,-24.6
107.15,3379.2,-24.6,-24.6
107.20,3378.0,-24.6,-24.6
107.25,3376.7,-24.6,-24.6
107.30,3375.5,-24.6,-24.6
107.35,3374.2,-24.6,-24.6
107.40,3373.0,-24.6,-24.6
107.45,3371.8,-24.6,-24.6
107.50,3370.6,-24.6,-24.6
107.55,3369.3,-24.6,-24.6
107.60,3368.1,-24.6,-24.6
107.65,3366.9,-24.6,-24.6
107.70,3365.6,-24.6,-24.6
107.75,3364.4,-24.6,-24.6
107.80,3363.2,-24.6,-24.6
107.85,3361.9,-24.6,-24.6
107.90,3360.7,-24.6,-24.6
107.95,3359.5,-24.6,-24.6
108.00,3358.3,-24.6,-24.6
108.05,3357.0,-24.6,-24.6
108.10,3355.8,-24.6,-24.6
108.15,3354.6,-24.6,-24.6
108.20,3353.3,-24.6,-24.6
108.25,3352.1,-24.6,-24.6
108.30,3350.9,-24.6,-24.6
108.35,3349.6,-24.6,-24.6
108.40,3348.4,-24.6,-24.6
108.45,3347.2,-24.6,-24.6
108.50,3346.0,-24.6,-24.6
108.55,3344.7,-24.6,-24.6
108.60,3343.5,-24.6,-24.6
108.65,3342.3,-24.6,-24.6
108.70,3341.0,-24.6,-24.6
108.75,3339.8,-24.6,-24.6
108.80,3338.6,-24.6,-24.6
108.85,3337.3,-24.6,-24.6
108.90,3336.1,-24.6,-24.6
108.95,3334.9,-24.6,-24.6
109.00,3333.7,-24.6,-24.6
109.05,3332.4,-24.6,-24.6
109.10,3331.2,-24.6,-24.6
109.15,3330.0,-24.6,-24.6
109.20,3328.7,-24.6,-24.6
109.25,3327.5,-24.6,-24.6
109.30,3326.3,-24.6,-24.6
109.35,3325.0,-24.6,-24.6
109.40,3323.8,-24.6,-24.6
109.45,3322.6,-24.6,-24.6
109.50,3321.4,-24.6,-24.6
109.55,3320.1,-24.6,-24.6
109.60,3318.9,-24.6,-24.6
109.65,3317.7,-24.6,-24.6
109.70,3316.4,-24.6,-24.6
109.75,3315.2,-24.6,-24.6
109.80,3314.0,-24.6,-24.6
109.85,3312.7,-24.6,-24.6
109.90,3311.5,-24.6,-24.6
109.95,3310.3,-24.6,-24.6
110.00,3309.1,-24.6,-24.6
110.05,3307.8,-24.6,-24.6
110.10,3306.6,-24.6,-24.6
110.15,3305.3,-24.6,-24.6
110.20,3304.1,-24.6,-24.6
110.25,3302.9,-24.6,-24.6
110.30,3301.7,-24.6,-24.6
110.35,3300.4,-24.6,-24.6
110.40,3299.2,-24.6,-24.6
110.45,3298.0,-24.6,-24.6
110.50,3296.8,-24.6,-24.6
110.55,3295.5,-24.6,-24.6
110.60,3294.3,-24.6,-24.6
110.65,3293.0,-24.6,-24.6
110.70,3291.8,-24.6,-24.6
110.75,3290.6,-24.6,-24.6
110.80,3289.4,-24.6,-24.6
110.85,3288.1,-24.6,-24.6
110.90,3286.9,-24.6,-24.6
110.95,3285.7,-24.6,-24.6
111.00,3284.4,-24.6,-24.6
111.05,3283.2,-24.6,-24.6
111.10,3282.0,-24.6,-24.6
111.15,3280.7,-24.6,-24.6
111.20,3279.5,-24.6,-24.6
111.25,3278.3,-24.6,-24.6
111.30,3277.1,-24.6,-24.6
111.35,3275.8,-24.6,-24.6
111.40,3274.6,-24.6,-24.6
111.45,3273.4,-24.6,-24.6
111.50,3272.1,-24.6,-24.6
111.55,3270.9,-24.6,-24.6
111.60,3269.7,-24.6,-24.6
111.65,3268.4,-24.6,-24.6
111.70,3267.2,-24.6,-24.6
111.75,3266.0,-24.6,-24.6
111.80,3264.8,-24.6,-24.6
111.85,3263.5,-24.6,-24.6
111.90,3262.3,-24.6,-24.6
111.95,3261.1,-24.6,-24.6
112.00,3259.8,-24.6,-24.6
112.05,3258.6,-24.6,-24.6
112.10,3257.4,-24.6,-24.6
112.15,3256.1,-24.6,-24.6
112.20,3254.9,-24.6,-24.6
112.25,3253.7,-24.6,-24.6
112.30,3252.5,-24.6,-24.6
112.35,3251.2,-24.6,-24.6
112.40,3250.0,-24.6,-24.6
112.45,3248.8,-24.6,-24.6
112.50,3247.5,-24.6,-24.6
112.55,3246.3,-24.6,-24.6
112.60,3245.1,-24.6,-24.6
112.65,3243.8,-24.6,-24.6
112.70,3242.6,-24.6,-24.6
112.75,3241.4,-24.6,-24.6
112.80,3240.2,-24.6,-24.6
112.85,3238.9,-24.6,-24.6
112.90,3237.7,-24.6,-24.6
112.95,3236.5,-24.6,-24.6
113.00,3235.2,-24.6,-24.6
113.05,3234.0,-24.6,-24.6
113.10,3232.8,-24.6,-24.6
113.15,3231.5,-24.6,-24.6
113.20,3230.3,-24.6,-24.6
113.25,3229.1,-24.6,-24.6
113.30,3227.9,-24.6,-24.6
113.35,3226.6,-24.6,-24.6
113.40,3225.4,-24.6,-24.6
113.45,3224.1,-24.6,-24.6
113.50,3222.9,-24.6,-24.6
113.55,3221.7,-24.6,-24.6
113.60,3220.5,-24.6,-24.6
113.65,3219.2,-24.6,-24.6
113.70,3218.0,-24.6,-24.6
113.75,3216.8,-24.6,-24.6
113.80,3215.6,-24.6,-24.6
113.85,3214.3,-24.6,-24.6
113.90,3213.1,-24.6,-24.6
113.95,3211.8,-24.6,-24.6
114.00,3210.6,-24.6,-24.6
114.05,3209.4,-24.6,-24.6
114.10,3208.2,-24.6,-24.6
114.15,3206.9,-24.6,-24.6
114.20,3205.7,-24.6,-24.6
114.25,3204.5,-24.6,-24.6
114.30,3203.2,-24.6,-24.6
114.35,3202.0,-24.6,-24.6
114.40,3200.8,-24.6,-24.6
114.45,3199.5,-24.6,-24.6
114.50,3198.3,-24.6,-24.6
114.55,3197.1,-24.6,-24.6
114.60,3195.9,-24.6,-24.6
114.65,3194.6,-24.6,-24.6
114.70,3193.4,-24.6,-24.6
114.75,3192.2,-24.6,-24.6
114.80,3190.9,-24.6,-24.6
114.85,3189.7,-24.6,-24.6
114.90,3188.5,-24.6,-24.6
114.95,3187.2,-24.6,-24.6
115.00,3186.0,-24.6,-24.6
115.05,3184.8,-24.6,-24.6
115.10,3183.6,-24.6,-24.6
115.15,3182.3,-24.6,-24.6
115.20,3181.1,-24.6,-24.6
115.25,3179.9,-24.6,-24.6
115.30,3178.6,-24.6,-24.6
115.35,3177.4,-24.6,-24.6
115.40,3176.2,-24.6,-24.6
115.45,3174.9,-24.6,-24.6
115.50,3173.7,-24.6,-24.6
115.55,3172.5,-24.6,-24.6
115.60,3171.3,-24.6,-24.6
115.65,3170.0,-24.6,-24.6
115.70,3168.8,-24.6,-24.6
115.75,3167.6,-24.6,-24.6
115.80,3166.3,-24.6,-24.6
115.85,3165.1,-24.6,-24.6
115.90,3163.9,-24.6,-24.6
115.95,3162.6,-24.6,-24.6
116.00,3161.4,-24.6,-24.6
116.05,3160.2,-24.6,-24.6
116.10,3159.0,-24.6,-24.6
116.15,3157.7,-24.6,-24.6
116.20,3156.5,-24.6,-24.6
116.25,3155.2,-24.6,-24.6
116.30,3154.0,-24.6,-24.6
116.35,3152.8,-24.6,-24.6
116.40,3151.6,-24.6,-24.6
116.45,3150.3,-24.6,-24.6
116.50,3149.1,-24.6,-24.6
116.55,3147.9,-24.6,-24.6
116.60,3146.7,-24.6,-24.6
116.65,3145.4,-24.6,-24.6
116.70,3144.2,-24.6,-24.6
116.75,3142.9,-24.6,-24.6
116.80,3141.7,-24.6,-24.6
116.85,3140.5,-24.6,-24.6
116.90,3139.3,-24.6,-24.6
116.95,3138.0,-24.6,-24.6
117.00,3136.8,-24.6,-24.6
117.05,3135.6,-24.6,-24.6
117.10,3134.4,-24.6,-24.6
117.15,3133.1,-24.6,-24.6
117.20,3131.9,-24.6,-24.6
117.25,3130.6,-24.6,-24.6
117.30,3129.4,-24.6,-24.6
117.35,3128.2,-24.6,-24.6
117.40,3127.0,-24.6,-24.6
117.45,3125.7,-24.6,-24.6
117.50,3124.5,-24.6,-24.6
117.55,3123.3,-24.6,-24.6
117.60,3122.0,-24.6,-24.6
117.65,3120.8,-24.6,-24.6
117.70,3119.6,-24.6,-24.6
117.75,3118.3,-24.6,-24.6
117.80,3117.1,-24.6,-24.6
117.85,3115.9,-24.6,-24.6
117.90,3114.7,-24.6,-24.6
117.95,3113.4,-24.6,-24.6
118.00,3112.2,-24.6,-24.6
118.05,3111.0,-24.6,-24.6
118.10,3109.7,-24.6,-24.6
118.15,3108.5,-24.6,-24.6
118.20,3107.3,-24.6,-24.6
118.25,3106.0,-24.6,-24.6
118.30,3104.8,-24.6,-24.6
118.35,3103.6,-24.6,-24.6
118.40,3102.4,-24.6,-24.6
118.45,3101.1,-24.6,-24.6
118.50,3099.9,-24.6,-24.6
118.55,3098.7,-24.6,-24.6
118.60,3097.4,-24.6,-24.6
118.65,3096.2,-24.6,-24.6
118.70,3095.0,-24.6,-24.6
118.75,3093.7,-24.6,-24.6
118.80,3092.5,-24.6,-24.6
118.85,3091.3,-24.6,-24.6
118.90,3090.1,-24.6,-24.6
118.95,3088.8,-24.6,-24.6
119.00,3087.6,-24.6,-24.6
119.05,3086.4,-24.6,-24.6
119.10,3085.1,-24.6,-24.6
119.15,3083.9,-24.6,-24.6
119.20,3082.7,-24.6,-24.6
119.25,3081.4,-24.6,-24.6
119.30,3080.2,-24.6,-24.6
119.35,3079.0,-24.6,-24.6
119.40,3077.8,-24.6,-24.6
119.45,3076.5,-24.6,-24.6
119.50,3075.3,-24.6,-24.6
119.55,3074.0,-24.6,-24.6
119.60,3072.8,-24.6,-24.6
119.65,3071.6,-24.6,-24.6
119.70,3070.4,-24.6,-24.6
119.75,3069.1,-24.6,-24.6
119.80,3067.9,-24.6,-24.6
119.85,3066.7,-24.6,-24.6
119.90,3065.5,-24.6,-24.6
119.95,3064.2,-24.6,-24.6
120.00,3063.0,-24.6,-24.6
120.05,3061.7,-24.6,-24.6
120.10,3060.5,-24.6,-24.6
120.15,3059.3,-24.6,-24.6
120.20,3058.1,-24.6,-24.6
120.25,3056.8,-24.6,-24.6
120.30,3055.6,-24.6,-24.6
120.35,3054.4,-24.6,-24.6
120.40,3053.1,-24.6,-24.6
120.45,3051.9,-24.6,-24.6
120.50,3050.7,-24.6,-24.6
120.55,3049.4,-24.6,-24.6
120.60,3048.2,-24.6,-24.6
120.65,3047.0,-24.6,-24.6
120.70,3045.8,-24.6,-24.6
120.75,3044.5,-24.6,-24.6
120.80,3043.3,-24.6,-24.6
120.85,3042.1,-24.6,-24.6
120.90,3040.8,-24.6,-24.6
120.95,3039.6,-24.6,-24.6
121.00,3038.4,-24.6,-24.6
121.05,3037.1,-24.6,-24.6
121.10,3035.9,-24.6,-24.6
121.15,3034.7,-24.6,-24.6
121.20,3033.5,-24.6,-24.6
121.25,3032.2,-24.6,-24.6
121.30,3031.0,-24.6,-24.6
121.35,3029.8,-24.6,-24.6
121.40,3028.5,-24.6,-24.6
121.45,3027.3,-24.6,-24.6
121.50,3026.1,-24.6,-24.6
121.55,3024.8,-24.6,-24.6
121.60,3023.6,-24.6,-24.6
121.65,3022.4,-24.6,-24.6
121.70,3021.2,-24.6,-24.6
121.75,3019.9,-24.6,-24.6
121.80,3018.7,-24.6,-24.6
121.85,3017.5,-24.6,-24.6
121.90,3016.2,-24.6,-24.6
121.95,3015.0,-24.6,-24.6
122.00,3013.8,-24.6,-24.6
122.05,3012.5,-24.6,-24.6
122.10,3011.3,-24.6,-24.6
122.15,3010.1,-24.6,-24.6
122.20,3008.9,-24.6,-24.6
122.25,3007.6,-24.6,-24.6
122.30,3006.4,-24.6,-24.6
122.35,3005.2,-24.6,-24.6
122.40,3003.9,-24.6,-24.6
122.45,3002.7,-24.6,-24.6
122.50,3001.5,-24.6,-24.6
122.55,3000.2,-24.6,-24.6
122.60,2999.0,-24.6,-24.6
122.65,2997.8,-24.6,-24.6
122.70,2996.6,-24.6,-24.6
122.75,2995.3,-24.6,-24.6
122.80,2994.1,-24.6,-24.6
122.85,2992.8,-24.6,-24.6
122.90,2991.6,-24.6,-24.6
122.95,2990.4,-24.6,-24.6
123.00,2989.2,-24.6,-24.6
123.05,2987.9,-24.6,-24.6
123.10,2986.7,-24.6,-24.6
123.15,2985.5,-24.6,-24.6
123.20,2984.3,-24.6,-24.6
123.25,2983.0,-24.6,-24.6
123.30,2981.8,-24.6,-24.6
123.35,2980.5,-24.6,-24.6
123.40,2979.3,-24.6,-24.6
123.45,2978.1,-24.6,-24.6
123.50,2976.9,-24.6,-24.6
123.55,2975.6,-24.6,-24.6
123.60,2974.4,-24.6,-24.6
123.65,2973.2,-24.6,-24.6
123.70,2971.9,-24.6,-24.6
123.75,2970.7,-24.6,-24.6
123.80,2969.5,-24.6,-24.6
123.85,2968.2,-24.6,-24.6
123.90,2967.0,-24.6,-24.6
123.95,2965.8,-24.6,-24.6
124.00,2964.6,-24.6,-24.6
124.05,2963.3,-24.6,-24.6
124.10,2962.1,-24.6,-24.6
124.15,2960.9,-24.6,-24.6
124.20,2959.6,-24.6,-24.6
124.25,2958.4,-24.6,-24.6
124.30,2957.2,-24.6,-24.6
124.35,2955.9,-24.6,-24.6
124.40,2954.7,-24.6,-24.6
124.45,2953.5,-24.6,-24.6
124.50,2952.3,-24.6,-24.6
124.55,2951.0,-24.6,-24.6
124.60,2949.8,-24.6,-24.6
124.65,2948.6,-24.6,-24.6
124.70,2947.3,-24.6,-24.6
124.75,2946.1,-24.6,-24.6
124.80,2944.9,-24.6,-24.6
124.85,2943.6,-24.6,-24.6
124.90,2942.4,-24.6,-24.6
124.95,2941.2,-24.6,-24.6
125.00,2940.0,-24.6,-24.6
125.05,2938.7,-24.6,-24.6
125.10,2937.5,-24.6,-24.6
125.15,2936.3,-24.6,-24.6
125.20,2935.0,-24.6,-24.6
125.25,2933.8,-24.6,-24.6
125.30,2932.6,-24.6,-24.6
125.35,2931.3,-24.6,-24.6
125.40,2930.1,-24.6,-24.6
125.45,2928.9,-24.6,-24.6
125.50,2927.7,-24.6,-24.6
125.55,2926.4,-24.6,-24.6
125.60,2925.2,-24.6,-24.6
125.65,2924.0,-24.6,-24.6
125.70,2922.7,-24.6,-24.6
125.75,2921.5,-24.6,-24.6
125.80,2920.3,-24.6,-24.6
125.85,2919.0,-24.6,-24.6
125.90,2917.8,-24.6,-24.6
125.95,2916.6,-24.6,-24.6
126.00,2915.4,-24.6,-24.6
126.05,2914.1,-24.6,-24.6
126.10,2912.9,-24.6,-24.6
126.15,2911.6,-24.6,-24.6
126.20,2910.4,-24.6,-24.6
126.25,2909.2,-24.6,-24.6
126.30,2908.0,-24.6,-24.6
126.35,2906.7,-24.6,-24.6
126.40,2905.5,-24.6,-24.6
126.45,2904.3,-24.6,-24.6
126.50,2903.1,-24.6,-24.6
126.55,2901.8,-24.6,-24.6
126.60,2900.6,-24.6,-24.6
126.65,2899.3,-24.6,-24.6
126.70,2898.1,-24.6,-24.6
126.75,2896.9,-24.6,-24.6
126.80,2895.7,-24.6,-24.6
126.85,2894.4,-24.6,-24.6
126.90,2893.2,-24.6,-24.6
126.95,2892.0,-24.6,-24.6
127.00,2890.7,-24.6,-24.6
127.05,2889.5,-24.6,-24.6
127.10,2888.3,-24.6,-24.6
127.15,2887.0,-24.6,-24.6
127.20,2885.8,-24.6,-24.6
127.25,2884.6,-24.6,-24.6
127.30,2883.4,-24.6,-24.6
127.35,2882.1,-24.6,-24.6
127.40,2880.9,-24.6,-24.6
127.45,2879.7,-24.6,-24.6
127.50,2878.4,-24.6,-24.6
127.55,2877.2,-24.6,-24.6
127.60,2876.0,-24.6,-24.6
127.65,2874.7,-24.6,-24.6
127.70,2873.5,-24.6,-24.6
127.75,2872.3,-24.6,-24.6
127.80,2871.1,-24.6,-24.6
127.85,2869.8,-24.6,-24.6
127.90,2868.6,-24.6,-24.6
127.95,2867.4,-24.6,-24.6
128.00,2866.1,-24.6,-24.6
128.05,2864.9,-24.6,-24.6
128.10,2863.7,-24.6,-24.6
128.15,2862.4,-24.6,-24.6
128.20,2861.2,-24.6,-24.6
128.25,2860.0,-24.6,-24.6
128.30,2858.8,-24.6,-24.6
128.35,2857.5,-24.6,-24.6
128.40,2856.3,-24.6,-24.6
128.45,2855.1,-24.6,-24.6
128.50,2853.8,-24.6,-24.6
128.55,2852.6,-24.6,-24.6
128.60,2851.4,-24.6,-24.6
128.65,2850.1,-24.6,-24.6
128.70,2848.9,-24.6,-24.6
128.75,2847.7,-24.6,-24.6
128.80,2846.5,-24.6,-24.6
128.85,2845.2,-24.6,-24.6
128.90,2844.0,-24.6,-24.6
128.95,2842.7,-24.6,-24.6
129.00,2841.5,-24.6,-24.6
129.05,2840.3,-24.6,-24.6
129.10,2839.1,-24.6,-24.6
129.15,2837.8,-24.6,-24.6
129.20,2836.6,-24.6,-24.6
129.25,2835.4,-24.6,-24.6
129.30,2834.2,-24.6,-24.6
129.35,2832.9,-24.6,-24.6
129.40,2831.7,-24.6,-24.6
129.45,2830.4,-24.6,-24.6
129.50,2829.2,-24.6,-24.6
129.55,2828.0,-24.6,-24.6
129.60,2826.8,-24.6,-24.6
129.65,2825.5,-24.6,-24.6
129.70,2824.3,-24.6,-24.6
129.75,2823.1,-24.6,-24.6
129.80,2821.9,-24.6,-24.6
129.85,2820.6,-24.6,-24.6
129.90,2819.4,-24.6,-24.6
129.95,2818.1,-24.6,-24.6
130.00,2816.9,-24.6,-24.6
130.05,2815.7,-24.6,-24.6
130.10,2814.5,-24.6,-24.6
130.15,2813.2,-24.6,-24.6
130.20,2812.0,-24.6,-24.6
130.25,2810.8,-24.6,-24.6
130.30,2809.5,-24.6,-24.6
130.35,2808.3,-24.6,-24.6
130.40,2807.1,-24.6,-24.6
130.45,2805.8,-24.6,-24.6
130.50,2804.6,-24.6,-24.6
130.55,2803.4,-24.6,-24.6
130.60,2802.2,-24.6,-24.6
130.65,2800.9,-24.6,-24.6
130.70,2799.7,-24.6,-24.6
130.75,2798.5,-24.6,-24.6
130.80,2797.2,-24.6,-24.6
130.85,2796.0,-24.6,-24.6
130.90,2794.8,-24.6,-24.6
130.95,2793.5,-24.6,-24.6
131.00,2792.3,-24.6,-24.6
131.05,2791.1,-24.6,-24.6
131.10,2789.9,-24.6,-24.6
131.15,2788.6,-24.6,-24.6
131.20,2787.4,-24.6,-24.6
131.25,2786.2,-24.6,-24.6
131.30,2784.9,-24.6,-24.6
131.35,2783.7,-24.6,-24.6
131.40,2782.5,-24.6,-24.6
131.45,2781.2,-24.6,-24.6
131.50,2780.0,-24.6,-24.6
131.55,2778.8,-24.6,-24.6
131.60,2777.6,-24.6,-24.6
131.65,2776.3,-24.6,-24.6
131.70,2775.1,-24.6,-24.6
131.75,2773.9,-24.6,-24.6
131.80,2772.6,-24.6,-24.6
131.85,2771.4,-24.6,-24.6
131.90,2770.2,-24.6,-24.6
131.95,2768.9,-24.6,-24.6
132.00,2767.7,-24.6,-24.6
132.05,2766.5,-24.6,-24.6
132.10,2765.3,-24.6,-24.6
132.15,2764.0,-24.6,-24.6
132.20,2762.8,-24.6,-24.6
132.25,2761.5,-24.6,-24.6
132.30,2760.3,-24.6,-24.6
132.35,2759.1,-24.6,-24.6
132.40,2757.9,-24.6,-24.6
132.45,2756.6,-24.6,-24.6
132.50,2755.4,-24.6,-24.6
132.55,2754.2,-24.6,-24.6
132.60,2753.0,-24.6,-24.6
132.65,2751.7,-24.6,-24.6
132.70,2750.5,-24.6,-24.6
132.75,2749.2,-24.6,-24.6
132.80,2748.0,-24.6,-24.6
132.85,2746.8,-24.6,-24.6
132.90,2745.6,-24.6,-24.6
132.95,2744.3,-24.6,-24.6
133.00,2743.1,-24.6,-24.6
133.05,2741.9,-24.6,-24.6
133.10,2740.6,-24.6,-24.6
133.15,2739.4,-24.6,-24.6
133.20,2738.2,-24.6,-24.6
133.25,2736.9,-24.6,-24.6
133.30,2735.7,-24.6,-24.6
133.35,2734.5,-24.6,-24.6
133.40,2733.3,-24.6,-24.6
133.45,2732.0,-24.6,-24.6
133.50,2730.8,-24.6,-24.6
133.55,2729.6,-24.6,-24.6
133.60,2728.3,-24.6,-24.6
133.65,2727.1,-24.6,-24.6
133.70,2725.9,-24.6,-24.6
133.75,2724.6,-24.6,-24.6
133.80,2723.4,-24.6,-24.6
133.85,2722.2,-24.6,-24.6
133.90,2721.0,-24.6,-24.6
133.95,2719.7,-24.6,-24.6
134.00,2718.5,-24.6,-24.6
134.05,2717.3,-24.6,-24.6
134.10,2716.0,-24.6,-24.6
134.15,2714.8,-24.6,-24.6
134.20,2713.6,-24.6,-24.6
134.25,2712.3,-24.6,-24.6
134.30,2711.1,-24.6,-24.6
134.35,2709.9,-24.6,-24.6
134.40,2708.7,-24.6,-24.6
134.45,2707.4,-24.6,-24.6
134.50,2706.2,-24.6,-24.6
134.55,2705.0,-24.6,-24.6
134.60,2703.7,-24.6,-24.6
134.65,2702.5,-24.6,-24.6
134.70,2701.3,-24.6,-24.6
134.75,2700.0,-24.6,-24.6
134.80,2698.8,-24.6,-24.6
134.85,2697.6,-24.6,-24.6
134.90,2696.4,-24.6,-24.6
134.95,2695.1,-24.6,-24.6
135.00,2693.9,-24.6,-24.6
135.05,2692.7,-24.6,-24.6
135.10,2691.4,-24.6,-24.6
135.15,2690.2,-24.6,-24.6
135.20,2689.0,-24.6,-24.6
135.25,2687.7,-24.6,-24.6
135.30,2686.5,-24.6,-24.6
135.35,2685.3,-24.6,-24.6
135.40,2684.1,-24.6,-24.6
135.45,2682.8,-24.6,-24.6
135.50,2681.6,-24.6,-24.6
135.55,2680.3,-24.6,-24.6
135.60,2679.1,-24.6,-24.6
135.65,2677.9,-24.6,-24.6
135.70,2676.7,-24.6,-24.6
135.75,2675.4,-24.6,-24.6
135.80,2674.2,-24.6,-24.6
135.85,2673.0,-24.6,-24.6
135.90,2671.8,-24.6,-24.6
135.95,2670.5,-24.6,-24.6
136.00,2669.3,-24.6,-24.6
136.05,2668.0,-24.6,-24.6
136.10,2666.8,-24.6,-24.6
136.15,2665.6,-24.6,-24.6
136.20,2664.4,-24.6,-24.6
136.25,2663.1,-24.6,-24.6
136.30,2661.9,-24.6,-24.6
136.35,2660.7,-24.6,-24.6
136.40,2659.4,-24.6,-24.6
136.45,2658.2,-24.6,-24.6
136.50,2657.0,-24.6,-24.6
136.55,2655.7,-24.6,-24.6
136.60,2654.5,-24.6,-24.6
136.65,2653.3,-24.6,-24.6
136.70,2652.1,-24.6,-24.6
136.75,2650.8,-24.6,-24.6
136.80,2649.6,-24.6,-24.6
136.85,2648.4,-24.6,-24.6
136.90,2647.1,-24.6,-24.6
136.95,2645.9,-24.6,-24.6
137.00,2644.7,-24.6,-24.6
137.05,2643.4,-24.6,-24.6
137.10,2642.2,-24.6,-24.6
137.15,2641.0,-24.6,-24.6
137.20,2639.8,-24.6,-24.6
137.25,2638.5,-24.6,-24.6
137.30,2637.3,-24.6,-24.6
137.35,2636.1,-24.6,-24.6
137.40,2634.8,-24.6,-24.6
137.45,2633.6,-24.6,-24.6
137.50,2632.4,-24.6,-24.6
137.55,2631.1,-24.6,-24.6
137.60,2629.9,-24.6,-24.6
137.65,2628.7,-24.6,-24.6
137.70,2627.5,-24.6,-24.6
137.75,2626.2,-24.6,-24.6
137.80,2625.0,-24.6,-24.6
137.85,2623.8,-24.6,-24.6
137.90,2622.5,-24.6,-24.6
137.95,2621.3,-24.6,-24.6
138.00,2620.1,-24.6,-24.6
138.05,2618.8,-24.6,-24.6
138.10,2617.6,-24.6,-24.6
138.15,2616.4,-24.6,-24.6
138.20,2615.2,-24.6,-24.6
138.25,2613.9,-24.6,-24.6
138.30,2612.7,-24.6,-24.6
138.35,2611.5,-24.6,-24.6
138.40,2610.2,-24.6,-24.6
138.45,2609.0,-24.6,-24.6
138.50,2607.8,-24.6,-24.6
138.55,2606.5,-24.6,-24.6
138.60,2605.3,-24.6,-24.6
138.65,2604.1,-24.6,-24.6
138.70,2602.9,-24.6,-24.6
138.75,2601.6,-24.6,-24.6
138.80,2600.4,-24.6,-24.6
138.85,2599.1,-24.6,-24.6
138.90,2597.9,-24.6,-24.6
138.95,2596.7,-24.6,-24.6
139.00,2595.5,-24.6,-24.6
139.05,2594.2,-24.6,-24.6
139.10,2593.0,-24.6,-24.6
139.15,2591.8,-24.6,-24.6
139.20,2590.6,-24.6,-24.6
139.25,2589.3,-24.6,-24.6
139.30,2588.1,-24.6,-24.6
139.35,2586.8,-24.6,-24.6
139.40,2585.6,-24.6,-24.6
139.45,2584.4,-24.6,-24.6
139.50,2583.2,-24.6,-24.6
139.55,2581.9,-24.6,-24.6
139.60,2580.7,-24.6,-24.6
139.65,2579.5,-24.6,-24.6
139.70,2578.2,-24.6,-24.6
139.75,2577.0,-24.6,-24.6
139.80,2575.8,-24.6,-24.6
139.85,2574.5,-24.6,-24.6
139.90,2573.3,-24.6,-24.6
139.95,2572.1,-24.6,-24.6
140.00,2570.9,-24.6,-24.6
140.05,2569.6,-24.6,-24.6
140.10,2568.4,-24.6,-24.6
140.15,2567.2,-24.6,-24.6
140.20,2565.9,-24.6,-24.6
140.25,2564.7,-24.6,-24.6
140.30,2563.5,-24.6,-24.6
140.35,2562.2,-24.6,-24.6
140.40,2561.0,-24.6,-24.6
140.45,2559.8,-24.6,-24.6
140.50,2558.6,-24.6,-24.6
140.55,2557.3,-24.6,-24.6
140.60,2556.1,-24.6,-24.6
140.65,2554.9,-24.6,-24.6
140.70,2553.6,-24.6,-24.6
140.75,2552.4,-24.6,-24.6
140.80,2551.2,-24.6,-24.6
140.85,2549.9,-24.6,-24.6
140.90,2548.7,-24.6,-24.6
140.95,2547.5,-24.6,-24.6
141.00,2546.3,-24.6,-24.6
141.05,2545.0,-24.6,-24.6
141.10,2543.8,-24.6,-24.6
141.15,2542.6,-24.6,-24.6
141.20,2541.3,-24.6,-24.6
141.25,2540.1,-24.6,-24.6
141.30,2538.9,-24.6,-24.6
141.35,2537.6,-24.6,-24.6
141.40,2536.4,-24.6,-24.6
141.45,2535.2,-24.6,-24.6
141.50,2534.0,-24.6,-24.6
141.55,2532.7,-24.6,-24.6
141.60,2531.5,-24.6,-24.6
141.65,2530.2,-24.6,-24.6
141.70,2529.0,-24.6,-24.6
141.75,2527.8,-24.6,-24.6
141.80,2526.6,-24.6,-24.6
141.85,2525.3,-24.6,-24.6
141.90,2524.1,-24.6,-24.6
141.95,2522.9,-24.6,-24.6
142.00,2521.7,-24.6,-24.6
142.05,2520.4,-24.6,-24.6
142.10,2519.2,-24.6,-24.6
142.15,2517.9,-24.6,-24.6
142.20,2516.7,-24.6,-24.6
142.25,2515.5,-24.6,-24.6
142.30,2514.3,-24.6,-24.6
142.35,2513.0,-24.6,-24.6
142.40,2511.8,-24.6,-24.6
142.45,2510.6,-24.6,-24.6
142.50,2509.4,-24.6,-24.6
142.55,2508.1,-24.6,-24.6
142.60,2506.9,-24.6,-24.6
142.65,2505.6,-24.6,-24.6
142.70,2504.4,-24.6,-24.6
142.75,2503.2,-24.6,-24.6
142.80,2502.0,-24.6,-24.6
142.85,2500.7,-24.6,-24.6
142.90,2499.5,-24.6,-24.6
142.95,2498.3,-24.6,-24.6
143.00,2497.0,-24.6,-24.6
143.05,2495.8,-24.6,-24.6
143.10,2494.6,-24.6,-24.6
143.15,2493.3,-24.6,-24.6
143.20,2492.1,-24.6,-24.6
143.25,2490.9,-24.6,-24.6
143.30,2489.7,-24.6,-24.6
143.35,2488.4,-24.6,-24.6
143.40,2487.2,-24.6,-24.6
143.45,2486.0,-24.6,-24.6
143.50,2484.7,-24.6,-24.6
143.55,2483.5,-24.6,-24.6
143.60,2482.3,-24.6,-24.6
143.65,2481.0,-24.6,-24.6
143.70,2479.8,-24.6,-24.6
143.75,2478.6,-24.6,-24.6
143.80,2477.4,-24.6,-24.6
143.85,2476.1,-24.6,-24.6
143.90,2474.9,-24.6,-24.6
143.95,2473.7,-24.6,-24.6
144.00,2472.4,-24.6,-24.6
144.05,2471.2,-24.6,-24.6
144.10,2470.0,-24.6,-24.6
144.15,2468.7,-24.6,-24.6
144.20,2467.5,-24.6,-24.6
144.25,2466.3,-24.6,-24.6
144.30,2465.1,-24.6,-24.6
144.35,2463.8,-24.6,-24.6
144.40,2462.6,-24.6,-24.6
144.45,2461.4,-24.6,-24.6
144.50,2460.1,-24.6,-24.6
144.55,2458.9,-24.6,-24.6
144.60,2457.7,-24.6,-24.6
144.65,2456.4,-24.6,-24.6
144.70,2455.2,-24.6,-24.6
144.75,2454.0,-24.6,-24.6
144.80,2452.8,-24.6,-24.6
144.85,2451.5,-24.6,-24.6
144.90,2450.3,-24.6,-24.6
144.95,2449.0,-24.6,-24.6
145.00,2447.8,-24.6,-24.6
145.05,2446.6,-24.6,-24.6
145.10,2445.4,-24.6,-24.6
145.15,2444.1,-24.6,-24.6
145.20,2442.9,-24.6,-24.6
145.25,2441.7,-24.6,-24.6
145.30,2440.5,-24.6,-24.6
145.35,2439.2,-24.6,-24.6
145.40,2438.0,-24.6,-24.6
145.45,2436.7,-24.6,-24.6
145.50,2435.5,-24.6,-24.6
145.55,2434.3,-24.6,-24.6
145.60,2433.1,-24.6,-24.6
145.65,2431.8,-24.6,-24.6
145.70,2430.6,-24.6,-24.6
145.75,2429.4,-24.6,-24.6
145.80,2428.1,-24.6,-24.6
145.85,2426.9,-24.6,-24.6
145.90,2425.7,-24.6,-24.6
145.95,2424.4,-24.6,-24.6
146.00,2423.2,-24.6,-24.6
146.05,2422.0,-24.6,-24.6
146.10,2420.8,-24.6,-24.6
146.15,2419.5,-24.6,-24.6
146.20,2418.3,-24.6,-24.6
146.25,2417.1,-24.6,-24.6
146.30,2415.8,-24.6,-24.6
146.35,2414.6,-24.6,-24.6
146.40,2413.4,-24.6,-24.6
146.45,2412.1,-24.6,-24.6
146.50,2410.9,-24.6,-24.6
146.55,2409.7,-24.6,-24.6
146.60,2408.5,-24.6,-24.6
146.65,2407.2,-24.6,-24.6
146.70,2406.0,-24.6,-24.6
146.75,2404.8,-24.6,-24.6
146.80,2403.5,-24.6,-24.6
146.85,2402.3,-24.6,-24.6
146.90,2401.1,-24.6,-24.6
146.95,2399.8,-24.6,-24.6
147.00,2398.6,-24.6,-24.6
147.05,2397.4,-24.6,-24.6
147.10,2396.2,-24.6,-24.6
147.15,2394.9,-24.6,-24.6
147.20,2393.7,-24.6,-24.6
147.25,2392.5,-24.6,-24.6
147.30,2391.2,-24.6,-24.6
147.35,2390.0,-24.6,-24.6
147.40,2388.8,-24.6,-24.6
147.45,2387.5,-24.6,-24.6
147.50,2386.3,-24.6,-24.6
147.55,2385.1,-24.6,-24.6
147.60,2383.9,-24.6,-24.6
147.65,2382.6,-24.6,-24.6
147.70,2381.4,-24.6,-24.6
147.75,2380.2,-24.6,-24.6
147.80,2378.9,-24.6,-24.6
147.85,2377.7,-24.6,-24.6
147.90,2376.5,-24.6,-24.6
147.95,2375.2,-24.6,-24.6
148.00,2374.0,-24.6,-24.6
148.05,2372.8,-24.6,-24.6
148.10,2371.6,-24.6,-24.6
148.15,2370.3,-24.6,-24.6
148.20,2369.1,-24.6,-24.6
148.25,2367.8,-24.6,-24.6
148.30,2366.6,-24.6,-24.6
148.35,2365.4,-24.6,-24.6
148.40,2364.2,-24.6,-24.6
148.45,2362.9,-24.6,-24.6
148.50,2361.7,-24.6,-24.6
148.55,2360.5,-24.6,-24.6
148.60,2359.3,-24.6,-24.6
148.65,2358.0,-24.6,-24.6
148.70,2356.8,-24.6,-24.6
148.75,2355.5,-24.6,-24.6
148.80,2354.3,-24.6,-24.6
148.85,2353.1,-24.6,-24.6
148.90,2351.9,-24.6,-24.6
148.95,2350.6,-24.6,-24.6
149.00,2349.4,-24.6,-24.6
149.05,2348.2,-24.6,-24.6
149.10,2346.9,-24.6,-24.6
149.15,2345.7,-24.6,-24.6
149.20,2344.5,-24.6,-24.6
149.25,2343.2,-24.6,-24.6
149.30,2342.0,-24.6,-24.6
149.35,2340.8,-24.6,-24.6
149.40,2339.6,-24.6,-24.6
149.45,2338.3,-24.6,-24.6
149.50,2337.1,-24.6,-24.6
149.55,2335.9,-24.6,-24.6
149.60,2334.6,-24.6,-24.6
149.65,2333.4,-24.6,-24.6
149.70,2332.2,-24.6,-24.6
149.75,2330.9,-24.6,-24.6
149.80,2329.7,-24.6,-24.6
149.85,2328.5,-24.6,-24.6
149.90,2327.3,-24.6,-24.6
149.95,2326.0,-24.6,-24.6
150.00,2324.8,-24.6,-24.6
150.05,2323.6,-24.6,-24.6
150.10,2322.3,-24.6,-24.6
150.15,2321.1,-24.6,-24.6
150.20,2319.9,-24.6,-24.6
150.25,2318.6,-24.6,-24.6
150.30,2317.4,-24.6,-24.6
150.35,2316.2,-24.6,-24.6
150.40,2315.0,-24.6,-24.6
150.45,2313.7,-24.6,-24.6
150.50,2312.5,-24.6,-24.6
150.55,2311.3,-24.6,-24.6
150.60,2310.0,-24.6,-24.6
150.65,2308.8,-24.6,-24.6
150.70,2307.6,-24.6,-24.6
150.75,2306.3,-24.6,-24.6
150.80,2305.1,-24.6,-24.6
150.85,2303.9,-24.6,-24.6
150.90,2302.7,-24.6,-24.6
150.95,2301.4,-24.6,-24.6
151.00,2300.2,-24.6,-24.6
151.05,2299.0,-24.6,-24.6
151.10,2297.7,-24.6,-24.6
151.15,2296.5,-24.6,-24.6
151.20,2295.3,-24.6,-24.6
151.25,2294.0,-24.6,-24.6
151.30,2292.8,-24.6,-24.6
151.35,2291.6,-24.6,-24.6
151.40,2290.4,-24.6,-24.6
151.45,2289.1,-24.6,-24.6
151.50,2287.9,-24.6,-24.6
151.55,2286.6,-24.6,-24.6
151.60,2285.4,-24.6,-24.6
151.65,2284.2,-24.6,-24.6
151.70,2283.0,-24.6,-24.6
151.75,2281.7,-24.6,-24.6
151.80,2280.5,-24.6,-24.6
151.85,2279.3,-24.6,-24.6
151.90,2278.1,-24.6,-24.6
151.95,2276.8,-24.6,-24.6
152.00,2275.6,-24.6,-24.6
152.05,2274.3,-24.6,-24.6
152.10,2273.1,-24.6,-24.6
152.15,2271.9,-24.6,-24.6
152.20,2270.7,-24.6,-24.6
152.25,2269.4,-24.6,-24.6
152.30,2268.2,-24.6,-24.6
152.35,2267.0,-24.6,-24.6
152.40,2265.7,-24.6,-24.6
152.45,2264.5,-24.6,-24.6
152.50,2263.3,-24.6,-24.6
152.55,2262.0,-24.6,-24.6
152.60,2260.8,-24.6,-24.6
152.65,2259.6,-24.6,-24.6
152.70,2258.4,-24.6,-24.6
152.75,2257.1,-24.6,-24.6
152.80,2255.9,-24.6,-24.6
152.85,2254.7,-24.6,-24.6
152.90,2253.4,-24.6,-24.6
152.95,2252.2,-24.6,-24.6
153.00,2251.0,-24.6,-24.6
153.05,2249.7,-24.6,-24.6
153.10,2248.5,-24.6,-24.6
153.15,2247.3,-24.6,-24.6
153.20,2246.1,-24.6,-24.6
153.25,2244.8,-24.6,-24.6
153.30,2243.6,-24.6,-24.6
153.35,2242.4,-24.6,-24.6
153.40,2241.1,-24.6,-24.6
153.45,2239.9,-24.6,-24.6
153.50,2238.7,-24.6,-24.6
153.55,2237.4,-24.6,-24.6
153.60,2236.2,-24.6,-24.6
153.65,2235.0,-24.6,-24.6
153.70,2233.8,-24.6,-24.6
153.75,2232.5,-24.6,-24.6
153.80,2231.3,-24.6,-24.6
153.85,2230.1,-24.6,-24.6
153.90,2228.8,-24.6,-24.6
153.95,2227.6,-24.6,-24.6
154.00,2226.4,-24.6,-24.6
154.05,2225.1,-24.6,-24.6
154.10,2223.9,-24.6,-24.6
154.15,2222.7,-24.6,-24.6
154.20,2221.5,-24.6,-24.6
154.25,2220.2,-24.6,-24.6
154.30,2219.0,-24.6,-24.6
154.35,2217.7,-24.6,-24.6
154.40,2216.5,-24.6,-24.6
154.45,2215.3,-24.6,-24.6
154.50,2214.1,-24.6,-24.6
154.55,2212.8,-24.6,-24.6
154.60,2211.6,-24.6,-24.6
154.65,2210.4,-24.6,-24.6
154.70,2209.2,-24.6,-24.6
154.75,2207.9,-24.6,-24.6
154.80,2206.7,-24.6,-24.6
154.85,2205.4,-24.6,-24.6
154.90,2204.2,-24.6,-24.6
154.95,2203.0,-24.6,-24.6
155.00,2201.8,-24.6,-24.6
155.05,2200.5,-24.6,-24.6
155.10,2199.3,-24.6,-24.6
155.15,2198.1,-24.6,-24.6
155.20,2196.9,-24.6,-24.6
155.25,2195.6,-24.6,-24.6
155.30,2194.4,-24.6,-24.6
155.35,2193.1,-24.6,-24.6
155.40,2191.9,-24.6,-24.6
155.45,2190.7,-24.6,-24.6
155.50,2189.5,-24.6,-24.6
155.55,2188.2,-24.6,-24.6
155.60,2187.0,-24.6,-24.6
155.65,2185.8,-24.6,-24.6
155.70,2184.5,-24.6,-24.6
155.75,2183.3,-24.6,-24.6
155.80,2182.1,-24.6,-24.6
155.85,2180.8,-24.6,-24.6
155.90,2179.6,-24.6,-24.6
155.95,2178.4,-24.6,-24.6
156.00,2177.2,-24.6,-24.6
156.05,2175.9,-24.6,-24.6
156.10,2174.7,-24.6,-24.6
156.15,2173.5,-24.6,-24.6
156.20,2172.2,-24.6,-24.6
156.25,2171.0,-24.6,-24.6
156.30,2169.8,-24.6,-24.6
156.35,2168.5,-24.6,-24.6
156.40,2167.3,-24.6,-24.6
156.45,2166.1,-24.6,-24.6
156.50,2164.9,-24.6,-24.6
156.55,2163.6,-24.6,-24.6
156.60,2162.4,-24.6,-24.6
156.65,2161.2,-24.6,-24.6
156.70,2159.9,-24.6,-24.6
156.75,2158.7,-24.6,-24.6
156.80,2157.5,-24.6,-24.6
156.85,2156.2,-24.6,-24.6
156.90,2155.0,-24.6,-24.6
156.95,2153.8,-24.6,-24.6
157.00,2152.6,-24.6,-24.6
157.05,2151.3,-24.6,-24.6
157.10,2150.1,-24.6,-24.6
157.15,2148.9,-24.6,-24.6
157.20,2147.6,-24.6,-24.6
157.25,2146.4,-24.6,-24.6
157.30,2145.2,-24.6,-24.6
157.35,2143.9,-24.6,-24.6
157.40,2142.7,-24.6,-24.6
157.45,2141.5,-24.6,-24.6
157.50,2140.3,-24.6,-24.6
157.55,2139.0,-24.6,-24.6
157.60,2137.8,-24.6,-24.6
157.65,2136.5,-24.6,-24.6
157.70,2135.3,-24.6,-24.6
157.75,2134.1,-24.6,-24.6
157.80,2132.9,-24.6,-24.6
157.85,2131.6,-24.6,-24.6
157.90,2130.4,-24.6,-24.6
157.95,2129.2,-24.6,-24.6
158.00,2128.0,-24.6,-24.6
158.05,2126.7,-24.6,-24.6
158.10,2125.5,-24.6,-24.6
158.15,2124.2,-24.6,-24.6
158.20,2123.0,-24.6,-24.6
158.25,2121.8,-24.6,-24.6
158.30,2120.6,-24.6,-24.6
158.35,2119.3,-24.6,-24.6
158.40,2118.1,-24.6,-24.6
158.45,2116.9,-24.6,-24.6
158.50,2115.6,-24.6,-24.6
158.55,2114.4,-24.6,-24.6
158.60,2113.2,-24.6,-24.6
158.65,2111.9,-24.6,-24.6
158.70,2110.7,-24.6,-24.6
158.75,2109.5,-24.6,-24.6
158.80,2108.3,-24.6,-24.6
158.85,2107.0,-24.6,-24.6
158.90,2105.8,-24.6,-24.6
158.95,2104.6,-24.6,-24.6
159.00,2103.3,-24.6,-24.6
159.05,2102.1,-24.6,-24.6
159.10,2100.9,-24.6,-24.6
159.15,2099.6,-24.6,-24.6
159.20,2098.4,-24.6,-24.6
159.25,2097.2,-24.6,-24.6
159.30,2096.0,-24.6,-24.6
159.35,2094.7,-24.6,-24.6
159.40,2093.5,-24.6,-24.6
159.45,2092.3,-24.6,-24.6
159.50,2091.0,-24.6,-24.6
159.55,2089.8,-24.6,-24.6
159.60,2088.6,-24.6,-24.6
159.65,2087.3,-24.6,-24.6
159.70,2086.1,-24.6,-24.6
159.75,2084.9,-24.6,-24.6
159.80,2083.7,-24.6,-24.6
159.85,2082.4,-24.6,-24.6
159.90,2081.2,-24.6,-24.6
159.95,2080.0,-24.6,-24.6
160.00,2078.7,-24.6,-24.6
160.05,2077.5,-24.6,-24.6
160.10,2076.3,-24.6,-24.6
160.15,2075.0,-24.6,-24.6
160.20,2073.8,-24.6,-24.6
160.25,2072.6,-24.6,-24.6
160.30,2071.4,-24.6,-24.6
160.35,2070.1,-24.6,-24.6
160.40,2068.9,-24.6,-24.6
160.45,2067.7,-24.6,-24.6
160.50,2066.4,-24.6,-24.6
160.55,2065.2,-24.6,-24.6
160.60,2064.0,-24.6,-24.6
160.65,2062.7,-24.6,-24.6
160.70,2061.5,-24.6,-24.6
160.75,2060.3,-24.6,-24.6
160.80,2059.1,-24.6,-24.6
160.85,2057.8,-24.6,-24.6
160.90,2056.6,-24.6,-24.6
160.95,2055.3,-24.6,-24.6
161.00,2054.1,-24.6,-24.6
161.05,2052.9,-24.6,-24.6
161.10,2051.7,-24.6,-24.6
161.15,2050.4,-24.6,-24.6
161.20,2049.2,-24.6,-24.6
161.25,2048.0,-24.6,-24.6
161.30,2046.8,-24.6,-24.6
161.35,2045.5,-24.6,-24.6
161.40,2044.3,-24.6,-24.6
161.45,2043.0,-24.6,-24.6
161.50,2041.8,-24.6,-24.6
161.55,2040.6,-24.6,-24.6
161.60,2039.4,-24.6,-24.6
161.65,2038.1,-24.6,-24.6
161.70,2036.9,-24.6,-24.6
161.75,2035.7,-24.6,-24.6
161.80,2034.4,-24.6,-24.6
161.85,2033.2,-24.6,-24.6
161.90,2032.0,-24.6,-24.6
161.95,2030.7,-24.6,-24.6
162.00,2029.5,-24.6,-24.6
162.05,2028.3,-24.6,-24.6
162.10,2027.1,-24.6,-24.6
162.15,2025.8,-24.6,-24.6
162.20,2024.6,-24.6,-24.6
162.25,2023.4,-24.6,-24.6
162.30,2022.1,-24.6,-24.6
162.35,2020.9,-24.6,-24.6
162.40,2019.7,-24.6,-24.6
162.45,2018.4,-24.6,-24.6
162.50,2017.2,-24.6,-24.6
162.55,2016.0,-24.6,-24.6
162.60,2014.8,-24.6,-24.6
162.65,2013.5,-24.6,-24.6
162.70,2012.3,-24.6,-24.6
162.75,2011.1,-24.6,-24.6
162.80,2009.8,-24.6,-24.6
162.85,2008.6,-24.6,-24.6
162.90,2007.4,-24.6,-24.6
162.95,2006.1,-24.6,-24.6
163.00,2004.9,-24.6,-24.6
163.05,2003.7,-24.6,-24.6
163.10,2002.5,-24.6,-24.6
163.15,2001.2,-24.6,-24.6
163.20,2000.0,-24.6,-24.6
163.25,1998.8,-24.6,-24.6
163.30,1997.5,-24.6,-24.6
163.35,1996.3,-24.6,-24.6
163.40,1995.1,-24.6,-24.6
163.45,1993.8,-24.6,-24.6
163.50,1992.6,-24.6,-24.6
163.55,1991.4,-24.6,-24.6
163.60,1990.2,-24.6,-24.6
163.65,1988.9,-24.6,-24.6
163.70,1987.7,-24.6,-24.6
163.75,1986.5,-24.6,-24.6
163.80,1985.2,-24.6,-24.6
163.85,1984.0,-24.6,-24.6
163.90,1982.8,-24.6,-24.6
163.95,1981.5,-24.6,-24.6
164.00,1980.3,-24.6,-24.6
164.05,1979.1,-24.6,-24.6
164.10,1977.9,-24.6,-24.6
164.15,1976.6,-24.6,-24.6
164.20,1975.4,-24.6,-24.6
164.25,1974.1,-24.6,-24.6
164.30,1972.9,-24.6,-24.6
164.35,1971.7,-24.6,-24.6
164.40,1970.5,-24.6,-24.6
164.45,1969.2,-24.6,-24.6
164.50,1968.0,-24.6,-24.6
164.55,1966.8,-24.6,-24.6
164.60,1965.6,-24.6,-24.6
164.65,1964.3,-24.6,-24.6
164.70,1963.1,-24.6,-24.6
164.75,1961.8,-24.6,-24.6
164.80,1960.6,-24.6,-24.6
164.85,1959.4,-24.6,-24.6
164.90,1958.2,-24.6,-24.6
164.95,1956.9,-24.6,-24.6
165.00,1955.7,-24.6,-24.6
165.05,1954.5,-24.6,-24.6
165.10,1953.2,-24.6,-24.6
165.15,1952.0,-24.6,-24.6
165.20,1950.8,-24.6,-24.6
165.25,1949.5,-24.6,-24.6
165.30,1948.3,-24.6,-24.6
165.35,1947.1,-24.6,-24.6
165.40,1945.9,-24.6,-24.6
165.45,1944.6,-24.6,-24.6
165.50,1943.4,-24.6,-24.6
165.55,1942.2,-24.6,-24.6
165.60,1940.9,-24.6,-24.6
165.65,1939.7,-24.6,-24.6
165.70,1938.5,-24.6,-24.6
165.75,1937.2,-24.6,-24.6
165.80,1936.0,-24.6,-24.6
165.85,1934.8,-24.6,-24.6
165.90,1933.6,-24.6,-24.6
165.95,1932.3,-24.6,-24.6
166.00,1931.1,-24.6,-24.6
166.05,1929.9,-24.6,-24.6
166.10,1928.6,-24.6,-24.6
166.15,1927.4,-24.6,-24.6
166.20,1926.2,-24.6,-24.6
166.25,1924.9,-24.6,-24.6
166.30,1923.7,-24.6,-24.6
166.35,1922.5,-24.6,-24.6
166.40,1921.3,-24.6,-24.6
166.45,1920.0,-24.6,-24.6
166.50,1918.8,-24.6,-24.6
166.55,1917.6,-24.6,-24.6
166.60,1916.3,-24.6,-24.6
166.65,1915.1,-24.6,-24.6
166.70,1913.9,-24.6,-24.6
166.75,1912.6,-24.6,-24.6
166.80,1911.4,-24.6,-24.6
166.85,1910.2,-24.6,-24.6
166.90,1909.0,-24.6,-24.6
166.95,1907.7,-24.6,-24.6
167.00,1906.5,-24.6,-24.6
167.05,1905.2,-24.6,-24.6
167.10,1904.0,-24.6,-24.6
167.15,1902.8,-24.6,-24.6
167.20,1901.6,-24.6,-24.6
167.25,1900.3,-24.6,-24.6
167.30,1899.1,-24.6,-24.6
167.35,1897.9,-24.6,-24.6
167.40,1896.7,-24.6,-24.6
167.45,1895.4,-24.6,-24.6
167.50,1894.2,-24.6,-24.6
167.55,1892.9,-24.6,-24.6
167.60,1891.7,-24.6,-24.6
167.65,1890.5,-24.6,-24.6
167.70,1889.3,-24.6,-24.6
167.75,1888.0,-24.6,-24.6
167.80,1886.8,-24.6,-24.6
167.85,1885.6,-24.6,-24.6
167.90,1884.4,-24.6,-24.6
167.95,1883.1,-24.6,-24.6
168.00,1881.9,-24.6,-24.6
168.05,1880.6,-24.6,-24.6
168.10,1879.4,-24.6,-24.6
168.15,1878.2,-24.6,-24.6
168.20,1877.0,-24.6,-24.6
168.25,1875.7,-24.6,-24.6
168.30,1874.5,-24.6,-24.6
168.35,1873.3,-24.6,-24.6
168.40,1872.0,-24.6,-24.6
168.45,1870.8,-24.6,-24.6
168.50,1869.6,-24.6,-24.6
168.55,1868.3,-24.6,-24.6
168.60,1867.1,-24.6,-24.6
168.65,1865.9,-24.6,-24.6
168.70,1864.7,-24.6,-24.6
168.75,1863.4,-24.6,-24.6
168.80,1862.2,-24.6,-24.6
168.85,1861.0,-24.6,-24.6
168.90,1859.7,-24.6,-24.6
168.95,1858.5,-24.6,-24.6
169.00,1857.3,-24.6,-24.6
169.05,1856.0,-24.6,-24.6
169.10,1854.8,-24.6,-24.6
169.15,1853.6,-24.6,-24.6
169.20,1852.4,-24.6,-24.6
169.25,1851.1,-24.6,-24.6
169.30,1849.9,-24.6,-24.6
169.35,1848.7,-24.6,-24.6
169.40,1847.4,-24.6,-24.6
169.45,1846.2,-24.6,-24.6
169.50,1845.0,-24.6,-24.6
169.55,1843.7,-24.6,-24.6
169.60,1842.5,-24.6,-24.6
169.65,1841.3,-24.6,-24.6
169.70,1840.1,-24.6,-24.6
169.75,1838.8,-24.6,-24.6
169.80,1837.6,-24.6,-24.6
169.85,1836.4,-24.6,-24.6
169.90,1835.1,-24.6,-24.6
169.95,1833.9,-24.6,-24.6
170.00,1832.7,-24.6,-24.6
170.05,1831.4,-24.6,-24.6
170.10,1830.2,-24.6,-24.6
170.15,1829.0,-24.6,-24.6
170.20,1827.8,-24.6,-24.6
170.25,1826.5,-24.6,-24.6
170.30,1825.3,-24.6,-24.6
170.35,1824.0,-24.6,-24.6
170.40,1822.8,-24.6,-24.6
170.45,1821.6,-24.6,-24.6
170.50,1820.4,-24.6,-24.6
170.55,1819.1,-24.6,-24.6
170.60,1817.9,-24.6,-24.6
170.65,1816.7,-24.6,-24.6
170.70,1815.5,-24.6,-24.6
170.75,1814.2,-24.6,-24.6
170.80,1813.0,-24.6,-24.6
170.85,1811.7,-24.6,-24.6
170.90,1810.5,-24.6,-24.6
170.95,1809.3,-24.6,-24.6
171.00,1808.1,-24.6,-24.6
171.05,1806.8,-24.6,-24.6
171.10,1805.6,-24.6,-24.6
171.15,1804.4,-24.6,-24.6
171.20,1803.1,-24.6,-24.6
171.25,1801.9,-24.6,-24.6
171.30,1800.7,-24.6,-24.6
171.35,1799.4,-24.6,-24.6
171.40,1798.2,-24.6,-24.6
171.45,1797.0,-24.6,-24.6
171.50,1795.8,-24.6,-24.6
171.55,1794.5,-24.6,-24.6
171.60,1793.3,-24.6,-24.6
171.65,1792.1,-24.6,-24.6
171.70,1790.8,-24.6,-24.6
171.75,1789.6,-24.6,-24.6
171.80,1788.4,-24.6,-24.6
171.85,1787.1,-24.6,-24.6
171.90,1785.9,-24.6,-24.6
171.95,1784.7,-24.6,-24.6
172.00,1783.5,-24.6,-24.6
172.05,1782.2,-24.6,-24.6
172.10,1781.0,-24.6,-24.6
172.15,1779.8,-24.6,-24.6
172.20,1778.5,-24.6,-24.6
172.25,1777.3,-24.6,-24.6
172.30,1776.1,-24.6,-24.6
172.35,1774.8,-24.6,-24.6
172.40,1773.6,-24.6,-24.6
172.45,1772.4,-24.6,-24.6
172.50,1771.2,-24.6,-24.6
172.55,1769.9,-24.6,-24.6
172.60,1768.7,-24.6,-24.6
172.65,1767.5,-24.6,-24.6
172.70,1766.2,-24.6,-24.6
172.75,1765.0,-24.6,-24.6
172.80,1763.8,-24.6,-24.6
172.85,1762.5,-24.6,-24.6
172.90,1761.3,-24.6,-24.6
172.95,1760.1,-24.6,-24.6
173.00,1758.9,-24.6,-24.6
173.05,1757.6,-24.6,-24.6
173.10,1756.4,-24.6,-24.6
173.15,1755.2,-24.6,-24.6
173.20,1753.9,-24.6,-24.6
173.25,1752.7,-24.6,-24.6
173.30,1751.5,-24.6,-24.6
173.35,1750.2,-24.6,-24.6
173.40,1749.0,-24.6,-24.6
173.45,1747.8,-24.6,-24.6
173.50,1746.6,-24.6,-24.6
173.55,1745.3,-24.6,-24.6
173.60,1744.1,-24.6,-24.6
173.65,1742.8,-24.6,-24.6
173.70,1741.6,-24.6,-24.6
173.75,1740.4,-24.6,-24.6
173.80,1739.2,-24.6,-24.6
173.85,1737.9,-24.6,-24.6
173.90,1736.7,-24.6,-24.6
173.95,1735.5,-24.6,-24.6
174.00,1734.3,-24.6,-24.6
174.05,1733.0,-24.6,-24.6
174.10,1731.8,-24.6,-24.6
174.15,1730.5,-24.6,-24.6
174.20,1729.3,-24.6,-24.6
174.25,1728.1,-24.6,-24.6
174.30,1726.9,-24.6,-24.6
174.35,1725.6,-24.6,-24.6
174.40,1724.4,-24.6,-24.6
174.45,1723.2,-24.6,-24.6
174.50,1721.9,-24.6,-24.6
174.55,1720.7,-24.6,-24.6
174.60,1719.5,-24.6,-24.6
174.65,1718.2,-24.6,-24.6
174.70,1717.0,-24.6,-24.6
174.75,1715.8,-24.6,-24.6
174.80,1714.6,-24.6,-24.6
174.85,1713.3,-24.6,-24.6
174.90,1712.1,-24.6,-24.6
174.95,1710.9,-24.6,-24.6
175.00,1709.6,-24.6,-24.6
175.05,1708.4,-24.6,-24.6
175.10,1707.2,-24.6,-24.6
175.15,1705.9,-24.6,-24.6
175.20,1704.7,-24.6,-24.6
175.25,1703.5,-24.6,-24.6
175.30,1702.3,-24.6,-24.6
175.35,1701.0,-24.6,-24.6
175.40,1699.8,-24.6,-24.6
175.45,1698.6,-24.6,-24.6
175.50,1697.3,-24.6,-24.6
175.55,1696.1,-24.6,-24.6
175.60,1694.9,-24.6,-24.6
175.65,1693.6,-24.6,-24.6
175.70,1692.4,-24.6,-24.6
175.75,1691.2,-24.6,-24.6
175.80,1690.0,-24.6,-24.6
175.85,1688.7,-24.6,-24.6
175.90,1687.5,-24.6,-24.6
175.95,1686.3,-24.6,-24.6
176.00,1685.0,-24.6,-24.6
176.05,1683.8,-24.6,-24.6
176.10,1682.6,-24.6,-24.6
176.15,1681.3,-24.6,-24.6
176.20,1680.1,-24.6,-24.6
176.25,1678.9,-24.6,-24.6
176.30,1677.7,-24.6,-24.6
176.35,1676.4,-24.6,-24.6
176.40,1675.2,-24.6,-24.6
176.45,1674.0,-24.6,-24.6
176.50,1672.7,-24.6,-24.6
176.55,1671.5,-24.6,-24.6
176.60,1670.3,-24.6,-24.6
176.65,1669.0,-24.6,-24.6
176.70,1667.8,-24.6,-24.6
176.75,1666.6,-24.6,-24.6
176.80,1665.4,-24.6,-24.6
176.85,1664.1,-24.6,-24.6
176.90,1662.9,-24.6,-24.6
176.95,1661.6,-24.6,-24.6
177.00,1660.4,-24.6,-24.6
177.05,1659.2,-24.6,-24.6
177.10,1658.0,-24.6,-24.6
177.15,1656.7,-24.6,-24.6
177.20,1655.5,-24.6,-24.6
177.25,1654.3,-24.6,-24.6
177.30,1653.1,-24.6,-24.6
177.35,1651.8,-24.6,-24.6
177.40,1650.6,-24.6,-24.6
177.45,1649.3,-24.6,-24.6
177.50,1648.1,-24.6,-24.6
177.55,1646.9,-24.6,-24.6
177.60,1645.7,-24.6,-24.6
177.65,1644.4,-24.6,-24.6
177.70,1643.2,-24.6,-24.6
177.75,1642.0,-24.6,-24.6
177.80,1640.7,-24.6,-24.6
177.85,1639.5,-24.6,-24.6
177.90,1638.3,-24.6,-24.6
177.95,1637.0,-24.6,-24.6
178.00,1635.8,-24.6,-24.6
178.05,1634.6,-24.6,-24.6
178.10,1633.4,-24.6,-24.6
178.15,1632.1,-24.6,-24.6
178.20,1630.9,-24.6,-24.6
178.25,1629.7,-24.6,-24.6
178.30,1628.4,-24.6,-24.6
178.35,1627.2,-24.6,-24.6
178.40,1626.0,-24.6,-24.6
178.45,1624.7,-24.6,-24.6
178.50,1623.5,-24.6,-24.6
178.55,1622.3,-24.6,-24.6
178.60,1621.1,-24.6,-24.6
178.65,1619.8,-24.6,-24.6
178.70,1618.6,-24.6,-24.6
178.75,1617.4,-24.6,-24.6
178.80,1616.1,-24.6,-24.6
178.85,1614.9,-24.6,-24.6
178.90,1613.7,-24.6,-24.6
178.95,1612.4,-24.6,-24.6
179.00,1611.2,-24.6,-24.6
179.05,1610.0,-24.6,-24.6
179.10,1608.8,-24.6,-24.6
179.15,1607.5,-24.6,-24.6
179.20,1606.3,-24.6,-24.6
179.25,1605.1,-24.6,-24.6
179.30,1603.8,-24.6,-24.6
179.35,1602.6,-24.6,-24.6
179.40,1601.4,-24.6,-24.6
179.45,1600.1,-24.6,-24.6
179.50,1598.9,-24.6,-24.6
179.55,1597.7,-24.6,-24.6
179.60,1596.5,-24.6,-24.6
179.65,1595.2,-24.6,-24.6
179.70,1594.0,-24.6,-24.6
179.75,1592.7,-24.6,-24.6
179.80,1591.5,-24.6,-24.6
179.85,1590.3,-24.6,-24.6
179.90,1589.1,-24.6,-24.6
179.95,1587.8,-24.6,-24.6
180.00,1586.6,-24.6,-24.6
180.05,1585.4,-24.6,-24.6
180.10,1584.2,-24.6,-24.6
180.15,1582.9,-24.6,-24.6
180.20,1581.7,-24.6,-24.6
180.25,1580.4,-24.6,-24.6
180.30,1579.2,-24.6,-24.6
180.35,1578.0,-24.6,-24.6
180.40,1576.8,-24.6,-24.6
180.45,1575.5,-24.6,-24.6
180.50,1574.3,-24.6,-24.6
180.55,1573.1,-24.6,-24.6
180.60,1571.9,-24.6,-24.6
180.65,1570.6,-24.6,-24.6
180.70,1569.4,-24.6,-24.6
180.75,1568.1,-24.6,-24.6
180.80,1566.9,-24.6,-24.6
180.85,1565.7,-24.6,-24.6
180.90,1564.5,-24.6,-24.6
180.95,1563.2,-24.6,-24.6
181.00,1562.0,-24.6,-24.6
181.05,1560.8,-24.6,-24.6
181.10,1559.5,-24.6,-24.6
181.15,1558.3,-24.6,-24.6
181.20,1557.1,-24.6,-24.6
181.25,1555.8,-24.6,-24.6
181.30,1554.6,-24.6,-24.6
181.35,1553.4,-24.6,-24.6
181.40,1552.2,-24.6,-24.6
181.45,1550.9,-24.6,-24.6
181.50,1549.7,-24.6,-24.6
181.55,1548.5,-24.6,-24.6
181.60,1547.2,-24.6,-24.6
181.65,1546.0,-24.6,-24.6
181.70,1544.8,-24.6,-24.6
181.75,1543.5,-24.6,-24.6
181.80,1542.3,-24.6,-24.6
181.85,1541.1,-24.6,-24.6
181.90,1539.9,-24.6,-24.6
181.95,1538.6,-24.6,-24.6
182.00,1537.4,-24.6,-24.6
182.05,1536.2,-24.6,-24.6
182.10,1534.9,-24.6,-24.6
182.15,1533.7,-24.6,-24.6
182.20,1532.5,-24.6,-24.6
182.25,1531.2,-24.6,-24.6
182.30,1530.0,-24.6,-24.6
182.35,1528.8,-24.6,-24.6
182.40,1527.6,-24.6,-24.6
182.45,1526.3,-24.6,-24.6
182.50,1525.1,-24.6,-24.6
182.55,1523.9,-24.6,-24.6
182.60,1522.6,-24.6,-24.6
182.65,1521.4,-24.6,-24.6
182.70,1520.2,-24.6,-24.6
182.75,1518.9,-24.6,-24.6
182.80,1517.7,-24.6,-24.6
182.85,1516.5,-24.6,-24.6
182.90,1515.3,-24.6,-24.6
182.95,1514.0,-24.6,-24.6
183.00,1512.8,-24.6,-24.6
183.05,1511.5,-24.6,-24.6
183.10,1510.3,-24.6,-24.6
183.15,1509.1,-24.6,-24.6
183.20,1507.9,-24.6,-24.6
183.25,1506.6,-24.6,-24.6
183.30,1505.4,-24.6,-24.6
183.35,1504.2,-24.6,-24.6
183.40,1503.0,-24.6,-24.6
183.45,1501.7,-24.6,-24.6
183.50,1500.5,-24.6,-24.6
183.55,1499.2,-24.6,-24.6
183.60,1498.0,-24.6,-24.6
183.65,1496.8,-24.6,-24.6
183.70,1495.6,-24.6,-24.6
183.75,1494.3,-24.6,-24.6
183.80,1493.1,-24.6,-24.6
183.85,1491.9,-24.6,-24.6
183.90,1490.6,-24.6,-24.6
183.95,1489.4,-24.6,-24.6
184.00,1488.2,-24.6,-24.6
184.05,1486.9,-24.6,-24.6
184.10,1485.7,-24.6,-24.6
184.15,1484.5,-24.6,-24.6
184.20,1483.3,-24.6,-24.6
184.25,1482.0,-24.6,-24.6
184.30,1480.8,-24.6,-24.6
184.35,1479.6,-24.6,-24.6
184.40,1478.3,-24.6,-24.6
184.45,1477.1,-24.6,-24.6
184.50,1475.9,-24.6,-24.6
184.55,1474.6,-24.6,-24.6
184.60,1473.4,-24.6,-24.6
184.65,1472.2,-24.6,-24.6
184.70,1471.0,-24.6,-24.6
184.75,1469.7,-24.6,-24.6
184.80,1468.5,-24.6,-24.6
184.85,1467.3,-24.6,-24.6
184.90,1466.0,-24.6,-24.6
184.95,1464.8,-24.6,-24.6
185.00,1463.6,-24.6,-24.6
185.05,1462.3,-24.6,-24.6
185.10,1461.1,-24.6,-24.6
185.15,1459.9,-24.6,-24.6
185.20,1458.7,-24.6,-24.6
185.25,1457.4,-24.6,-24.6
185.30,1456.2,-24.6,-24.6
185.35,1455.0,-24.6,-24.6
185.40,1453.7,-24.6,-24.6
185.45,1452.5,-24.6,-24.6
185.50,1451.3,-24.6,-24.6
185.55,1450.0,-24.6,-24.6
185.60,1448.8,-24.6,-24.6
185.65,1447.6,-24.6,-24.6
185.70,1446.4,-24.6,-24.6
185.75,1445.1,-24.6,-24.6
185.80,1443.9,-24.6,-24.6
185.85,1442.7,-24.6,-24.6
185.90,1441.4,-24.6,-24.6
185.95,1440.2,-24.6,-24.6
186.00,1439.0,-24.6,-24.6
186.05,1437.7,-24.6,-24.6
186.10,1436.5,-24.6,-24.6
186.15,1435.3,-24.6,-24.6
186.20,1434.1,-24.6,-24.6
186.25,1432.8,-24.6,-24.6
186.30,1431.6,-24.6,-24.6
186.35,1430.3,-24.6,-24.6
186.40,1429.1,-24.6,-24.6
186.45,1427.9,-24.6,-24.6
186.50,1426.7,-24.6,-24.6
186.55,1425.4,-24.6,-24.6
186.60,1424.2,-24.6,-24.6
186.65,1423.0,-24.6,-24.6
186.70,1421.8,-24.6,-24.6
186.75,1420.5,-24.6,-24.6
186.80,1419.3,-24.6,-24.6
186.85,1418.0,-24.6,-24.6
186.90,1416.8,-24.6,-24.6
186.95,1415.6,-24.6,-24.6
187.00,1414.4,-24.6,-24.6
187.05,1413.1,-24.6,-24.6
187.10,1411.9,-24.6,-24.6
187.15,1410.7,-24.6,-24.6
187.20,1409.4,-24.6,-24.6
187.25,1408.2,-24.6,-24.6
187.30,1407.0,-24.6,-24.6
187.35,1405.7,-24.6,-24.6
187.40,1404.5,-24.6,-24.6
187.45,1403.3,-24.6,-24.6
187.50,1402.1,-24.6,-24.6
187.55,1400.8,-24.6,-24.6
187.60,1399.6,-24.6,-24.6
187.65,1398.4,-24.6,-24.6
187.70,1397.1,-24.6,-24.6
187.75,1395.9,-24.6,-24.6
187.80,1394.7,-24.6,-24.6
187.85,1393.4,-24.6,-24.6
187.90,1392.2,-24.6,-24.6
187.95,1391.0,-24.6,-24.6
188.00,1389.8,-24.6,-24.6
188.05,1388.5,-24.6,-24.6
188.10,1387.3,-24.6,-24.6
188.15,1386.1,-24.6,-24.6
188.20,1384.8,-24.6,-24.6
188.25,1383.6,-24.6,-24.6
188.30,1382.4,-24.6,-24.6
188.35,1381.1,-24.6,-24.6
188.40,1379.9,-24.6,-24.6
188.45,1378.7,-24.6,-24.6
188.50,1377.5,-24.6,-24.6
188.55,1376.2,-24.6,-24.6
188.60,1375.0,-24.6,-24.6
188.65,1373.8,-24.6,-24.6
188.70,1372.5,-24.6,-24.6
188.75,1371.3,-24.6,-24.6
188.80,1370.1,-24.6,-24.6
188.85,1368.8,-24.6,-24.6
188.90,1367.6,-24.6,-24.6
188.95,1366.4,-24.6,-24.6
189.00,1365.2,-24.6,-24.6
189.05,1363.9,-24.6,-24.6
189.10,1362.7,-24.6,-24.6
189.15,1361.5,-24.6,-24.6
189.20,1360.2,-24.6,-24.6
189.25,1359.0,-24.6,-24.6
189.30,1357.8,-24.6,-24.6
189.35,1356.5,-24.6,-24.6
189.40,1355.3,-24.6,-24.6
189.45,1354.1,-24.6,-24.6
189.50,1352.9,-24.6,-24.6
189.55,1351.6,-24.6,-24.6
189.60,1350.4,-24.6,-24.6
189.65,1349.1,-24.6,-24.6
189.70,1347.9,-24.6,-24.6
189.75,1346.7,-24.6,-24.6
189.80,1345.5,-24.6,-24.6
189.85,1344.2,-24.6,-24.6
189.90,1343.0,-24.6,-24.6
189.95,1341.8,-24.6,-24.6
190.00,1340.6,-24.6,-24.6
190.05,1339.3,-24.6,-24.6
190.10,1338.1,-24.6,-24.6
190.15,1336.8,-24.6,-24.6
190.20,1335.6,-24.6,-24.6
190.25,1334.4,-24.6,-24.6
190.30,1333.2,-24.6,-24.6
190.35,1331.9,-24.6,-24.6
190.40,1330.7,-24.6,-24.6
190.45,1329.5,-24.6,-24.6
190.50,1328.2,-24.6,-24.6
190.55,1327.0,-24.6,-24.6
190.60,1325.8,-24.6,-24.6
190.65,1324.5,-24.6,-24.6
190.70,1323.3,-24.6,-24.6
190.75,1322.1,-24.6,-24.6
190.80,1320.9,-24.6,-24.6
190.85,1319.6,-24.6,-24.6
190.90,1318.4,-24.6,-24.6
190.95,1317.2,-24.6,-24.6
191.00,1315.9,-24.6,-24.6
191.05,1314.7,-24.6,-24.6
191.10,1313.5,-24.6,-24.6
191.15,1312.2,-24.6,-24.6
191.20,1311.0,-24.6,-24.6
191.25,1309.8,-24.6,-24.6
191.30,1308.6,-24.6,-24.6
191.35,1307.3,-24.6,-24.6
191.40,1306.1,-24.6,-24.6
191.45,1304.9,-24.6,-24.6
191.50,1303.6,-24.6,-24.6
191.55,1302.4,-24.6,-24.6
191.60,1301.2,-24.6,-24.6
191.65,1299.9,-24.6,-24.6
191.70,1298.7,-24.6,-24.6
191.75,1297.5,-24.6,-24.6
191.80,1296.3,-24.6,-24.6
191.85,1295.0,-24.6,-24.6
191.90,1293.8,-24.6,-24.6
191.95,1292.6,-24.6,-24.6
192.00,1291.3,-24.6,-24.6
192.05,1290.1,-24.6,-24.6
192.10,1288.9,-24.6,-24.6
192.15,1287.6,-24.6,-24.6
192.20,1286.4,-24.6,-24.6
192.25,1285.2,-24.6,-24.6
192.30,1284.0,-24.6,-24.6
192.35,1282.7,-24.6,-24.6
192.40,1281.5,-24.6,-24.6
192.45,1280.2,-24.6,-24.6
192.50,1279.0,-24.6,-24.6
192.55,1277.8,-24.6,-24.6
192.60,1276.6,-24.6,-24.6
192.65,1275.3,-24.6,-24.6
192.70,1274.1,-24.6,-24.6
192.75,1272.9,-24.6,-24.6
192.80,1271.7,-24.6,-24.6
192.85,1270.4,-24.6,-24.6
192.90,1269.2,-24.6,-24.6
192.95,1267.9,-24.6,-24.6
193.00,1266.7,-24.6,-24.6
193.05,1265.5,-24.6,-24.6
193.10,1264.3,-24.6,-24.6
193.15,1263.0,-24.6,-24.6
193.20,1261.8,-24.6,-24.6
193.25,1260.6,-24.6,-24.6
193.30,1259.4,-24.6,-24.6
193.35,1258.1,-24.6,-24.6
193.40,1256.9,-24.6,-24.6
193.45,1255.6,-24.6,-24.6
193.50,1254.4,-24.6,-24.6
193.55,1253.2,-24.6,-24.6
193.60,1252.0,-24.6,-24.6
193.65,1250.7,-24.6,-24.6
193.70,1249.5,-24.6,-24.6
193.75,1248.3,-24.6,-24.6
193.80,1247.0,-24.6,-24.6
193.85,1245.8,-24.6,-24.6
193.90,1244.6,-24.6,-24.6
193.95,1243.3,-24.6,-24.6
194.00,1242.1,-24.6,-24.6
194.05,1240.9,-24.6,-24.6
194.10,1239.7,-24.6,-24.6
194.15,1238.4,-24.6,-24.6
194.20,1237.2,-24.6,-24.6
194.25,1236.0,-24.6,-24.6
194.30,1234.7,-24.6,-24.6
194.35,1233.5,-24.6,-24.6
194.40,1232.3,-24.6,-24.6
194.45,1231.0,-24.6,-24.6
194.50,1229.8,-24.6,-24.6
194.55,1228.6,-24.6,-24.6
194.60,1227.4,-24.6,-24.6
194.65,1226.1,-24.6,-24.6
194.70,1224.9,-24.6,-24.6
194.75,1223.7,-24.6,-24.6
194.80,1222.4,-24.6,-24.6
194.85,1221.2,-24.6,-24.6
194.90,1220.0,-24.6,-24.6
194.95,1218.7,-24.6,-24.6
195.00,1217.5,-24.6,-24.6
195.05,1216.3,-24.6,-24.6
195.10,1215.1,-24.6,-24.6
195.15,1213.8,-24.6,-24.6
195.20,1212.6,-24.6,-24.6
195.25,1211.4,-24.6,-24.6
195.30,1210.1,-24.6,-24.6
195.35,1208.9,-24.6,-24.6
195.40,1207.7,-24.6,-24.6
195.45,1206.4,-24.6,-24.6
195.50,1205.2,-24.6,-24.6
195.55,1204.0,-24.6,-24.6
195.60,1202.8,-24.6,-24.6
195.65,1201.5,-24.6,-24.6
195.70,1200.3,-24.6,-24.6
195.75,1199.0,-24.6,-24.6
195.80,1197.8,-24.6,-24.6
195.85,1196.6,-24.6,-24.6
195.90,1195.4,-24.6,-24.6
195.95,1194.1,-24.6,-24.6
196.00,1192.9,-24.6,-24.6
196.05,1191.7,-24.6,-24.6
196.10,1190.5,-24.6,-24.6
196.15,1189.2,-24.6,-24.6
196.20,1188.0,-24.6,-24.6
196.25,1186.7,-24.6,-24.6
196.30,1185.5,-24.6,-24.6
196.35,1184.3,-24.6,-24.6
196.40,1183.1,-24.6,-24.6
196.45,1181.8,-24.6,-24.6
196.50,1180.6,-24.6,-24.6
196.55,1179.4,-24.6,-24.6
196.60,1178.1,-24.6,-24.6
196.65,1176.9,-24.6,-24.6
196.70,1175.7,-24.6,-24.6
196.75,1174.4,-24.6,-24.6
196.80,1173.2,-24.6,-24.6
196.85,1172.0,-24.6,-24.6
196.90,1170.8,-24.6,-24.6
196.95,1169.5,-24.6,-24.6
197.00,1168.3,-24.6,-24.6
197.05,1167.1,-24.6,-24.6
197.10,1165.8,-24.6,-24.6
197.15,1164.6,-24.6,-24.6
197.20,1163.4,-24.6,-24.6
197.25,1162.1,-24.6,-24.6
197.30,1160.9,-24.6,-24.6
197.35,1159.7,-24.6,-24.6
197.40,1158.5,-24.6,-24.6
197.45,1157.2,-24.6,-24.6
197.50,1156.0,-24.6,-24.6
197.55,1154.8,-24.6,-24.6
197.60,1153.5,-24.6,-24.6
197.65,1152.3,-24.6,-24.6
197.70,1151.1,-24.6,-24.6
197.75,1149.8,-24.6,-24.6
197.80,1148.6,-24.6,-24.6
197.85,1147.4,-24.6,-24.6
197.90,1146.2,-24.6,-24.6
197.95,1144.9,-24.6,-24.6
198.00,1143.7,-24.6,-24.6
198.05,1142.5,-24.6,-24.6
198.10,1141.2,-24.6,-24.6
198.15,1140.0,-24.6,-24.6
198.20,1138.8,-24.6,-24.6
198.25,1137.5,-24.6,-24.6
198.30,1136.3,-24.6,-24.6
198.35,1135.1,-24.6,-24.6
198.40,1133.9,-24.6,-24.6
198.45,1132.6,-24.6,-24.6
198.50,1131.4,-24.6,-24.6
198.55,1130.2,-24.6,-24.6
198.60,1128.9,-24.6,-24.6
198.65,1127.7,-24.6,-24.6
198.70,1126.5,-24.6,-24.6
198.75,1125.2,-24.6,-24.6
198.80,1124.0,-24.6,-24.6
198.85,1122.8,-24.6,-24.6
198.90,1121.6,-24.6,-24.6
198.95,1120.3,-24.6,-24.6
199.00,1119.1,-24.6,-24.6
199.05,1117.8,-24.6,-24.6
199.10,1116.6,-24.6,-24.6
199.15,1115.4,-24.6,-24.6
199.20,1114.2,-24.6,-24.6
199.25,1112.9,-24.6,-24.6
199.30,1111.7,-24.6,-24.6
199.35,1110.5,-24.6,-24.6
199.40,1109.3,-24.6,-24.6
199.45,1108.0,-24.6,-24.6
199.50,1106.8,-24.6,-24.6
199.55,1105.5,-24.6,-24.6
199.60,1104.3,-24.6,-24.6
199.65,1103.1,-24.6,-24.6
199.70,1101.9,-24.6,-24.6
199.75,1100.6,-24.6,-24.6
199.80,1099.4,-24.6,-24.6
199.85,1098.2,-24.6,-24.6
199.90,1096.9,-24.6,-24.6
199.95,1095.7,-24.6,-24.6
200.00,1094.5,-24.6,-24.6
200.05,1093.2,-24.6,-24.6
200.10,1092.0,-24.6,-24.6
200.15,1090.8,-24.6,-24.6
200.20,1089.6,-24.6,-24.6
200.25,1088.3,-24.6,-24.6
200.30,1087.1,-24.6,-24.6
200.35,1085.9,-24.6,-24.6
200.40,1084.6,-24.6,-24.6
200.45,1083.4,-24.6,-24.6
200.50,1082.2,-24.6,-24.6
200.55,1080.9,-24.6,-24.6
200.60,1079.7,-24.6,-24.6
200.65,1078.5,-24.6,-24.6
200.70,1077.3,-24.6,-24.6
200.75,1076.0,-24.6,-24.6
200.80,1074.8,-24.6,-24.6
200.85,1073.6,-24.6,-24.6
200.90,1072.3,-24.6,-24.6
200.95,1071.1,-24.6,-24.6
201.00,1069.9,-24.6,-24.6
201.05,1068.6,-24.6,-24.6
201.10,1067.4,-24.6,-24.6
201.15,1066.2,-24.6,-24.6
201.20,1065.0,-24.6,-24.6
201.25,1063.7,-24.6,-24.6
201.30,1062.5,-24.6,-24.6
201.35,1061.3,-24.6,-24.6
201.40,1060.0,-24.6,-24.6
201.45,1058.8,-24.6,-24.6
201.50,1057.6,-24.6,-24.6
201.55,1056.3,-24.6,-24.6
201.60,1055.1,-24.6,-24.6
201.65,1053.9,-24.6,-24.6
201.70,1052.7,-24.6,-24.6
201.75,1051.4,-24.6,-24.6
201.80,1050.2,-24.6,-24.6
201.85,1049.0,-24.6,-24.6
201.90,1047.7,-24.6,-24.6
201.95,1046.5,-24.6,-24.6
202.00,1045.3,-24.6,-24.6
202.05,1044.0,-24.6,-24.6
202.10,1042.8,-24.6,-24.6
202.15,1041.6,-24.6,-24.6
202.20,1040.4,-24.6,-24.6
202.25,1039.1,-24.6,-24.6
202.30,1037.9,-24.6,-24.6
202.35,1036.6,-24.6,-24.6
202.40,1035.4,-24.6,-24.6
202.45,1034.2,-24.6,-24.6
202.50,1033.0,-24.6,-24.6
202.55,1031.7,-24.6,-24.6
202.60,1030.5,-24.6,-24.6
202.65,1029.3,-24.6,-24.6
202.70,1028.1,-24.6,-24.6
202.75,1026.8,-24.6,-24.6
202.80,1025.6,-24.6,-24.6
202.85,1024.3,-24.6,-24.6
202.90,1023.1,-24.6,-24.6
202.95,1021.9,-24.6,-24.6
203.00,1020.7,-24.6,-24.6
203.05,1019.4,-24.6,-24.6
203.10,1018.2,-24.6,-24.6
203.15,1017.0,-24.6,-24.6
203.20,1015.7,-24.6,-24.6
203.25,1014.5,-24.6,-24.6
203.30,1013.3,-24.6,-24.6
203.35,1012.0,-24.6,-24.6
203.40,1010.8,-24.6,-24.6
203.45,1009.6,-24.6,-24.6
203.50,1008.4,-24.6,-24.6
203.55,1007.1,-24.6,-24.6
203.60,1005.9,-24.6,-24.6
203.65,1004.7,-24.6,-24.6
203.70,1003.4,-24.6,-24.6
203.75,1002.2,-24.6,-24.6
203.80,1001.0,-24.6,-24.6
203.85,999.7,-24.6,-24.6
203.90,998.5,-24.6,-24.6
203.95,997.3,-24.6,-24.6
204.00,996.1,-24.6,-24.6
204.05,994.8,-24.6,-24.6
204.10,993.6,-24.6,-24.6
204.15,992.4,-24.6,-24.6
204.20,991.1,-24.6,-24.6
204.25,989.9,-24.6,-24.6
204.30,988.7,-24.6,-24.6
204.35,987.4,-24.6,-24.6
204.40,986.2,-24.6,-24.6
204.45,985.0,-24.6,-24.6
204.50,983.8,-24.6,-24.6
204.55,982.5,-24.6,-24.6
204.60,981.3,-24.6,-24.6
204.65,980.1,-24.6,-24.6
204.70,978.8,-24.6,-24.6
204.75,977.6,-24.6,-24.6
204.80,976.4,-24.6,-24.6
204.85,975.1,-24.6,-24.6
204.90,973.9,-24.6,-24.6
204.95,972.7,-24.6,-24.6
205.00,971.5,-24.6,-24.6
205.05,970.2,-24.6,-24.6
205.10,969.0,-24.6,-24.6
205.15,967.7,-24.6,-24.6
205.20,966.5,-24.6,-24.6
205.25,965.3,-24.6,-24.6
205.30,964.1,-24.6,-24.6
205.35,962.8,-24.6,-24.6
205.40,961.6,-24.6,-24.6
205.45,960.4,-24.6,-24.6
205.50,959.2,-24.6,-24.6
205.55,957.9,-24.6,-24.6
205.60,956.7,-24.6,-24.6
205.65,955.4,-24.6,-24.6
205.70,954.2,-24.6,-24.6
205.75,953.0,-24.6,-24.6
205.80,951.8,-24.6,-24.6
205.85,950.5,-24.6,-24.6
205.90,949.3,-24.6,-24.6
205.95,948.1,-24.6,-24.6
206.00,946.9,-24.6,-24.6
206.05,945.6,-24.6,-24.6
206.10,944.4,-24.6,-24.6
206.15,943.1,-24.6,-24.6
206.20,941.9,-24.6,-24.6
206.25,940.7,-24.6,-24.6
206.30,939.5,-24.6,-24.6
206.35,938.2,-24.6,-24.6
206.40,937.0,-24.6,-24.6
206.45,935.8,-24.6,-24.6
206.50,934.5,-24.6,-24.6
206.55,933.3,-24.6,-24.6
206.60,932.1,-24.6,-24.6
206.65,930.8,-24.6,-24.6
206.70,929.6,-24.6,-24.6
206.75,928.4,-24.6,-24.6
206.80,927.2,-24.6,-24.6
206.85,925.9,-24.6,-24.6
206.90,924.7,-24.6,-24.6
206.95,923.5,-24.6,-24.6
207.00,922.2,-24.6,-24.6
207.05,921.0,-24.6,-24.6
207.10,919.8,-24.6,-24.6
207.15,918.5,-24.6,-24.6
207.20,917.3,-24.6,-24.6
207.25,916.1,-24.6,-24.6
207.30,914.9,-24.6,-24.6
207.35,913.6,-24.6,-24.6
207.40,912.4,-24.6,-24.6
207.45,911.2,-24.6,-24.6
207.50,909.9,-24.6,-24.6
207.55,908.7,-24.6,-24.6
207.60,907.5,-24.6,-24.6
207.65,906.2,-24.6,-24.6
207.70,905.0,-24.6,-24.6
207.75,903.8,-24.6,-24.6
207.80,902.6,-24.6,-24.6
207.85,901.3,-24.6,-24.6
207.90,900.1,-24.6,-24.6
207.95,898.9,-24.6,-24.6
208.00,897.6,-24.6,-24.6
208.05,896.4,-24.6,-24.6
208.10,895.2,-24.6,-24.6
208.15,893.9,-24.6,-24.6
208.20,892.7,-24.6,-24.6
208.25,891.5,-24.6,-24.6
208.30,890.3,-24.6,-24.6
208.35,889.0,-24.6,-24.6
208.40,887.8,-24.6,-24.6
208.45,886.5,-24.6,-24.6
208.50,885.3,-24.6,-24.6
208.55,884.1,-24.6,-24.6
208.60,882.9,-24.6,-24.6
208.65,881.6,-24.6,-24.6
208.70,880.4,-24.6,-24.6
208.75,879.2,-24.6,-24.6
208.80,878.0,-24.6,-24.6
208.85,876.7,-24.6,-24.6
208.90,875.5,-24.6,-24.6
208.95,874.2,-24.6,-24.6
209.00,873.0,-24.6,-24.6
209.05,871.8,-24.6,-24.6
209.10,870.6,-24.6,-24.6
209.15,869.3,-24.6,-24.6
209.20,868.1,-24.6,-24.6
209.25,866.9,-24.6,-24.6
209.30,865.6,-24.6,-24.6
209.35,864.4,-24.6,-24.6
209.40,863.2,-24.6,-24.6
209.45,861.9,-24.6,-24.6
209.50,860.7,-24.6,-24.6
209.55,859.5,-24.6,-24.6
209.60,858.3,-24.6,-24.6
209.65,857.0,-24.6,-24.6
209.70,855.8,-24.6,-24.6
209.75,854.6,-24.6,-24.6
209.80,853.3,-24.6,-24.6
209.85,852.1,-24.6,-24.6
209.90,850.9,-24.6,-24.6
209.95,849.6,-24.6,-24.6
210.00,848.4,-24.6,-24.6
210.05,847.2,-24.6,-24.6
210.10,846.0,-24.6,-24.6
210.15,844.7,-24.6,-24.6
210.20,843.5,-24.6,-24.6
210.25,842.3,-24.6,-24.6
210.30,841.0,-24.6,-24.6
210.35,839.8,-24.6,-24.6
210.40,838.6,-24.6,-24.6
210.45,837.3,-24.6,-24.6
210.50,836.1,-24.6,-24.6
210.55,834.9,-24.6,-24.6
210.60,833.7,-24.6,-24.6
210.65,832.4,-24.6,-24.6
210.70,831.2,-24.6,-24.6
210.75,830.0,-24.6,-24.6
210.80,828.7,-24.6,-24.6
210.85,827.5,-24.6,-24.6
210.90,826.3,-24.6,-24.6
210.95,825.0,-24.6,-24.6
211.00,823.8,-24.6,-24.6
211.05,822.6,-24.6,-24.6
211.10,821.4,-24.6,-24.6
211.15,820.1,-24.6,-24.6
211.20,818.9,-24.6,-24.6
211.25,817.7,-24.6,-24.6
211.30,816.4,-24.6,-24.6
211.35,815.2,-24.6,-24.6
211.40,814.0,-24.6,-24.6
211.45,812.7,-24.6,-24.6
211.50,811.5,-24.6,-24.6
211.55,810.3,-24.6,-24.6
211.60,809.1,-24.6,-24.6
211.65,807.8,-24.6,-24.6
211.70,806.6,-24.6,-24.6
211.75,805.3,-24.6,-24.6
211.80,804.1,-24.6,-24.6
211.85,802.9,-24.6,-24.6
211.90,801.7,-24.6,-24.6
211.95,800.4,-24.6,-24.6
212.00,799.2,-24.6,-24.6
212.05,798.0,-24.6,-24.6
212.10,796.8,-24.6,-24.6
212.15,795.5,-24.6,-24.6
212.20,794.3,-24.6,-24.6
212.25,793.0,-24.6,-24.6
212.30,791.8,-24.6,-24.6
212.35,790.6,-24.6,-24.6
212.40,789.4,-24.6,-24.6
212.45,788.1,-24.6,-24.6
212.50,786.9,-24.6,-24.6
212.55,785.7,-24.6,-24.6
212.60,784.4,-24.6,-24.6
212.65,783.2,-24.6,-24.6
212.70,782.0,-24.6,-24.6
212.75,780.7,-24.6,-24.6
212.80,779.5,-24.6,-24.6
212.85,778.3,-24.6,-24.6
212.90,777.1,-24.6,-24.6
212.95,775.8,-24.6,-24.6
213.00,774.6,-24.6,-24.6
213.05,773.4,-24.6,-24.6
213.10,772.1,-24.6,-24.6
213.15,770.9,-24.6,-24.6
213.20,769.7,-24.6,-24.6
213.25,768.4,-24.6,-24.6
213.30,767.2,-24.6,-24.6
213.35,766.0,-24.6,-24.6
213.40,764.8,-24.6,-24.6
213.45,763.5,-24.6,-24.6
213.50,762.3,-24.6,-24.6
213.55,761.1,-24.6,-24.6
213.60,759.8,-24.6,-24.6
213.65,758.6,-24.6,-24.6
213.70,757.4,-24.6,-24.6
213.75,756.1,-24.6,-24.6
213.80,754.9,-24.6,-24.6
213.85,753.7,-24.6,-24.6
213.90,752.5,-24.6,-24.6
213.95,751.2,-24.6,-24.6
214.00,750.0,-24.6,-24.6
214.05,748.8,-24.6,-24.6
214.10,747.5,-24.6,-24.6
214.15,746.3,-24.6,-24.6
214.20,745.1,-24.6,-24.6
214.25,743.8,-24.6,-24.6
214.30,742.6,-24.6,-24.6
214.35,741.4,-24.6,-24.6
214.40,740.2,-24.6,-24.6
214.45,738.9,-24.6,-24.6
214.50,737.7,-24.6,-24.6
214.55,736.5,-24.6,-24.6
214.60,735.2,-24.6,-24.6
214.65,734.0,-24.6,-24.6
214.70,732.8,-24.6,-24.6
214.75,731.5,-24.6,-24.6
214.80,730.3,-24.6,-24.6
214.85,729.1,-24.6,-24.6
214.90,727.9,-24.6,-24.6
214.95,726.6,-24.6,-24.6
215.00,725.4,-24.6,-24.6
215.05,724.1,-24.6,-24.6
215.10,722.9,-24.6,-24.6
215.15,721.7,-24.6,-24.6
215.20,720.5,-24.6,-24.6
215.25,719.2,-24.6,-24.6
215.30,718.0,-24.6,-24.6
215.35,716.8,-24.6,-24.6
215.40,715.6,-24.6,-24.6
215.45,714.3,-24.6,-24.6
215.50,713.1,-24.6,-24.6
215.55,711.8,-24.6,-24.6
215.60,710.6,-24.6,-24.6
215.65,709.4,-24.6,-24.6
215.70,708.2,-24.6,-24.6
215.75,706.9,-24.6,-24.6
215.80,705.7,-24.6,-24.6
215.85,704.5,-24.6,-24.6
215.90,703.2,-24.6,-24.6
215.95,702.0,-24.6,-24.6
216.00,700.8,-24.6,-24.6
216.05,699.5,-24.6,-24.6
216.10,698.3,-24.6,-24.6
216.15,697.1,-24.6,-24.6
216.20,695.9,-24.6,-24.6
216.25,694.6,-24.6,-24.6
216.30,693.4,-24.6,-24.6
216.35,692.2,-24.6,-24.6
216.40,690.9,-24.6,-24.6
216.45,689.7,-24.6,-24.6
216.50,688.5,-24.6,-24.6
216.55,687.2,-24.6,-24.6
216.60,686.0,-24.6,-24.6
216.65,684.8,-24.6,-24.6
216.70,683.6,-24.6,-24.6
216.75,682.3,-24.6,-24.6
216.80,681.1,-24.6,-24.6
216.85,679.9,-24.6,-24.6
216.90,678.6,-24.6,-24.6
216.95,677.4,-24.6,-24.6
217.00,676.2,-24.6,-24.6
217.05,674.9,-24.6,-24.6
217.10,673.7,-24.6,-24.6
217.15,672.5,-24.6,-24.6
217.20,671.3,-24.6,-24.6
217.25,670.0,-24.6,-24.6
217.30,668.8,-24.6,-24.6
217.35,667.6,-24.6,-24.6
217.40,666.3,-24.6,-24.6
217.45,665.1,-24.6,-24.6
217.50,663.9,-24.6,-24.6
217.55,662.6,-24.6,-24.6
217.60,661.4,-24.6,-24.6
217.65,660.2,-24.6,-24.6
217.70,659.0,-24.6,-24.6
217.75,657.7,-24.6,-24.6
217.80,656.5,-24.6,-24.6
217.85,655.2,-24.6,-24.6
217.90,654.0,-24.6,-24.6
217.95,652.8,-24.6,-24.6
218.00,651.6,-24.6,-24.6
218.05,650.3,-24.6,-24.6
218.10,649.1,-24.6,-24.6
218.15,647.9,-24.6,-24.6
218.20,646.7,-24.6,-24.6
218.25,645.4,-24.6,-24.6
218.30,644.2,-24.6,-24.6
218.35,642.9,-24.6,-24.6
218.40,641.7,-24.6,-24.6
218.45,640.5,-24.6,-24.6
218.50,639.3,-24.6,-24.6
218.55,638.0,-24.6,-24.6
218.60,636.8,-24.6,-24.6
218.65,635.6,-24.6,-24.6
218.70,634.4,-24.6,-24.6
218.75,633.1,-24.6,-24.6
218.80,631.9,-24.6,-24.6
218.85,630.6,-24.6,-24.6
218.90,629.4,-24.6,-24.6
218.95,628.2,-24.6,-24.6
219.00,627.0,-24.6,-24.6
219.05,625.7,-24.6,-24.6
219.10,624.5,-24.6,-24.6
219.15,623.3,-24.6,-24.6
219.20,622.0,-24.6,-24.6
219.25,620.8,-24.6,-24.6
219.30,619.6,-24.6,-24.6
219.35,618.3,-24.6,-24.6
219.40,617.1,-24.6,-24.6
219.45,615.9,-24.6,-24.6
219.50,614.7,-24.6,-24.6
219.55,613.4,-24.6,-24.6
219.60,612.2,-24.6,-24.6
219.65,611.0,-24.6,-24.6
219.70,609.7,-24.6,-24.6
219.75,608.5,-24.6,-24.6
219.80,607.3,-24.6,-24.6
219.85,606.0,-24.6,-24.6
219.90,604.8,-24.6,-24.6
219.95,603.6,-24.6,-24.6
220.00,602.4,-24.6,-24.6
220.05,601.1,-24.6,-24.6
220.10,599.9,-24.6,-24.6
220.15,598.7,-24.6,-24.6
220.20,597.4,-24.6,-24.6
220.25,596.2,-24.6,-24.6
220.30,595.0,-24.6,-24.6
220.35,593.7,-24.6,-24.6
220.40,592.5,-24.6,-24.6
220.45,591.3,-24.6,-24.6
220.50,590.1,-24.6,-24.6
220.55,588.8,-24.6,-24.6
220.60,587.6,-24.6,-24.6
220.65,586.4,-24.6,-24.6
220.70,585.1,-24.6,-24.6
220.75,583.9,-24.6,-24.6
220.80,582.7,-24.6,-24.6
220.85,581.4,-24.6,-24.6
220.90,580.2,-24.6,-24.6
220.95,579.0,-24.6,-24.6
221.00,577.8,-24.6,-24.6
221.05,576.5,-24.6,-24.6
221.10,575.3,-24.6,-24.6
221.15,574.0,-24.6,-24.6
221.20,572.8,-24.6,-24.6
221.25,571.6,-24.6,-24.6
221.30,570.4,-24.6,-24.6
221.35,569.1,-24.6,-24.6
221.40,567.9,-24.6,-24.6
221.45,566.7,-24.6,-24.6
221.50,565.5,-24.6,-24.6
221.55,564.2,-24.6,-24.6
221.60,563.0,-24.6,-24.6
221.65,561.7,-24.6,-24.6
221.70,560.5,-24.6,-24.6
221.75,559.3,-24.6,-24.6
221.80,558.1,-24.6,-24.6
221.85,556.8,-24.6,-24.6
221.90,555.6,-24.6,-24.6
221.95,554.4,-24.6,-24.6
222.00,553.1,-24.6,-24.6
222.05,551.9,-24.6,-24.6
222.10,550.7,-24.6,-24.6
222.15,549.4,-24.6,-24.6
222.20,548.2,-24.6,-24.6
222.25,547.0,-24.6,-24.6
222.30,545.8,-24.6,-24.6
222.35,544.5,-24.6,-24.6
222.40,543.3,-24.6,-24.6
222.45,542.1,-24.6,-24.6
222.50,540.8,-24.6,-24.6
222.55,539.6,-24.6,-24.6
222.60,538.4,-24.6,-24.6
222.65,537.1,-24.6,-24.6
222.70,535.9,-24.6,-24.6
222.75,534.7,-24.6,-24.6
222.80,533.5,-24.6,-24.6
222.85,532.2,-24.6,-24.6
222.90,531.0,-24.6,-24.6
222.95,529.8,-24.6,-24.6
223.00,528.5,-24.6,-24.6
223.05,527.3,-24.6,-24.6
223.10,526.1,-24.6,-24.6
223.15,524.8,-24.6,-24.6
223.20,523.6,-24.6,-24.6
223.25,522.4,-24.6,-24.6
223.30,521.2,-24.6,-24.6
223.35,519.9,-24.6,-24.6
223.40,518.7,-24.6,-24.6
223.45,517.5,-24.6,-24.6
223.50,516.2,-24.6,-24.6
223.55,515.0,-24.6,-24.6
223.60,513.8,-24.6,-24.6
223.65,512.5,-24.6,-24.6
223.70,511.3,-24.6,-24.6
223.75,510.1,-24.6,-24.6
223.80,508.9,-24.6,-24.6
223.85,507.6,-24.6,-24.6
223.90,506.4,-24.6,-24.6
223.95,505.2,-24.6,-24.6
224.00,503.9,-24.6,-24.6
224.05,502.7,-24.6,-24.6
224.10,501.5,-24.6,-24.6
224.15,500.2,-24.6,-24.6
224.20,499.0,-24.6,-24.6
224.25,497.8,-24.6,-24.6
224.30,496.6,-24.6,-24.6
224.35,495.3,-24.6,-24.6
224.40,494.1,-24.6,-24.6
224.45,492.8,-24.6,-24.6
224.50,491.6,-24.6,-24.6
224.55,490.9,-13.8,-13.8
224.60,490.3,-13.8,-13.8
224.65,489.6,-13.8,-13.8
224.70,488.9,-13.8,-13.8
224.75,488.2,-13.8,-13.8
224.80,487.5,-13.8,-13.8
224.85,486.8,-13.8,-13.8
224.90,486.1,-13.8,-13.8
224.95,485.4,-13.8,-13.8
225.00,484.7,-13.8,-13.8
225.05,484.1,-13.8,-13.8
225.10,483.4,-13.8,-13.8
225.15,482.7,-13.8,-13.8
225.20,482.0,-13.8,-13.8
225.25,481.3,-13.8,-13.8
225.30,480.6,-13.8,-13.8
225.35,479.9,-13.8,-13.8
225.40,479.2,-13.8,-13.8
225.45,478.5,-13.8,-13.8
225.50,477.9,-13.8,-13.8
225.55,477.2,-13.8,-13.8
225.60,476.5,-13.8,-13.8
225.65,475.8,-13.8,-13.8
225.70,475.1,-13.8,-13.8
225.75,474.4,-13.8,-13.8
225.80,473.7,-13.8,-13.8
225.85,473.0,-13.8,-13.8
225.90,472.3,-13.8,-13.8
225.95,471.7,-13.8,-13.8
226.00,471.0,-13.8,-13.8
226.05,470.3,-13.8,-13.8
226.10,469.6,-13.8,-13.8
226.15,468.9,-13.8,-13.8
226.20,468.2,-13.8,-13.8
226.25,467.5,-13.8,-13.8
226.30,466.8,-13.8,-13.8
226.35,466.1,-13.8,-13.8
226.40,465.5,-13.8,-13.8
226.45,464.8,-13.8,-13.8
226.50,464.1,-13.8,-13.8
226.55,463.4,-13.8,-13.8
226.60,462.7,-13.8,-13.8
226.65,462.0,-13.8,-13.8
226.70,461.3,-13.8,-13.8
226.75,460.6,-13.8,-13.8
226.80,459.9,-13.8,-13.8
226.85,459.3,-13.8,-13.8
226.90,458.6,-13.8,-13.8
226.95,457.9,-13.8,-13.8
227.00,457.2,-13.8,-13.8
227.05,456.5,-13.8,-13.8
227.10,455.8,-13.8,-13.8
227.15,455.1,-13.8,-13.8
227.20,454.4,-13.8,-13.8
227.25,453.7,-13.8,-13.8
227.30,453.1,-13.8,-13.8
227.35,452.4,-13.8,-13.8
227.40,451.7,-13.8,-13.8
227.45,451.0,-13.8,-13.8
227.50,450.3,-13.8,-13.8
227.55,449.6,-13.8,-13.8
227.60,448.9,-13.8,-13.8
227.65,448.2,-13.8,-13.8
227.70,447.5,-13.8,-13.8
227.75,446.9,-13.8,-13.8
227.80,446.2,-13.8,-13.8
227.85,445.5,-13.8,-13.8
227.90,444.8,-13.8,-13.8
227.95,444.1,-13.8,-13.8
228.00,443.4,-13.8,-13.8
228.05,442.7,-13.8,-13.8
228.10,442.0,-13.8,-13.8
228.15,441.3,-13.8,-13.8
228.20,440.6,-13.8,-13.8
228.25,440.0,-13.8,-13.8
228.30,439.3,-13.8,-13.8
228.35,438.6,-13.8,-13.8
228.40,437.9,-13.8,-13.8
228.45,437.2,-13.8,-13.8
228.50,436.5,-13.8,-13.8
228.55,435.8,-13.8,-13.8
228.60,435.1,-13.8,-13.8
228.65,434.4,-13.8,-13.8
228.70,433.8,-13.8,-13.8
228.75,433.1,-13.8,-13.8
228.80,432.4,-13.8,-13.8
228.85,431.7,-13.8,-13.8
228.90,431.0,-13.8,-13.8
228.95,430.3,-13.8,-13.8
229.00,429.6,-13.8,-13.8
229.05,428.9,-13.8,-13.8
229.10,428.2,-13.8,-13.8
229.15,427.6,-13.8,-13.8
229.20,426.9,-13.8,-13.8
229.25,426.2,-13.8,-13.8
229.30,425.5,-13.8,-13.8
229.35,424.8,-13.8,-13.8
229.40,424.1,-13.8,-13.8
229.45,423.4,-13.8,-13.8
229.50,422.7,-13.8,-13.8
229.55,422.0,-13.8,-13.8
229.60,421.4,-13.8,-13.8
229.65,420.7,-13.8,-13.8
229.70,420.0,-13.8,-13.8
229.75,419.3,-13.8,-13.8
229.80,418.6,-13.8,-13.8
229.85,417.9,-13.8,-13.8
229.90,417.2,-13.8,-13.8
229.95,416.5,-13.8,-13.8
230.00,415.8,-13.8,-13.8
230.05,415.2,-13.8,-13.8
230.10,414.5,-13.8,-13.8
230.15,413.8,-13.8,-13.8
230.20,413.1,-13.8,-13.8
230.25,412.4,-13.8,-13.8
230.30,411.7,-13.8,-13.8
230.35,411.0,-13.8,-13.8
230.40,410.3,-13.8,-13.8
230.45,409.6,-13.8,-13.8
230.50,409.0,-13.8,-13.8
230.55,408.3,-13.8,-13.8
230.60,407.6,-13.8,-13.8
230.65,406.9,-13.8,-13.8
230.70,406.2,-13.8,-13.8
230.75,405.5,-13.8,-13.8
230.80,404.8,-13.8,-13.8
230.85,404.1,-13.8,-13.8
230.90,403.4,-13.8,-13.8
230.95,402.8,-13.8,-13.8
231.00,402.1,-13.8,-13.8
231.05,401.4,-13.8,-13.8
231.10,400.7,-13.8,-13.8
231.15,400.0,-13.8,-13.8
231.20,399.3,-13.8,-13.8
231.25,398.6,-13.8,-13.8
231.30,397.9,-13.8,-13.8
231.35,397.2,-13.8,-13.8
231.40,396.6,-13.8,-13.8
231.45,395.9,-13.8,-13.8
231.50,395.2,-13.8,-13.8
231.55,394.5,-13.8,-13.8
231.60,393.8,-13.8,-13.8
231.65,393.1,-13.8,-13.8
231.70,392.4,-13.8,-13.8
231.75,391.7,-13.8,-13.8
231.80,391.0,-13.8,-13.8
231.85,390.4,-13.8,-13.8
231.90,389.7,-13.8,-13.8
231.95,389.0,-13.8,-13.8
232.00,388.3,-13.8,-13.8
232.05,387.6,-13.8,-13.8
232.10,386.9,-13.8,-13.8
232.15,386.2,-13.8,-13.8
232.20,385.5,-13.8,-13.8
232.25,384.8,-13.8,-13.8
232.30,384.2,-13.8,-13.8
232.35,383.5,-13.8,-13.8
232.40,382.8,-13.8,-13.8
232.45,382.1,-13.8,-13.8
232.50,381.4,-13.8,-13.8
232.55,380.7,-13.8,-13.8
232.60,380.0,-13.8,-13.8
232.65,379.3,-13.8,-13.8
232.70,378.6,-13.8,-13.8
232.75,378.0,-13.8,-13.8
232.80,377.3,-13.8,-13.8
232.85,376.6,-13.8,-13.8
232.90,375.9,-13.8,-13.8
232.95,375.2,-13.8,-13.8
233.00,374.5,-13.8,-13.8
233.05,373.8,-13.8,-13.8
233.10,373.1,-13.8,-13.8
233.15,372.4,-13.8,-13.8
233.20,371.8,-13.8,-13.8
233.25,371.1,-13.8,-13.8
233.30,370.4,-13.8,-13.8
233.35,369.7,-13.8,-13.8
233.40,369.0,-13.8,-13.8
233.45,368.3,-13.8,-13.8
233.50,367.6,-13.8,-13.8
233.55,366.9,-13.8,-13.8
233.60,366.2,-13.8,-13.8
233.65,365.6,-13.8,-13.8
233.70,364.9,-13.8,-13.8
233.75,364.2,-13.8,-13.8
233.80,363.5,-13.8,-13.8
233.85,362.8,-13.8,-13.8
233.90,362.1,-13.8,-13.8
233.95,361.4,-13.8,-13.8
234.00,360.7,-13.8,-13.8
234.05,360.0,-13.8,-13.8
234.10,359.4,-13.8,-13.8
234.15,358.7,-13.8,-13.8
234.20,358.0,-13.8,-13.8
234.25,357.3,-13.8,-13.8
234.30,356.6,-13.8,-13.8
234.35,355.9,-13.8,-13.8
234.40,355.2,-13.8,-13.8
234.45,354.5,-13.8,-13.8
234.50,353.8,-13.8,-13.8
234.55,353.1,-13.8,-13.8
234.60,352.5,-13.8,-13.8
234.65,351.8,-13.8,-13.8
234.70,351.1,-13.8,-13.8
234.75,350.4,-13.8,-13.8
234.80,349.7,-13.8,-13.8
234.85,349.0,-13.8,-13.8
234.90,348.3,-13.8,-13.8
234.95,347.6,-13.8,-13.8
235.00,346.9,-13.8,-13.8
235.05,346.3,-13.8,-13.8
235.10,345.6,-13.8,-13.8
235.15,344.9,-13.8,-13.8
235.20,344.2,-13.8,-13.8
235.25,343.5,-13.8,-13.8
235.30,342.8,-13.8,-13.8
235.35,342.1,-13.8,-13.8
235.40,341.4,-13.8,-13.8
235.45,340.7,-13.8,-13.8
235.50,340.1,-13.8,-13.8
235.55,339.4,-13.8,-13.8
235.60,338.7,-13.8,-13.8
235.65,338.0,-13.8,-13.8
235.70,337.3,-13.8,-13.8
235.75,336.6,-13.8,-13.8
235.80,335.9,-13.8,-13.8
235.85,335.2,-13.8,-13.8
235.90,334.5,-13.8,-13.8
235.95,333.9,-13.8,-13.8
236.00,333.2,-13.8,-13.8
236.05,332.5,-13.8,-13.8
236.10,331.8,-13.8,-13.8
236.15,331.1,-13.8,-13.8
236.20,330.4,-13.8,-13.8
236.25,329.7,-13.8,-13.8
236.30,329.0,-13.8,-13.8
236.35,328.3,-13.8,-13.8
236.40,327.7,-13.8,-13.8
236.45,327.0,-13.8,-13.8
236.50,326.3,-13.8,-13.8
236.55,325.6,-13.8,-13.8
236.60,324.9,-13.8,-13.8
236.65,324.2,-13.8,-13.8
236.70,323.5,-13.8,-13.8
236.75,322.8,-13.8,-13.8
236.80,322.1,-13.8,-13.8
236.85,321.5,-13.8,-13.8
236.90,320.8,-13.8,-13.8
236.95,320.1,-13.8,-13.8
237.00,319.4,-13.8,-13.8
237.05,318.7,-13.8,-13.8
237.10,318.0,-13.8,-13.8
237.15,317.3,-13.8,-13.8
237.20,316.6,-13.8,-13.8
237.25,315.9,-13.8,-13.8
237.30,315.3,-13.8,-13.8
237.35,314.6,-13.8,-13.8
237.40,313.9,-13.8,-13.8
237.45,313.2,-13.8,-13.8
237.50,312.5,-13.8,-13.8
237.55,311.8,-13.8,-13.8
237.60,311.1,-13.8,-13.8
237.65,310.4,-13.8,-13.8
237.70,309.7,-13.8,-13.8
237.75,309.1,-13.8,-13.8
237.80,308.4,-13.8,-13.8
237.85,307.7,-13.8,-13.8
237.90,307.0,-13.8,-13.8
237.95,306.3,-13.8,-13.8
238.00,305.6,-13.8,-13.8
238.05,304.9,-13.8,-13.8
238.10,304.2,-13.8,-13.8
238.15,303.5,-13.8,-13.8
238.20,302.9,-13.8,-13.8
238.25,302.2,-13.8,-13.8
238.30,301.5,-13.8,-13.8
238.35,300.8,-13.8,-13.8
238.40,300.1,-13.8,-13.8
238.45,299.4,-13.8,-13.8
238.50,298.7,-13.8,-13.8
238.55,298.0,-13.8,-13.8
238.60,297.3,-13.8,-13.8
238.65,296.7,-13.8,-13.8
238.70,296.0,-13.8,-13.8
238.75,295.3,-13.8,-13.8
238.80,294.6,-13.8,-13.8
238.85,293.9,-13.8,-13.8
238.90,293.2,-13.8,-13.8
238.95,292.5,-13.8,-13.8
239.00,291.8,-13.8,-13.8
239.05,291.1,-13.8,-13.8
239.10,290.5,-13.8,-13.8
239.15,289.8,-13.8,-13.8
239.20,289.1,-13.8,-13.8
239.25,288.4,-13.8,-13.8
239.30,287.7,-13.8,-13.8
239.35,287.0,-13.8,-13.8
239.40,286.3,-13.8,-13.8
239.45,285.6,-13.8,-13.8
239.50,284.9,-13.8,-13.8
239.55,284.3,-13.8,-13.8
239.60,283.6,-13.8,-13.8
239.65,282.9,-13.8,-13.8
239.70,282.2,-13.8,-13.8
239.75,281.5,-13.8,-13.8
239.80,280.8,-13.8,-13.8
239.85,280.1,-13.8,-13.8
239.90,279.4,-13.8,-13.8
239.95,278.7,-13.8,-13.8
240.00,278.1,-13.8,-13.8
240.05,277.4,-13.8,-13.8
240.10,276.7,-13.8,-13.8
240.15,276.0,-13.8,-13.8
240.20,275.3,-13.8,-13.8
240.25,274.6,-13.8,-13.8
240.30,273.9,-13.8,-13.8
240.35,273.2,-13.8,-13.8
240.40,272.5,-13.8,-13.8
240.45,271.9,-13.8,-13.8
240.50,271.2,-13.8,-13.8
240.55,270.5,-13.8,-13.8
240.60,269.8,-13.8,-13.8
240.65,269.1,-13.8,-13.8
240.70,268.4,-13.8,-13.8
240.75,267.7,-13.8,-13.8
240.80,267.0,-13.8,-13.8
240.85,266.3,-13.8,-13.8
240.90,265.6,-13.8,-13.8
240.95,265.0,-13.8,-13.8
241.00,264.3,-13.8,-13.8
241.05,263.6,-13.8,-13.8
241.10,262.9,-13.8,-13.8
241.15,262.2,-13.8,-13.8
241.20,261.5,-13.8,-13.8
241.25,260.8,-13.8,-13.8
241.30,260.1,-13.8,-13.8
241.35,259.4,-13.8,-13.8
241.40,258.8,-13.8,-13.8
241.45,258.1,-13.8,-13.8
241.50,257.4,-13.8,-13.8
241.55,256.7,-13.8,-13.8
241.60,256.0,-13.8,-13.8
241.65,255.3,-13.8,-13.8
241.70,254.6,-13.8,-13.8
241.75,253.9,-13.8,-13.8
241.80,253.2,-13.8,-13.8
241.85,252.6,-13.8,-13.8
241.90,251.9,-13.8,-13.8
241.95,251.2,-13.8,-13.8
242.00,250.5,-13.8,-13.8
242.05,249.8,-13.8,-13.8
242.10,249.1,-13.8,-13.8
242.15,248.4,-13.8,-13.8
242.20,247.7,-13.8,-13.8
242.25,247.0,-13.8,-13.8
242.30,246.4,-13.8,-13.8
242.35,245.7,-13.8,-13.8
242.40,245.0,-13.8,-13.8
242.45,244.3,-13.8,-13.8
242.50,243.6,-13.8,-13.8
242.55,242.9,-13.8,-13.8
242.60,242.2,-13.8,-13.8
242.65,241.5,-13.8,-13.8
242.70,240.8,-13.8,-13.8
242.75,240.2,-13.8,-13.8
242.80,239.5,-13.8,-13.8
242.85,238.8,-13.8,-13.8
242.90,238.1,-13.8,-13.8
242.95,237.4,-13.8,-13.8
243.00,236.7,-13.8,-13.8
243.05,236.0,-13.8,-13.8
243.10,235.3,-13.8,-13.8
243.15,234.6,-13.8,-13.8
243.20,234.0,-13.8,-13.8
243.25,233.3,-13.8,-13.8
243.30,232.6,-13.8,-13.8
243.35,231.9,-13.8,-13.8
243.40,231.2,-13.8,-13.8
243.45,230.5,-13.8,-13.8
243.50,229.8,-13.8,-13.8
243.55,229.1,-13.8,-13.8
243.60,228.4,-13.8,-13.8
243.65,227.8,-13.8,-13.8
243.70,227.1,-13.8,-13.8
243.75,226.4,-13.8,-13.8
243.80,225.7,-13.8,-13.8
243.85,225.0,-13.8,-13.8
243.90,224.3,-13.8,-13.8
243.95,223.6,-13.8,-13.8
244.00,222.9,-13.8,-13.8
244.05,222.2,-13.8,-13.8
244.10,221.6,-13.8,-13.8
244.15,220.9,-13.8,-13.8
244.20,220.2,-13.8,-13.8
244.25,219.5,-13.8,-13.8
244.30,218.8,-13.8,-13.8
244.35,218.1,-13.8,-13.8
244.40,217.4,-13.8,-13.8
244.45,216.7,-13.8,-13.8
244.50,216.0,-13.8,-13.8
244.55,215.4,-13.8,-13.8
244.60,214.7,-13.8,-13.8
244.65,214.0,-13.8,-13.8
244.70,213.3,-13.8,-13.8
244.75,212.6,-13.8,-13.8
244.80,211.9,-13.8,-13.8
244.85,211.2,-13.8,-13.8
244.90,210.5,-13.8,-13.8
244.95,209.8,-13.8,-13.8
245.00,209.2,-13.8,-13.8
245.05,208.5,-13.8,-13.8
245.10,207.8,-13.8,-13.8
245.15,207.1,-13.8,-13.8
245.20,206.4,-13.8,-13.8
245.25,205.7,-13.8,-13.8
245.30,205.0,-13.8,-13.8
245.35,204.3,-13.8,-13.8
245.40,203.6,-13.8,-13.8
245.45,203.0,-13.8,-13.8
245.50,202.3,-13.8,-13.8
245.55,201.6,-13.8,-13.8
245.60,200.9,-13.8,-13.8
245.65,200.2,-13.8,-13.8
245.70,199.5,-13.8,-13.8
245.75,198.8,-13.8,-13.8
245.80,198.1,-13.8,-13.8
245.85,197.4,-13.8,-13.8
245.90,196.8,-13.8,-13.8
245.95,196.1,-13.8,-13.8
246.00,195.4,-13.8,-13.8
246.05,194.7,-13.8,-13.8
246.10,194.0,-13.8,-13.8
246.15,193.3,-13.8,-13.8
246.20,192.6,-13.8,-13.8
246.25,191.9,-13.8,-13.8
246.30,191.2,-13.8,-13.8
246.35,190.6,-13.8,-13.8
246.40,189.9,-13.8,-13.8
246.45,189.2,-13.8,-13.8
246.50,188.5,-13.8,-13.8
246.55,187.8,-13.8,-13.8
246.60,187.1,-13.8,-13.8
246.65,186.4,-13.8,-13.8
246.70,185.7,-13.8,-13.8
246.75,185.0,-13.8,-13.8
246.80,184.4,-13.8,-13.8
246.85,183.7,-13.8,-13.8
246.90,183.0,-13.8,-13.8
246.95,182.3,-13.8,-13.8
247.00,181.6,-13.8,-13.8
247.05,180.9,-13.8,-13.8
247.10,180.2,-13.8,-13.8
247.15,179.5,-13.8,-13.8
247.20,178.8,-13.8,-13.8
247.25,178.1,-13.8,-13.8
247.30,177.5,-13.8,-13.8
247.35,176.8,-13.8,-13.8
247.40,176.1,-13.8,-13.8
247.45,175.4,-13.8,-13.8
247.50,174.7,-13.8,-13.8
247.55,174.0,-13.8,-13.8
247.60,173.3,-13.8,-13.8
247.65,172.6,-13.8,-13.8
247.70,171.9,-13.8,-13.8
247.75,171.3,-13.8,-13.8
247.80,170.6,-13.8,-13.8
247.85,169.9,-13.8,-13.8
247.90,169.2,-13.8,-13.8
247.95,168.5,-13.8,-13.8
248.00,167.8,-13.8,-13.8
248.05,167.1,-13.8,-13.8
248.10,166.4,-13.8,-13.8
248.15,165.7,-13.8,-13.8
248.20,165.1,-13.8,-13.8
248.25,164.4,-13.8,-13.8
248.30,163.7,-13.8,-13.8
248.35,163.0,-13.8,-13.8
248.40,162.3,-13.8,-13.8
248.45,161.6,-13.8,-13.8
248.50,160.9,-13.8,-13.8
248.55,160.2,-13.8,-13.8
248.60,159.5,-13.8,-13.8
248.65,158.9,-13.8,-13.8
248.70,158.2,-13.8,-13.8
248.75,157.5,-13.8,-13.8
248.80,156.8,-13.8,-13.8
248.85,156.1,-13.8,-13.8
248.90,155.4,-13.8,-13.8
248.95,154.7,-13.8,-13.8
249.00,154.0,-13.8,-13.8
249.05,153.3,-13.8,-13.8
249.10,152.7,-13.8,-13.8
249.15,152.0,-13.8,-13.8
249.20,151.3,-13.8,-13.8
249.25,150.6,-13.8,-13.8
249.30,149.9,-13.8,-13.8
249.35,149.2,-13.8,-13.8
249.40,148.5,-13.8,-13.8
249.45,147.8,-13.8,-13.8
249.50,147.1,-13.8,-13.8
249.55,146.5,-13.8,-13.8
249.60,145.8,-13.8,-13.8
249.65,145.1,-13.8,-13.8
249.70,144.4,-13.8,-13.8
249.75,143.7,-13.8,-13.8
249.80,143.0,-13.8,-13.8
249.85,142.3,-13.8,-13.8
249.90,141.6,-13.8,-13.8
249.95,140.9,-13.8,-13.8
250.00,140.3,-13.8,-13.8
250.05,139.6,-13.8,-13.8
250.10,138.9,-13.8,-13.8
250.15,138.2,-13.8,-13.8
250.20,137.5,-13.8,-13.8
250.25,136.8,-13.8,-13.8
250.30,136.1,-13.8,-13.8
250.35,135.4,-13.8,-13.8
250.40,134.7,-13.8,-13.8
250.45,134.1,-13.8,-13.8
250.50,133.4,-13.8,-13.8
250.55,132.7,-13.8,-13.8
250.60,132.0,-13.8,-13.8
250.65,131.3,-13.8,-13.8
250.70,130.6,-13.8,-13.8
250.75,129.9,-13.8,-13.8
250.80,129.2,-13.8,-13.8
250.85,128.5,-13.8,-13.8
250.90,127.9,-13.8,-13.8
250.95,127.2,-13.8,-13.8
251.00,126.5,-13.8,-13.8
251.05,125.8,-13.8,-13.8
251.10,125.1,-13.8,-13.8
251.15,124.4,-13.8,-13.8
251.20,123.7,-13.8,-13.8
251.25,123.0,-13.8,-13.8
251.30,122.3,-13.8,-13.8
251.35,121.7,-13.8,-13.8
251.40,121.0,-13.8,-13.8
251.45,120.3,-13.8,-13.8
251.50,119.6,-13.8,-13.8
251.55,118.9,-13.8,-13.8
251.60,118.2,-13.8,-13.8
251.65,117.5,-13.8,-13.8
251.70,116.8,-13.8,-13.8
251.75,116.1,-13.8,-13.8
251.80,115.5,-13.8,-13.8
251.85,114.8,-13.8,-13.8
251.90,114.1,-13.8,-13.8
251.95,113.4,-13.8,-13.8
252.00,112.7,-13.8,-13.8
252.05,112.0,-13.8,-13.8
252.10,111.3,-13.8,-13.8
252.15,110.6,-13.8,-13.8
252.20,109.9,-13.8,-13.8
252.25,109.3,-13.8,-13.8
252.30,108.6,-13.8,-13.8
252.35,107.9,-13.8,-13.8
252.40,107.2,-13.8,-13.8
252.45,106.5,-13.8,-13.8
252.50,105.8,-13.8,-13.8
252.55,105.1,-13.8,-13.8
252.60,104.4,-13.8,-13.8
252.65,103.7,-13.8,-13.8
252.70,103.1,-13.8,-13.8
252.75,102.4,-13.8,-13.8
252.80,101.7,-13.8,-13.8
252.85,101.0,-13.8,-13.8
252.90,100.3,-13.8,-13.8
252.95,99.6,-13.8,-13.8
253.00,98.9,-13.8,-13.8
253.05,98.2,-13.8,-13.8
253.10,97.5,-13.8,-13.8
253.15,96.9,-13.8,-13.8
253.20,96.2,-13.8,-13.8
253.25,95.5,-13.8,-13.8
253.30,94.8,-13.8,-13.8
253.35,94.1,-13.8,-13.8
253.40,93.4,-13.8,-13.8
253.45,92.7,-13.8,-13.8
253.50,92.0,-13.8,-13.8
253.55,91.3,-13.8,-13.8
253.60,90.6,-13.8,-13.8
253.65,90.0,-13.8,-13.8
253.70,89.3,-13.8,-13.8
253.75,88.6,-13.8,-13.8
253.80,87.9,-13.8,-13.8
253.85,87.2,-13.8,-13.8
253.90,86.5,-13.8,-13.8
253.95,85.8,-13.8,-13.8
254.00,85.1,-13.8,-13.8
254.05,84.4,-13.8,-13.8
254.10,83.8,-13.8,-13.8
254.15,83.1,-13.8,-13.8
254.20,82.4,-13.8,-13.8
254.25,81.7,-13.8,-13.8
254.30,81.0,-13.8,-13.8
254.35,80.3,-13.8,-13.8
254.40,79.6,-13.8,-13.8
254.45,78.9,-13.8,-13.8
254.50,78.2,-13.8,-13.8
254.55,77.6,-13.8,-13.8
254.60,76.9,-13.8,-13.8
254.65,76.2,-13.8,-13.8
254.70,75.5,-13.8,-13.8
254.75,74.8,-13.8,-13.8
254.80,74.1,-13.8,-13.8
254.85,73.4,-13.8,-13.8
254.90,72.7,-13.8,-13.8
254.95,72.0,-13.8,-13.8
255.00,71.4,-13.8,-13.8
255.05,70.7,-13.8,-13.8
255.10,70.0,-13.8,-13.8
255.15,69.3,-13.8,-13.8
255.20,68.6,-13.8,-13.8
255.25,67.9,-13.8,-13.8
255.30,67.2,-13.8,-13.8
255.35,66.5,-13.8,-13.8
255.40,65.8,-13.8,-13.8
255.45,65.2,-13.8,-13.8
255.50,64.5,-13.8,-13.8
255.55,63.8,-13.8,-13.8
255.60,63.1,-13.8,-13.8
255.65,62.4,-13.8,-13.8
255.70,61.7,-13.8,-13.8
255.75,61.0,-13.8,-13.8
255.80,60.3,-13.8,-13.8
255.85,59.6,-13.8,-13.8
255.90,59.0,-13.8,-13.8
255.95,58.3,-13.8,-13.8
256.00,57.6,-13.8,-13.8
256.05,56.9,-13.8,-13.8
256.10,56.2,-13.8,-13.8
256.15,55.5,-13.8,-13.8
256.20,54.8,-13.8,-13.8
256.25,54.1,-13.8,-13.8
256.30,53.4,-13.8,-13.8
256.35,52.8,-13.8,-13.8
256.40,52.1,-13.8,-13.8
256.45,51.4,-13.8,-13.8
256.50,50.7,-13.8,-13.8
256.55,50.0,-13.8,-13.8
256.60,49.3,-13.8,-13.8
256.65,48.6,-13.8,-13.8
256.70,47.9,-13.8,-13.8
256.75,47.2,-13.8,-13.8
256.80,46.6,-13.8,-13.8
256.85,45.9,-13.8,-13.8
256.90,45.2,-13.8,-13.8
256.95,44.5,-13.8,-13.8
257.00,43.8,-13.8,-13.8
257.05,43.1,-13.8,-13.8
257.10,42.4,-13.8,-13.8
257.15,41.7,-13.8,-13.8
257.20,41.0,-13.8,-13.8
257.25,40.4,-13.8,-13.8
257.30,39.7,-13.8,-13.8
257.35,39.0,-13.8,-13.8
257.40,38.3,-13.8,-13.8
257.45,37.6,-13.8,-13.8
257.50,36.9,-13.8,-13.8
257.55,36.2,-13.8,-13.8
257.60,35.5,-13.8,-13.8
257.65,34.8,-13.8,-13.8
257.70,34.2,-13.8,-13.8
257.75,33.5,-13.8,-13.8
257.80,32.8,-13.8,-13.8
257.85,32.1,-13.8,-13.8
257.90,31.4,-13.8,-13.8
257.95,30.7,-13.8,-13.8
258.00,30.0,-13.8,-13.8
258.05,29.3,-13.8,-13.8
258.10,28.6,-13.8,-13.8
258.15,28.0,-13.8,-13.8
258.20,27.3,-13.8,-13.8
258.25,26.6,-13.8,-13.8
258.30,25.9,-13.8,-13.8
258.35,25.2,-13.8,-13.8
258.40,24.5,-13.8,-13.8
258.45,23.8,-13.8,-13.8
258.50,23.1,-13.8,-13.8
258.55,22.4,-13.8,-13.8
258.60,21.8,-13.8,-13.8
258.65,21.1,-13.8,-13.8
258.70,20.4,-13.8,-13.8
258.75,19.7,-13.8,-13.8
258.80,19.0,-13.8,-13.8
258.85,18.3,-13.8,-13.8
258.90,17.6,-13.8,-13.8
258.95,16.9,-13.8,-13.8
259.00,16.2,-13.8,-13.8
259.05,15.6,-13.8,-13.8
259.10,14.9,-13.8,-13.8
259.15,14.2,-13.8,-13.8
259.20,13.5,-13.8,-13.8
259.25,12.8,-13.8,-13.8
259.30,12.1,-13.8,-13.8
259.35,11.4,-13.8,-13.8
259.40,10.7,-13.8,-13.8
259.45,10.0,-13.8,-13.8
259.50,9.4,-13.8,-13.8
259.55,8.7,-13.8,-13.8
259.60,8.0,-13.8,-13.8
259.65,7.3,-13.8,-13.8
259.70,6.6,-13.8,-13.8
259.75,5.9,-13.8,-13.8
259.80,5.2,-13.8,-13.8
259.85,4.5,-13.8,-13.8
259.90,3.8,-13.8,-13.8
259.95,3.1,-13.8,-13.8
260.00,2.5,-13.8,-13.8
260.05,1.8,-13.8,-13.8
260.10,1.1,-13.8,-13.8
260.15,0.4,-13.8,-13.8
260.20,0.0,-13.8,-13.8
