Synthetic,"This flight is SYNTHETIC — numbers Debrief made up to demonstrate what it can read. It is not a recording of anything, nothing here was flown, and no figure from it means anything about a real rocket."
Demonstrates,"an accelerometer that ran out of range"

Elapsed,Height,Rate,G force
0.00,0.0,0.0,1.00
0.05,0.0,0.0,1.00
0.10,0.0,0.0,1.00
0.15,0.0,0.0,1.00
0.20,0.0,0.0,1.00
0.25,0.0,0.0,1.00
0.30,0.0,0.0,1.00
0.35,0.0,0.0,1.00
0.40,0.0,0.0,1.00
0.45,0.0,0.0,1.00
0.50,0.0,0.0,1.00
0.55,0.0,0.0,1.00
0.60,0.0,0.0,1.00
0.65,0.0,0.0,1.00
0.70,0.0,0.0,1.00
0.75,0.0,0.0,1.00
0.80,0.0,0.0,1.00
0.85,0.0,0.0,1.00
0.90,0.0,0.0,1.00
0.95,0.0,0.0,1.00
1.00,0.0,0.0,1.00
1.05,0.0,0.0,1.00
1.10,0.0,0.0,1.00
1.15,0.0,0.0,1.00
1.20,0.0,0.0,1.00
1.25,0.0,0.0,1.00
1.30,0.0,0.0,1.00
1.35,0.0,0.0,1.00
1.40,0.0,0.0,1.00
1.45,0.0,0.0,1.00
1.50,0.0,0.0,1.00
1.55,0.0,0.0,1.00
1.60,0.0,0.0,1.00
1.65,0.0,0.0,1.00
1.70,0.0,0.0,1.00
1.75,0.0,0.0,1.00
1.80,0.0,0.0,1.00
1.85,0.0,0.0,1.00
1.90,0.0,0.0,1.00
1.95,0.0,0.0,1.00
2.00,0.0,0.0,1.00
2.05,0.0,0.0,1.00
2.10,0.0,0.0,1.00
2.15,0.0,0.0,1.00
2.20,0.0,0.0,1.00
2.25,0.0,0.0,1.00
2.30,0.0,0.0,1.00
2.35,0.0,0.0,1.00
2.40,0.0,0.0,1.00
2.45,0.0,0.0,1.00
2.50,0.0,0.0,1.00
2.55,0.0,0.0,1.00
2.60,0.0,0.0,1.00
2.65,0.0,0.0,1.00
2.70,0.0,0.0,1.00
2.75,0.0,0.0,1.00
2.80,0.0,0.0,1.00
2.85,0.0,0.0,1.00
2.90,0.0,0.0,1.00
2.95,0.0,0.0,1.00
3.00,0.0,0.0,0.00
3.05,-0.1,-1.6,3.13
3.10,0.0,1.8,6.21
3.15,0.5,10.2,9.18
3.20,1.7,23.4,12.00
3.25,3.7,41.1,14.61
3.30,6.9,63.0,16.00
3.35,11.3,88.6,16.00
3.40,17.2,117.7,16.00
3.45,24.7,149.5,16.00
3.50,33.9,183.6,16.00
3.55,44.8,219.3,16.00
3.60,57.6,255.9,16.00
3.65,72.3,292.9,16.00
3.70,88.7,329.6,16.00
3.75,107.0,365.3,16.00
3.80,127.0,399.3,16.00
3.85,148.5,431.2,16.00
3.90,171.6,460.2,16.00
3.95,195.8,485.9,14.61
4.00,221.2,507.8,12.00
4.05,247.5,525.5,9.18
4.10,274.4,538.6,6.21
4.15,301.8,547.0,3.13
4.20,329.3,550.5,0.00
4.25,356.8,548.9,0.00
4.30,384.1,547.2,0.00
4.35,411.4,545.6,0.00
4.40,438.6,544.0,0.00
4.45,465.7,542.4,0.00
4.50,492.7,540.8,0.00
4.55,519.7,539.2,0.00
4.60,546.6,537.6,0.00
4.65,573.4,536.0,0.00
4.70,600.1,534.4,0.00
4.75,626.7,532.7,0.00
4.80,653.3,531.1,0.00
4.85,679.8,529.5,0.00
4.90,706.2,527.9,0.00
4.95,732.5,526.3,0.00
5.00,758.7,524.7,0.00
5.05,784.9,523.1,0.00
5.10,811.0,521.5,0.00
5.15,836.9,519.9,0.00
5.20,862.9,518.3,0.00
5.25,888.7,516.7,0.00
5.30,914.4,515.1,0.00
5.35,940.1,513.5,0.00
5.40,965.7,511.8,0.00
5.45,991.2,510.2,0.00
5.50,1016.7,508.6,0.00
5.55,1042.0,507.0,0.00
5.60,1067.3,505.4,0.00
5.65,1092.5,503.8,0.00
5.70,1117.6,502.2,0.00
5.75,1142.6,500.6,0.00
5.80,1167.6,499.0,0.00
5.85,1192.4,497.4,0.00
5.90,1217.2,495.8,0.00
5.95,1241.9,494.2,0.00
6.00,1266.5,492.5,0.00
6.05,1291.1,490.9,0.00
6.10,1315.6,489.3,0.00
6.15,1339.9,487.7,0.00
6.20,1364.2,486.1,0.00
6.25,1388.5,484.5,0.00
6.30,1412.6,482.9,0.00
6.35,1436.7,481.3,0.00
6.40,1460.7,479.7,0.00
6.45,1484.5,478.1,0.00
6.50,1508.4,476.4,0.00
6.55,1532.1,474.8,0.00
6.60,1555.8,473.2,0.00
6.65,1579.4,471.6,0.00
6.70,1602.9,470.0,0.00
6.75,1626.3,468.4,0.00
6.80,1649.6,466.8,0.00
6.85,1672.9,465.2,0.00
6.90,1696.1,463.6,0.00
6.95,1719.2,462.0,0.00
7.00,1742.2,460.4,0.00
7.05,1765.1,458.8,0.00
7.10,1788.0,457.2,0.00
7.15,1810.8,455.5,0.00
7.20,1833.5,453.9,0.00
7.25,1856.1,452.3,0.00
7.30,1878.6,450.7,0.00
7.35,1901.0,449.1,0.00
7.40,1923.4,447.5,0.00
7.45,1945.7,445.9,0.00
7.50,1967.9,444.3,0.00
7.55,1990.1,442.7,0.00
7.60,2012.1,441.0,0.00
7.65,2034.1,439.4,0.00
7.70,2056.0,437.8,0.00
7.75,2077.8,436.2,0.00
7.80,2099.5,434.6,0.00
7.85,2121.2,433.0,0.00
7.90,2142.7,431.4,0.00
7.95,2164.2,429.8,0.00
8.00,2185.7,428.2,0.00
8.05,2207.0,426.6,0.00
8.10,2228.2,425.0,0.00
8.15,2249.4,423.4,0.00
8.20,2270.5,421.8,0.00
8.25,2291.5,420.1,0.00
8.30,2312.4,418.5,0.00
8.35,2333.3,416.9,0.00
8.40,2354.0,415.3,0.00
8.45,2374.7,413.7,0.00
8.50,2395.3,412.1,0.00
8.55,2415.8,410.5,0.00
8.60,2436.3,408.9,0.00
8.65,2456.7,407.3,0.00
8.70,2476.9,405.7,0.00
8.75,2497.1,404.1,0.00
8.80,2517.3,402.5,0.00
8.85,2537.3,400.9,0.00
8.90,2557.3,399.2,0.00
8.95,2577.2,397.6,0.00
9.00,2596.9,396.0,0.00
9.05,2616.7,394.4,0.00
9.10,2636.3,392.8,0.00
9.15,2655.9,391.2,0.00
9.20,2675.4,389.6,0.00
9.25,2694.8,388.0,0.00
9.30,2714.1,386.4,0.00
9.35,2733.3,384.7,0.00
9.40,2752.5,383.1,0.00
9.45,2771.5,381.5,0.00
9.50,2790.5,379.9,0.00
9.55,2809.4,378.3,0.00
9.60,2828.3,376.7,0.00
9.65,2847.0,375.1,0.00
9.70,2865.7,373.5,0.00
9.75,2884.3,371.9,0.00
9.80,2902.8,370.3,0.00
9.85,2921.3,368.7,0.00
9.90,2939.6,367.1,0.00
9.95,2957.9,365.5,0.00
10.00,2976.1,363.8,0.00
10.05,2994.2,362.2,0.00
10.10,3012.2,360.6,0.00
10.15,3030.2,359.0,0.00
10.20,3048.0,357.4,0.00
10.25,3065.8,355.8,0.00
10.30,3083.5,354.2,0.00
10.35,3101.1,352.6,0.00
10.40,3118.7,351.0,0.00
10.45,3136.2,349.4,0.00
10.50,3153.6,347.7,0.00
10.55,3170.9,346.1,0.00
10.60,3188.1,344.5,0.00
10.65,3205.2,342.9,0.00
10.70,3222.3,341.3,0.00
10.75,3239.3,339.7,0.00
10.80,3256.2,338.1,0.00
10.85,3273.0,336.5,0.00
10.90,3289.8,334.9,0.00
10.95,3306.4,333.3,0.00
11.00,3323.0,331.7,0.00
11.05,3339.5,330.1,0.00
11.10,3355.9,328.4,0.00
11.15,3372.3,326.8,0.00
11.20,3388.5,325.2,0.00
11.25,3404.7,323.6,0.00
11.30,3420.8,322.0,0.00
11.35,3436.8,320.4,0.00
11.40,3452.8,318.8,0.00
11.45,3468.6,317.2,0.00
11.50,3484.4,315.6,0.00
11.55,3500.1,314.0,0.00
11.60,3515.7,312.4,0.00
11.65,3531.3,310.8,0.00
11.70,3546.8,309.2,0.00
11.75,3562.1,307.5,0.00
11.80,3577.4,305.9,0.00
11.85,3592.6,304.3,0.00
11.90,3607.8,302.7,0.00
11.95,3622.8,301.1,0.00
12.00,3637.8,299.5,0.00
12.05,3652.7,297.9,0.00
12.10,3667.5,296.3,0.00
12.15,3682.3,294.7,0.00
12.20,3696.9,293.0,0.00
12.25,3711.5,291.4,0.00
12.30,3726.0,289.8,0.00
12.35,3740.4,288.2,0.00
12.40,3754.7,286.6,0.00
12.45,3768.9,285.0,0.00
12.50,3783.1,283.4,0.00
12.55,3797.2,281.8,0.00
12.60,3811.2,280.2,0.00
12.65,3825.1,278.6,0.00
12.70,3839.0,277.0,0.00
12.75,3852.8,275.4,0.00
12.80,3866.4,273.8,0.00
12.85,3880.1,272.1,0.00
12.90,3893.6,270.5,0.00
12.95,3907.0,268.9,0.00
13.00,3920.4,267.3,0.00
13.05,3933.7,265.7,0.00
13.10,3946.9,264.1,0.00
13.15,3960.0,262.5,0.00
13.20,3973.1,260.9,0.00
13.25,3986.0,259.3,0.00
13.30,3998.9,257.7,0.00
13.35,4011.7,256.1,0.00
13.40,4024.4,254.5,0.00
13.45,4037.1,252.9,0.00
13.50,4049.6,251.2,0.00
13.55,4062.1,249.6,0.00
13.60,4074.5,248.0,0.00
13.65,4086.8,246.4,0.00
13.70,4099.1,244.8,0.00
13.75,4111.2,243.2,0.00
13.80,4123.3,241.6,0.00
13.85,4135.3,240.0,0.00
13.90,4147.2,238.4,0.00
13.95,4159.1,236.7,0.00
14.00,4170.8,235.1,0.00
14.05,4182.5,233.5,0.00
14.10,4194.1,231.9,0.00
14.15,4205.6,230.3,0.00
14.20,4217.0,228.7,0.00
14.25,4228.4,227.1,0.00
14.30,4239.7,225.5,0.00
14.35,4250.9,223.9,0.00
14.40,4262.0,222.3,0.00
14.45,4273.0,220.7,0.00
14.50,4284.0,219.1,0.00
14.55,4294.8,217.5,0.00
14.60,4305.6,215.8,0.00
14.65,4316.3,214.2,0.00
14.70,4327.0,212.6,0.00
14.75,4337.5,211.0,0.00
14.80,4348.0,209.4,0.00
14.85,4358.4,207.8,0.00
14.90,4368.7,206.2,0.00
14.95,4378.9,204.6,0.00
15.00,4389.1,203.0,0.00
15.05,4399.1,201.3,0.00
15.10,4409.1,199.7,0.00
15.15,4419.0,198.1,0.00
15.20,4428.9,196.5,0.00
15.25,4438.6,194.9,0.00
15.30,4448.3,193.3,0.00
15.35,4457.8,191.7,0.00
15.40,4467.4,190.1,0.00
15.45,4476.8,188.5,0.00
15.50,4486.1,186.9,0.00
15.55,4495.4,185.3,0.00
15.60,4504.6,183.7,0.00
15.65,4513.7,182.1,0.00
15.70,4522.7,180.4,0.00
15.75,4531.7,178.8,0.00
15.80,4540.5,177.2,0.00
15.85,4549.3,175.6,0.00
15.90,4558.0,174.0,0.00
15.95,4566.6,172.4,0.00
16.00,4575.1,170.8,0.00
16.05,4583.6,169.2,0.00
16.10,4592.0,167.6,0.00
16.15,4600.3,166.0,0.00
16.20,4608.5,164.4,0.00
16.25,4616.6,162.8,0.00
16.30,4624.7,161.2,0.00
16.35,4632.7,159.5,0.00
16.40,4640.6,157.9,0.00
16.45,4648.4,156.3,0.00
16.50,4656.1,154.7,0.00
16.55,4663.8,153.1,0.00
16.60,4671.4,151.5,0.00
16.65,4678.8,149.9,0.00
16.70,4686.3,148.3,0.00
16.75,4693.6,146.7,0.00
16.80,4700.9,145.0,0.00
16.85,4708.0,143.4,0.00
16.90,4715.1,141.8,0.00
16.95,4722.1,140.2,0.00
17.00,4729.0,138.6,0.00
17.05,4735.9,137.0,0.00
17.10,4742.7,135.4,0.00
17.15,4749.4,133.8,0.00
17.20,4756.0,132.2,0.00
17.25,4762.5,130.6,0.00
17.30,4769.0,129.0,0.00
17.35,4775.3,127.4,0.00
17.40,4781.6,125.8,0.00
17.45,4787.8,124.1,0.00
17.50,4793.9,122.5,0.00
17.55,4800.0,120.9,0.00
17.60,4805.9,119.3,0.00
17.65,4811.8,117.7,0.00
17.70,4817.7,116.1,0.00
17.75,4823.4,114.5,0.00
17.80,4829.0,112.9,0.00
17.85,4834.6,111.3,0.00
17.90,4840.1,109.7,0.00
17.95,4845.5,108.1,0.00
18.00,4850.8,106.4,0.00
18.05,4856.0,104.8,0.00
18.10,4861.2,103.2,0.00
18.15,4866.3,101.6,0.00
18.20,4871.3,100.0,0.00
18.25,4876.2,98.4,0.00
18.30,4881.0,96.8,0.00
18.35,4885.8,95.2,0.00
18.40,4890.5,93.6,0.00
18.45,4895.0,92.0,0.00
18.50,4899.6,90.4,0.00
18.55,4904.0,88.7,0.00
18.60,4908.4,87.1,0.00
18.65,4912.7,85.5,0.00
18.70,4916.8,83.9,0.00
18.75,4921.0,82.3,0.00
18.80,4925.0,80.7,0.00
18.85,4928.9,79.1,0.00
18.90,4932.8,77.5,0.00
18.95,4936.6,75.9,0.00
19.00,4940.3,74.3,0.00
19.05,4944.0,72.7,0.00
19.10,4947.5,71.1,0.00
19.15,4951.0,69.5,0.00
19.20,4954.4,67.8,0.00
19.25,4957.7,66.2,0.00
19.30,4960.9,64.6,0.00
19.35,4964.1,63.0,0.00
19.40,4967.2,61.4,0.00
19.45,4970.1,59.8,0.00
19.50,4973.0,58.2,0.00
19.55,4975.9,56.6,0.00
19.60,4978.6,55.0,0.00
19.65,4981.3,53.3,0.00
19.70,4983.9,51.7,0.00
19.75,4986.4,50.1,0.00
19.80,4988.8,48.5,0.00
19.85,4991.2,46.9,0.00
19.90,4993.4,45.3,0.00
19.95,4995.6,43.7,0.00
20.00,4997.7,42.1,0.00
20.05,4999.7,40.5,0.00
20.10,5001.7,38.9,0.00
20.15,5003.5,37.3,0.00
20.20,5005.3,35.7,0.00
20.25,5007.0,34.1,0.00
20.30,5008.7,32.4,0.00
20.35,5010.2,30.8,0.00
20.40,5011.6,29.2,0.00
20.45,5013.0,27.6,0.00
20.50,5014.3,26.0,0.00
20.55,5015.6,24.4,0.00
20.60,5016.7,22.8,0.00
20.65,5017.7,21.2,0.00
20.70,5018.7,19.6,0.00
20.75,5019.7,18.0,0.00
20.80,5020.5,16.4,0.00
20.85,5021.2,14.8,0.00
20.90,5021.9,13.2,0.00
20.95,5022.4,11.5,0.00
21.00,5022.9,9.9,0.00
21.05,5023.3,8.3,0.00
21.10,5023.7,6.7,0.00
21.15,5023.9,5.1,0.00
21.20,5024.1,3.5,0.00
21.25,5024.2,1.9,0.00
21.30,5024.2,0.3,0.00
21.40,5022.9,-24.6,1.00
21.45,5021.7,-24.6,1.00
21.50,5020.4,-24.6,1.00
21.55,5019.2,-24.6,1.00
21.60,5018.0,-24.6,1.00
21.65,5016.8,-24.6,1.00
21.70,5015.5,-24.6,1.00
21.75,5014.3,-24.6,1.00
21.80,5013.1,-24.6,1.00
21.85,5011.8,-24.6,1.00
21.90,5010.6,-24.6,1.00
21.95,5009.4,-24.6,1.00
22.00,5008.1,-24.6,1.00
22.05,5006.9,-24.6,1.00
22.10,5005.7,-24.6,1.00
22.15,5004.5,-24.6,1.00
22.20,5003.2,-24.6,1.00
22.25,5002.0,-24.6,1.00
22.30,5000.8,-24.6,1.00
22.35,4999.5,-24.6,1.00
22.40,4998.3,-24.6,1.00
22.45,4997.1,-24.6,1.00
22.50,4995.8,-24.6,1.00
22.55,4994.6,-24.6,1.00
22.60,4993.4,-24.6,1.00
22.65,4992.2,-24.6,1.00
22.70,4990.9,-24.6,1.00
22.75,4989.7,-24.6,1.00
22.80,4988.5,-24.6,1.00
22.85,4987.2,-24.6,1.00
22.90,4986.0,-24.6,1.00
22.95,4984.8,-24.6,1.00
23.00,4983.5,-24.6,1.00
23.05,4982.3,-24.6,1.00
23.10,4981.1,-24.6,1.00
23.15,4979.9,-24.6,1.00
23.20,4978.6,-24.6,1.00
23.25,4977.4,-24.6,1.00
23.30,4976.1,-24.6,1.00
23.35,4974.9,-24.6,1.00
23.40,4973.7,-24.6,1.00
23.45,4972.5,-24.6,1.00
23.50,4971.2,-24.6,1.00
23.55,4970.0,-24.6,1.00
23.60,4968.8,-24.6,1.00
23.65,4967.6,-24.6,1.00
23.70,4966.3,-24.6,1.00
23.75,4965.1,-24.6,1.00
23.80,4963.8,-24.6,1.00
23.85,4962.6,-24.6,1.00
23.90,4961.4,-24.6,1.00
23.95,4960.2,-24.6,1.00
24.00,4958.9,-24.6,1.00
24.05,4957.7,-24.6,1.00
24.10,4956.5,-24.6,1.00
24.15,4955.2,-24.6,1.00
24.20,4954.0,-24.6,1.00
24.25,4952.8,-24.6,1.00
24.30,4951.5,-24.6,1.00
24.35,4950.3,-24.6,1.00
24.40,4949.1,-24.6,1.00
24.45,4947.9,-24.6,1.00
24.50,4946.6,-24.6,1.00
24.55,4945.4,-24.6,1.00
24.60,4944.2,-24.6,1.00
24.65,4942.9,-24.6,1.00
24.70,4941.7,-24.6,1.00
24.75,4940.5,-24.6,1.00
24.80,4939.2,-24.6,1.00
24.85,4938.0,-24.6,1.00
24.90,4936.8,-24.6,1.00
24.95,4935.6,-24.6,1.00
25.00,4934.3,-24.6,1.00
25.05,4933.1,-24.6,1.00
25.10,4931.9,-24.6,1.00
25.15,4930.6,-24.6,1.00
25.20,4929.4,-24.6,1.00
25.25,4928.2,-24.6,1.00
25.30,4926.9,-24.6,1.00
25.35,4925.7,-24.6,1.00
25.40,4924.5,-24.6,1.00
25.45,4923.3,-24.6,1.00
25.50,4922.0,-24.6,1.00
25.55,4920.8,-24.6,1.00
25.60,4919.6,-24.6,1.00
25.65,4918.3,-24.6,1.00
25.70,4917.1,-24.6,1.00
25.75,4915.9,-24.6,1.00
25.80,4914.6,-24.6,1.00
25.85,4913.4,-24.6,1.00
25.90,4912.2,-24.6,1.00
25.95,4911.0,-24.6,1.00
26.00,4909.7,-24.6,1.00
26.05,4908.5,-24.6,1.00
26.10,4907.3,-24.6,1.00
26.15,4906.0,-24.6,1.00
26.20,4904.8,-24.6,1.00
26.25,4903.6,-24.6,1.00
26.30,4902.3,-24.6,1.00
26.35,4901.1,-24.6,1.00
26.40,4899.9,-24.6,1.00
26.45,4898.7,-24.6,1.00
26.50,4897.4,-24.6,1.00
26.55,4896.2,-24.6,1.00
26.60,4894.9,-24.6,1.00
26.65,4893.7,-24.6,1.00
26.70,4892.5,-24.6,1.00
26.75,4891.3,-24.6,1.00
26.80,4890.0,-24.6,1.00
26.85,4888.8,-24.6,1.00
26.90,4887.6,-24.6,1.00
26.95,4886.4,-24.6,1.00
27.00,4885.1,-24.6,1.00
27.05,4883.9,-24.6,1.00
27.10,4882.6,-24.6,1.00
27.15,4881.4,-24.6,1.00
27.20,4880.2,-24.6,1.00
27.25,4879.0,-24.6,1.00
27.30,4877.7,-24.6,1.00
27.35,4876.5,-24.6,1.00
27.40,4875.3,-24.6,1.00
27.45,4874.0,-24.6,1.00
27.50,4872.8,-24.6,1.00
27.55,4871.6,-24.6,1.00
27.60,4870.3,-24.6,1.00
27.65,4869.1,-24.6,1.00
27.70,4867.9,-24.6,1.00
27.75,4866.7,-24.6,1.00
27.80,4865.4,-24.6,1.00
27.85,4864.2,-24.6,1.00
27.90,4863.0,-24.6,1.00
27.95,4861.7,-24.6,1.00
28.00,4860.5,-24.6,1.00
28.05,4859.3,-24.6,1.00
28.10,4858.0,-24.6,1.00
28.15,4856.8,-24.6,1.00
28.20,4855.6,-24.6,1.00
28.25,4854.4,-24.6,1.00
28.30,4853.1,-24.6,1.00
28.35,4851.9,-24.6,1.00
28.40,4850.7,-24.6,1.00
28.45,4849.4,-24.6,1.00
28.50,4848.2,-24.6,1.00
28.55,4847.0,-24.6,1.00
28.60,4845.7,-24.6,1.00
28.65,4844.5,-24.6,1.00
28.70,4843.3,-24.6,1.00
28.75,4842.1,-24.6,1.00
28.80,4840.8,-24.6,1.00
28.85,4839.6,-24.6,1.00
28.90,4838.4,-24.6,1.00
28.95,4837.1,-24.6,1.00
29.00,4835.9,-24.6,1.00
29.05,4834.7,-24.6,1.00
29.10,4833.4,-24.6,1.00
29.15,4832.2,-24.6,1.00
29.20,4831.0,-24.6,1.00
29.25,4829.8,-24.6,1.00
29.30,4828.5,-24.6,1.00
29.35,4827.3,-24.6,1.00
29.40,4826.0,-24.6,1.00
29.45,4824.8,-24.6,1.00
29.50,4823.6,-24.6,1.00
29.55,4822.4,-24.6,1.00
29.60,4821.1,-24.6,1.00
29.65,4819.9,-24.6,1.00
29.70,4818.7,-24.6,1.00
29.75,4817.5,-24.6,1.00
29.80,4816.2,-24.6,1.00
29.85,4815.0,-24.6,1.00
29.90,4813.7,-24.6,1.00
29.95,4812.5,-24.6,1.00
30.00,4811.3,-24.6,1.00
30.05,4810.1,-24.6,1.00
30.10,4808.8,-24.6,1.00
30.15,4807.6,-24.6,1.00
30.20,4806.4,-24.6,1.00
30.25,4805.2,-24.6,1.00
30.30,4803.9,-24.6,1.00
30.35,4802.7,-24.6,1.00
30.40,4801.4,-24.6,1.00
30.45,4800.2,-24.6,1.00
30.50,4799.0,-24.6,1.00
30.55,4797.8,-24.6,1.00
30.60,4796.5,-24.6,1.00
30.65,4795.3,-24.6,1.00
30.70,4794.1,-24.6,1.00
30.75,4792.8,-24.6,1.00
30.80,4791.6,-24.6,1.00
30.85,4790.4,-24.6,1.00
30.90,4789.1,-24.6,1.00
30.95,4787.9,-24.6,1.00
31.00,4786.7,-24.6,1.00
31.05,4785.5,-24.6,1.00
31.10,4784.2,-24.6,1.00
31.15,4783.0,-24.6,1.00
31.20,4781.8,-24.6,1.00
31.25,4780.5,-24.6,1.00
31.30,4779.3,-24.6,1.00
31.35,4778.1,-24.6,1.00
31.40,4776.8,-24.6,1.00
31.45,4775.6,-24.6,1.00
31.50,4774.4,-24.6,1.00
31.55,4773.2,-24.6,1.00
31.60,4771.9,-24.6,1.00
31.65,4770.7,-24.6,1.00
31.70,4769.5,-24.6,1.00
31.75,4768.2,-24.6,1.00
31.80,4767.0,-24.6,1.00
31.85,4765.8,-24.6,1.00
31.90,4764.5,-24.6,1.00
31.95,4763.3,-24.6,1.00
32.00,4762.1,-24.6,1.00
32.05,4760.9,-24.6,1.00
32.10,4759.6,-24.6,1.00
32.15,4758.4,-24.6,1.00
32.20,4757.2,-24.6,1.00
32.25,4755.9,-24.6,1.00
32.30,4754.7,-24.6,1.00
32.35,4753.5,-24.6,1.00
32.40,4752.2,-24.6,1.00
32.45,4751.0,-24.6,1.00
32.50,4749.8,-24.6,1.00
32.55,4748.6,-24.6,1.00
32.60,4747.3,-24.6,1.00
32.65,4746.1,-24.6,1.00
32.70,4744.8,-24.6,1.00
32.75,4743.6,-24.6,1.00
32.80,4742.4,-24.6,1.00
32.85,4741.2,-24.6,1.00
32.90,4739.9,-24.6,1.00
32.95,4738.7,-24.6,1.00
33.00,4737.5,-24.6,1.00
33.05,4736.3,-24.6,1.00
33.10,4735.0,-24.6,1.00
33.15,4733.8,-24.6,1.00
33.20,4732.5,-24.6,1.00
33.25,4731.3,-24.6,1.00
33.30,4730.1,-24.6,1.00
33.35,4728.9,-24.6,1.00
33.40,4727.6,-24.6,1.00
33.45,4726.4,-24.6,1.00
33.50,4725.2,-24.6,1.00
33.55,4724.0,-24.6,1.00
33.60,4722.7,-24.6,1.00
33.65,4721.5,-24.6,1.00
33.70,4720.2,-24.6,1.00
33.75,4719.0,-24.6,1.00
33.80,4717.8,-24.6,1.00
33.85,4716.6,-24.6,1.00
33.90,4715.3,-24.6,1.00
33.95,4714.1,-24.6,1.00
34.00,4712.9,-24.6,1.00
34.05,4711.6,-24.6,1.00
34.10,4710.4,-24.6,1.00
34.15,4709.2,-24.6,1.00
34.20,4707.9,-24.6,1.00
34.25,4706.7,-24.6,1.00
34.30,4705.5,-24.6,1.00
34.35,4704.3,-24.6,1.00
34.40,4703.0,-24.6,1.00
34.45,4701.8,-24.6,1.00
34.50,4700.6,-24.6,1.00
34.55,4699.3,-24.6,1.00
34.60,4698.1,-24.6,1.00
34.65,4696.9,-24.6,1.00
34.70,4695.6,-24.6,1.00
34.75,4694.4,-24.6,1.00
34.80,4693.2,-24.6,1.00
34.85,4692.0,-24.6,1.00
34.90,4690.7,-24.6,1.00
34.95,4689.5,-24.6,1.00
35.00,4688.3,-24.6,1.00
35.05,4687.0,-24.6,1.00
35.10,4685.8,-24.6,1.00
35.15,4684.6,-24.6,1.00
35.20,4683.3,-24.6,1.00
35.25,4682.1,-24.6,1.00
35.30,4680.9,-24.6,1.00
35.35,4679.7,-24.6,1.00
35.40,4678.4,-24.6,1.00
35.45,4677.2,-24.6,1.00
35.50,4676.0,-24.6,1.00
35.55,4674.7,-24.6,1.00
35.60,4673.5,-24.6,1.00
35.65,4672.3,-24.6,1.00
35.70,4671.0,-24.6,1.00
35.75,4669.8,-24.6,1.00
35.80,4668.6,-24.6,1.00
35.85,4667.4,-24.6,1.00
35.90,4666.1,-24.6,1.00
35.95,4664.9,-24.6,1.00
36.00,4663.6,-24.6,1.00
36.05,4662.4,-24.6,1.00
36.10,4661.2,-24.6,1.00
36.15,4660.0,-24.6,1.00
36.20,4658.7,-24.6,1.00
36.25,4657.5,-24.6,1.00
36.30,4656.3,-24.6,1.00
36.35,4655.1,-24.6,1.00
36.40,4653.8,-24.6,1.00
36.45,4652.6,-24.6,1.00
36.50,4651.3,-24.6,1.00
36.55,4650.1,-24.6,1.00
36.60,4648.9,-24.6,1.00
36.65,4647.7,-24.6,1.00
36.70,4646.4,-24.6,1.00
36.75,4645.2,-24.6,1.00
36.80,4644.0,-24.6,1.00
36.85,4642.7,-24.6,1.00
36.90,4641.5,-24.6,1.00
36.95,4640.3,-24.6,1.00
37.00,4639.0,-24.6,1.00
37.05,4637.8,-24.6,1.00
37.10,4636.6,-24.6,1.00
37.15,4635.4,-24.6,1.00
37.20,4634.1,-24.6,1.00
37.25,4632.9,-24.6,1.00
37.30,4631.7,-24.6,1.00
37.35,4630.4,-24.6,1.00
37.40,4629.2,-24.6,1.00
37.45,4628.0,-24.6,1.00
37.50,4626.7,-24.6,1.00
37.55,4625.5,-24.6,1.00
37.60,4624.3,-24.6,1.00
37.65,4623.1,-24.6,1.00
37.70,4621.8,-24.6,1.00
37.75,4620.6,-24.6,1.00
37.80,4619.4,-24.6,1.00
37.85,4618.1,-24.6,1.00
37.90,4616.9,-24.6,1.00
37.95,4615.7,-24.6,1.00
38.00,4614.4,-24.6,1.00
38.05,4613.2,-24.6,1.00
38.10,4612.0,-24.6,1.00
38.15,4610.8,-24.6,1.00
38.20,4609.5,-24.6,1.00
38.25,4608.3,-24.6,1.00
38.30,4607.1,-24.6,1.00
38.35,4605.8,-24.6,1.00
38.40,4604.6,-24.6,1.00
38.45,4603.4,-24.6,1.00
38.50,4602.1,-24.6,1.00
38.55,4600.9,-24.6,1.00
38.60,4599.7,-24.6,1.00
38.65,4598.5,-24.6,1.00
38.70,4597.2,-24.6,1.00
38.75,4596.0,-24.6,1.00
38.80,4594.8,-24.6,1.00
38.85,4593.5,-24.6,1.00
38.90,4592.3,-24.6,1.00
38.95,4591.1,-24.6,1.00
39.00,4589.8,-24.6,1.00
39.05,4588.6,-24.6,1.00
39.10,4587.4,-24.6,1.00
39.15,4586.2,-24.6,1.00
39.20,4584.9,-24.6,1.00
39.25,4583.7,-24.6,1.00
39.30,4582.4,-24.6,1.00
39.35,4581.2,-24.6,1.00
39.40,4580.0,-24.6,1.00
39.45,4578.8,-24.6,1.00
39.50,4577.5,-24.6,1.00
39.55,4576.3,-24.6,1.00
39.60,4575.1,-24.6,1.00
39.65,4573.9,-24.6,1.00
39.70,4572.6,-24.6,1.00
39.75,4571.4,-24.6,1.00
39.80,4570.1,-24.6,1.00
39.85,4568.9,-24.6,1.00
39.90,4567.7,-24.6,1.00
39.95,4566.5,-24.6,1.00
40.00,4565.2,-24.6,1.00
40.05,4564.0,-24.6,1.00
40.10,4562.8,-24.6,1.00
40.15,4561.5,-24.6,1.00
40.20,4560.3,-24.6,1.00
40.25,4559.1,-24.6,1.00
40.30,4557.8,-24.6,1.00
40.35,4556.6,-24.6,1.00
40.40,4555.4,-24.6,1.00
40.45,4554.2,-24.6,1.00
40.50,4552.9,-24.6,1.00
40.55,4551.7,-24.6,1.00
40.60,4550.5,-24.6,1.00
40.65,4549.2,-24.6,1.00
40.70,4548.0,-24.6,1.00
40.75,4546.8,-24.6,1.00
40.80,4545.5,-24.6,1.00
40.85,4544.3,-24.6,1.00
40.90,4543.1,-24.6,1.00
40.95,4541.9,-24.6,1.00
41.00,4540.6,-24.6,1.00
41.05,4539.4,-24.6,1.00
41.10,4538.2,-24.6,1.00
41.15,4536.9,-24.6,1.00
41.20,4535.7,-24.6,1.00
41.25,4534.5,-24.6,1.00
41.30,4533.2,-24.6,1.00
41.35,4532.0,-24.6,1.00
41.40,4530.8,-24.6,1.00
41.45,4529.6,-24.6,1.00
41.50,4528.3,-24.6,1.00
41.55,4527.1,-24.6,1.00
41.60,4525.9,-24.6,1.00
41.65,4524.6,-24.6,1.00
41.70,4523.4,-24.6,1.00
41.75,4522.2,-24.6,1.00
41.80,4520.9,-24.6,1.00
41.85,4519.7,-24.6,1.00
41.90,4518.5,-24.6,1.00
41.95,4517.3,-24.6,1.00
42.00,4516.0,-24.6,1.00
42.05,4514.8,-24.6,1.00
42.10,4513.5,-24.6,1.00
42.15,4512.3,-24.6,1.00
42.20,4511.1,-24.6,1.00
42.25,4509.9,-24.6,1.00
42.30,4508.6,-24.6,1.00
42.35,4507.4,-24.6,1.00
42.40,4506.2,-24.6,1.00
42.45,4505.0,-24.6,1.00
42.50,4503.7,-24.6,1.00
42.55,4502.5,-24.6,1.00
42.60,4501.2,-24.6,1.00
42.65,4500.0,-24.6,1.00
42.70,4498.8,-24.6,1.00
42.75,4497.6,-24.6,1.00
42.80,4496.3,-24.6,1.00
42.85,4495.1,-24.6,1.00
42.90,4493.9,-24.6,1.00
42.95,4492.7,-24.6,1.00
43.00,4491.4,-24.6,1.00
43.05,4490.2,-24.6,1.00
43.10,4488.9,-24.6,1.00
43.15,4487.7,-24.6,1.00
43.20,4486.5,-24.6,1.00
43.25,4485.3,-24.6,1.00
43.30,4484.0,-24.6,1.00
43.35,4482.8,-24.6,1.00
43.40,4481.6,-24.6,1.00
43.45,4480.3,-24.6,1.00
43.50,4479.1,-24.6,1.00
43.55,4477.9,-24.6,1.00
43.60,4476.6,-24.6,1.00
43.65,4475.4,-24.6,1.00
43.70,4474.2,-24.6,1.00
43.75,4473.0,-24.6,1.00
43.80,4471.7,-24.6,1.00
43.85,4470.5,-24.6,1.00
43.90,4469.3,-24.6,1.00
43.95,4468.0,-24.6,1.00
44.00,4466.8,-24.6,1.00
44.05,4465.6,-24.6,1.00
44.10,4464.3,-24.6,1.00
44.15,4463.1,-24.6,1.00
44.20,4461.9,-24.6,1.00
44.25,4460.7,-24.6,1.00
44.30,4459.4,-24.6,1.00
44.35,4458.2,-24.6,1.00
44.40,4457.0,-24.6,1.00
44.45,4455.7,-24.6,1.00
44.50,4454.5,-24.6,1.00
44.55,4453.3,-24.6,1.00
44.60,4452.0,-24.6,1.00
44.65,4450.8,-24.6,1.00
44.70,4449.6,-24.6,1.00
44.75,4448.4,-24.6,1.00
44.80,4447.1,-24.6,1.00
44.85,4445.9,-24.6,1.00
44.90,4444.7,-24.6,1.00
44.95,4443.4,-24.6,1.00
45.00,4442.2,-24.6,1.00
45.05,4441.0,-24.6,1.00
45.10,4439.7,-24.6,1.00
45.15,4438.5,-24.6,1.00
45.20,4437.3,-24.6,1.00
45.25,4436.1,-24.6,1.00
45.30,4434.8,-24.6,1.00
45.35,4433.6,-24.6,1.00
45.40,4432.3,-24.6,1.00
45.45,4431.1,-24.6,1.00
45.50,4429.9,-24.6,1.00
45.55,4428.7,-24.6,1.00
45.60,4427.4,-24.6,1.00
45.65,4426.2,-24.6,1.00
45.70,4425.0,-24.6,1.00
45.75,4423.8,-24.6,1.00
45.80,4422.5,-24.6,1.00
45.85,4421.3,-24.6,1.00
45.90,4420.0,-24.6,1.00
45.95,4418.8,-24.6,1.00
46.00,4417.6,-24.6,1.00
46.05,4416.4,-24.6,1.00
46.10,4415.1,-24.6,1.00
46.15,4413.9,-24.6,1.00
46.20,4412.7,-24.6,1.00
46.25,4411.5,-24.6,1.00
46.30,4410.2,-24.6,1.00
46.35,4409.0,-24.6,1.00
46.40,4407.7,-24.6,1.00
46.45,4406.5,-24.6,1.00
46.50,4405.3,-24.6,1.00
46.55,4404.1,-24.6,1.00
46.60,4402.8,-24.6,1.00
46.65,4401.6,-24.6,1.00
46.70,4400.4,-24.6,1.00
46.75,4399.1,-24.6,1.00
46.80,4397.9,-24.6,1.00
46.85,4396.7,-24.6,1.00
46.90,4395.4,-24.6,1.00
46.95,4394.2,-24.6,1.00
47.00,4393.0,-24.6,1.00
47.05,4391.8,-24.6,1.00
47.10,4390.5,-24.6,1.00
47.15,4389.3,-24.6,1.00
47.20,4388.1,-24.6,1.00
47.25,4386.8,-24.6,1.00
47.30,4385.6,-24.6,1.00
47.35,4384.4,-24.6,1.00
47.40,4383.1,-24.6,1.00
47.45,4381.9,-24.6,1.00
47.50,4380.7,-24.6,1.00
47.55,4379.5,-24.6,1.00
47.60,4378.2,-24.6,1.00
47.65,4377.0,-24.6,1.00
47.70,4375.8,-24.6,1.00
47.75,4374.5,-24.6,1.00
47.80,4373.3,-24.6,1.00
47.85,4372.1,-24.6,1.00
47.90,4370.8,-24.6,1.00
47.95,4369.6,-24.6,1.00
48.00,4368.4,-24.6,1.00
48.05,4367.2,-24.6,1.00
48.10,4365.9,-24.6,1.00
48.15,4364.7,-24.6,1.00
48.20,4363.5,-24.6,1.00
48.25,4362.2,-24.6,1.00
48.30,4361.0,-24.6,1.00
48.35,4359.8,-24.6,1.00
48.40,4358.5,-24.6,1.00
48.45,4357.3,-24.6,1.00
48.50,4356.1,-24.6,1.00
48.55,4354.9,-24.6,1.00
48.60,4353.6,-24.6,1.00
48.65,4352.4,-24.6,1.00
48.70,4351.1,-24.6,1.00
48.75,4349.9,-24.6,1.00
48.80,4348.7,-24.6,1.00
48.85,4347.5,-24.6,1.00
48.90,4346.2,-24.6,1.00
48.95,4345.0,-24.6,1.00
49.00,4343.8,-24.6,1.00
49.05,4342.6,-24.6,1.00
49.10,4341.3,-24.6,1.00
49.15,4340.1,-24.6,1.00
49.20,4338.8,-24.6,1.00
49.25,4337.6,-24.6,1.00
49.30,4336.4,-24.6,1.00
49.35,4335.2,-24.6,1.00
49.40,4333.9,-24.6,1.00
49.45,4332.7,-24.6,1.00
49.50,4331.5,-24.6,1.00
49.55,4330.2,-24.6,1.00
49.60,4329.0,-24.6,1.00
49.65,4327.8,-24.6,1.00
49.70,4326.5,-24.6,1.00
49.75,4325.3,-24.6,1.00
49.80,4324.1,-24.6,1.00
49.85,4322.9,-24.6,1.00
49.90,4321.6,-24.6,1.00
49.95,4320.4,-24.6,1.00
50.00,4319.2,-24.6,1.00
50.05,4317.9,-24.6,1.00
50.10,4316.7,-24.6,1.00
50.15,4315.5,-24.6,1.00
50.20,4314.2,-24.6,1.00
50.25,4313.0,-24.6,1.00
50.30,4311.8,-24.6,1.00
50.35,4310.6,-24.6,1.00
50.40,4309.3,-24.6,1.00
50.45,4308.1,-24.6,1.00
50.50,4306.9,-24.6,1.00
50.55,4305.6,-24.6,1.00
50.60,4304.4,-24.6,1.00
50.65,4303.2,-24.6,1.00
50.70,4301.9,-24.6,1.00
50.75,4300.7,-24.6,1.00
50.80,4299.5,-24.6,1.00
50.85,4298.3,-24.6,1.00
50.90,4297.0,-24.6,1.00
50.95,4295.8,-24.6,1.00
51.00,4294.6,-24.6,1.00
51.05,4293.3,-24.6,1.00
51.10,4292.1,-24.6,1.00
51.15,4290.9,-24.6,1.00
51.20,4289.6,-24.6,1.00
51.25,4288.4,-24.6,1.00
51.30,4287.2,-24.6,1.00
51.35,4286.0,-24.6,1.00
51.40,4284.7,-24.6,1.00
51.45,4283.5,-24.6,1.00
51.50,4282.3,-24.6,1.00
51.55,4281.0,-24.6,1.00
51.60,4279.8,-24.6,1.00
51.65,4278.6,-24.6,1.00
51.70,4277.3,-24.6,1.00
51.75,4276.1,-24.6,1.00
51.80,4274.9,-24.6,1.00
51.85,4273.7,-24.6,1.00
51.90,4272.4,-24.6,1.00
51.95,4271.2,-24.6,1.00
52.00,4269.9,-24.6,1.00
52.05,4268.7,-24.6,1.00
52.10,4267.5,-24.6,1.00
52.15,4266.3,-24.6,1.00
52.20,4265.0,-24.6,1.00
52.25,4263.8,-24.6,1.00
52.30,4262.6,-24.6,1.00
52.35,4261.4,-24.6,1.00
52.40,4260.1,-24.6,1.00
52.45,4258.9,-24.6,1.00
52.50,4257.6,-24.6,1.00
52.55,4256.4,-24.6,1.00
52.60,4255.2,-24.6,1.00
52.65,4254.0,-24.6,1.00
52.70,4252.7,-24.6,1.00
52.75,4251.5,-24.6,1.00
52.80,4250.3,-24.6,1.00
52.85,4249.0,-24.6,1.00
52.90,4247.8,-24.6,1.00
52.95,4246.6,-24.6,1.00
53.00,4245.3,-24.6,1.00
53.05,4244.1,-24.6,1.00
53.10,4242.9,-24.6,1.00
53.15,4241.7,-24.6,1.00
53.20,4240.4,-24.6,1.00
53.25,4239.2,-24.6,1.00
53.30,4238.0,-24.6,1.00
53.35,4236.7,-24.6,1.00
53.40,4235.5,-24.6,1.00
53.45,4234.3,-24.6,1.00
53.50,4233.0,-24.6,1.00
53.55,4231.8,-24.6,1.00
53.60,4230.6,-24.6,1.00
53.65,4229.4,-24.6,1.00
53.70,4228.1,-24.6,1.00
53.75,4226.9,-24.6,1.00
53.80,4225.7,-24.6,1.00
53.85,4224.4,-24.6,1.00
53.90,4223.2,-24.6,1.00
53.95,4222.0,-24.6,1.00
54.00,4220.7,-24.6,1.00
54.05,4219.5,-24.6,1.00
54.10,4218.3,-24.6,1.00
54.15,4217.1,-24.6,1.00
54.20,4215.8,-24.6,1.00
54.25,4214.6,-24.6,1.00
54.30,4213.4,-24.6,1.00
54.35,4212.1,-24.6,1.00
54.40,4210.9,-24.6,1.00
54.45,4209.7,-24.6,1.00
54.50,4208.4,-24.6,1.00
54.55,4207.2,-24.6,1.00
54.60,4206.0,-24.6,1.00
54.65,4204.8,-24.6,1.00
54.70,4203.5,-24.6,1.00
54.75,4202.3,-24.6,1.00
54.80,4201.0,-24.6,1.00
54.85,4199.8,-24.6,1.00
54.90,4198.6,-24.6,1.00
54.95,4197.4,-24.6,1.00
55.00,4196.1,-24.6,1.00
55.05,4194.9,-24.6,1.00
55.10,4193.7,-24.6,1.00
55.15,4192.5,-24.6,1.00
55.20,4191.2,-24.6,1.00
55.25,4190.0,-24.6,1.00
55.30,4188.7,-24.6,1.00
55.35,4187.5,-24.6,1.00
55.40,4186.3,-24.6,1.00
55.45,4185.1,-24.6,1.00
55.50,4183.8,-24.6,1.00
55.55,4182.6,-24.6,1.00
55.60,4181.4,-24.6,1.00
55.65,4180.2,-24.6,1.00
55.70,4178.9,-24.6,1.00
55.75,4177.7,-24.6,1.00
55.80,4176.4,-24.6,1.00
55.85,4175.2,-24.6,1.00
55.90,4174.0,-24.6,1.00
55.95,4172.8,-24.6,1.00
56.00,4171.5,-24.6,1.00
56.05,4170.3,-24.6,1.00
56.10,4169.1,-24.6,1.00
56.15,4167.8,-24.6,1.00
56.20,4166.6,-24.6,1.00
56.25,4165.4,-24.6,1.00
56.30,4164.1,-24.6,1.00
56.35,4162.9,-24.6,1.00
56.40,4161.7,-24.6,1.00
56.45,4160.5,-24.6,1.00
56.50,4159.2,-24.6,1.00
56.55,4158.0,-24.6,1.00
56.60,4156.8,-24.6,1.00
56.65,4155.5,-24.6,1.00
56.70,4154.3,-24.6,1.00
56.75,4153.1,-24.6,1.00
56.80,4151.8,-24.6,1.00
56.85,4150.6,-24.6,1.00
56.90,4149.4,-24.6,1.00
56.95,4148.2,-24.6,1.00
57.00,4146.9,-24.6,1.00
57.05,4145.7,-24.6,1.00
57.10,4144.5,-24.6,1.00
57.15,4143.2,-24.6,1.00
57.20,4142.0,-24.6,1.00
57.25,4140.8,-24.6,1.00
57.30,4139.5,-24.6,1.00
57.35,4138.3,-24.6,1.00
57.40,4137.1,-24.6,1.00
57.45,4135.9,-24.6,1.00
57.50,4134.6,-24.6,1.00
57.55,4133.4,-24.6,1.00
57.60,4132.2,-24.6,1.00
57.65,4130.9,-24.6,1.00
57.70,4129.7,-24.6,1.00
57.75,4128.5,-24.6,1.00
57.80,4127.2,-24.6,1.00
57.85,4126.0,-24.6,1.00
57.90,4124.8,-24.6,1.00
57.95,4123.6,-24.6,1.00
58.00,4122.3,-24.6,1.00
58.05,4121.1,-24.6,1.00
58.10,4119.8,-24.6,1.00
58.15,4118.6,-24.6,1.00
58.20,4117.4,-24.6,1.00
58.25,4116.2,-24.6,1.00
58.30,4114.9,-24.6,1.00
58.35,4113.7,-24.6,1.00
58.40,4112.5,-24.6,1.00
58.45,4111.3,-24.6,1.00
58.50,4110.0,-24.6,1.00
58.55,4108.8,-24.6,1.00
58.60,4107.5,-24.6,1.00
58.65,4106.3,-24.6,1.00
58.70,4105.1,-24.6,1.00
58.75,4103.9,-24.6,1.00
58.80,4102.6,-24.6,1.00
58.85,4101.4,-24.6,1.00
58.90,4100.2,-24.6,1.00
58.95,4099.0,-24.6,1.00
59.00,4097.7,-24.6,1.00
59.05,4096.5,-24.6,1.00
59.10,4095.2,-24.6,1.00
59.15,4094.0,-24.6,1.00
59.20,4092.8,-24.6,1.00
59.25,4091.6,-24.6,1.00
59.30,4090.3,-24.6,1.00
59.35,4089.1,-24.6,1.00
59.40,4087.9,-24.6,1.00
59.45,4086.6,-24.6,1.00
59.50,4085.4,-24.6,1.00
59.55,4084.2,-24.6,1.00
59.60,4082.9,-24.6,1.00
59.65,4081.7,-24.6,1.00
59.70,4080.5,-24.6,1.00
59.75,4079.3,-24.6,1.00
59.80,4078.0,-24.6,1.00
59.85,4076.8,-24.6,1.00
59.90,4075.6,-24.6,1.00
59.95,4074.3,-24.6,1.00
60.00,4073.1,-24.6,1.00
60.05,4071.9,-24.6,1.00
60.10,4070.6,-24.6,1.00
60.15,4069.4,-24.6,1.00
60.20,4068.2,-24.6,1.00
60.25,4067.0,-24.6,1.00
60.30,4065.7,-24.6,1.00
60.35,4064.5,-24.6,1.00
60.40,4063.3,-24.6,1.00
60.45,4062.0,-24.6,1.00
60.50,4060.8,-24.6,1.00
60.55,4059.6,-24.6,1.00
60.60,4058.3,-24.6,1.00
60.65,4057.1,-24.6,1.00
60.70,4055.9,-24.6,1.00
60.75,4054.7,-24.6,1.00
60.80,4053.4,-24.6,1.00
60.85,4052.2,-24.6,1.00
60.90,4051.0,-24.6,1.00
60.95,4049.7,-24.6,1.00
61.00,4048.5,-24.6,1.00
61.05,4047.3,-24.6,1.00
61.10,4046.0,-24.6,1.00
61.15,4044.8,-24.6,1.00
61.20,4043.6,-24.6,1.00
61.25,4042.4,-24.6,1.00
61.30,4041.1,-24.6,1.00
61.35,4039.9,-24.6,1.00
61.40,4038.6,-24.6,1.00
61.45,4037.4,-24.6,1.00
61.50,4036.2,-24.6,1.00
61.55,4035.0,-24.6,1.00
61.60,4033.7,-24.6,1.00
61.65,4032.5,-24.6,1.00
61.70,4031.3,-24.6,1.00
61.75,4030.1,-24.6,1.00
61.80,4028.8,-24.6,1.00
61.85,4027.6,-24.6,1.00
61.90,4026.3,-24.6,1.00
61.95,4025.1,-24.6,1.00
62.00,4023.9,-24.6,1.00
62.05,4022.7,-24.6,1.00
62.10,4021.4,-24.6,1.00
62.15,4020.2,-24.6,1.00
62.20,4019.0,-24.6,1.00
62.25,4017.7,-24.6,1.00
62.30,4016.5,-24.6,1.00
62.35,4015.3,-24.6,1.00
62.40,4014.0,-24.6,1.00
62.45,4012.8,-24.6,1.00
62.50,4011.6,-24.6,1.00
62.55,4010.4,-24.6,1.00
62.60,4009.1,-24.6,1.00
62.65,4007.9,-24.6,1.00
62.70,4006.7,-24.6,1.00
62.75,4005.4,-24.6,1.00
62.80,4004.2,-24.6,1.00
62.85,4003.0,-24.6,1.00
62.90,4001.7,-24.6,1.00
62.95,4000.5,-24.6,1.00
63.00,3999.3,-24.6,1.00
63.05,3998.1,-24.6,1.00
63.10,3996.8,-24.6,1.00
63.15,3995.6,-24.6,1.00
63.20,3994.4,-24.6,1.00
63.25,3993.1,-24.6,1.00
63.30,3991.9,-24.6,1.00
63.35,3990.7,-24.6,1.00
63.40,3989.4,-24.6,1.00
63.45,3988.2,-24.6,1.00
63.50,3987.0,-24.6,1.00
63.55,3985.8,-24.6,1.00
63.60,3984.5,-24.6,1.00
63.65,3983.3,-24.6,1.00
63.70,3982.1,-24.6,1.00
63.75,3980.8,-24.6,1.00
63.80,3979.6,-24.6,1.00
63.85,3978.4,-24.6,1.00
63.90,3977.1,-24.6,1.00
63.95,3975.9,-24.6,1.00
64.00,3974.7,-24.6,1.00
64.05,3973.5,-24.6,1.00
64.10,3972.2,-24.6,1.00
64.15,3971.0,-24.6,1.00
64.20,3969.8,-24.6,1.00
64.25,3968.5,-24.6,1.00
64.30,3967.3,-24.6,1.00
64.35,3966.1,-24.6,1.00
64.40,3964.8,-24.6,1.00
64.45,3963.6,-24.6,1.00
64.50,3962.4,-24.6,1.00
64.55,3961.2,-24.6,1.00
64.60,3959.9,-24.6,1.00
64.65,3958.7,-24.6,1.00
64.70,3957.4,-24.6,1.00
64.75,3956.2,-24.6,1.00
64.80,3955.0,-24.6,1.00
64.85,3953.8,-24.6,1.00
64.90,3952.5,-24.6,1.00
64.95,3951.3,-24.6,1.00
65.00,3950.1,-24.6,1.00
65.05,3948.9,-24.6,1.00
65.10,3947.6,-24.6,1.00
65.15,3946.4,-24.6,1.00
65.20,3945.1,-24.6,1.00
65.25,3943.9,-24.6,1.00
65.30,3942.7,-24.6,1.00
65.35,3941.5,-24.6,1.00
65.40,3940.2,-24.6,1.00
65.45,3939.0,-24.6,1.00
65.50,3937.8,-24.6,1.00
65.55,3936.5,-24.6,1.00
65.60,3935.3,-24.6,1.00
65.65,3934.1,-24.6,1.00
65.70,3932.8,-24.6,1.00
65.75,3931.6,-24.6,1.00
65.80,3930.4,-24.6,1.00
65.85,3929.2,-24.6,1.00
65.90,3927.9,-24.6,1.00
65.95,3926.7,-24.6,1.00
66.00,3925.5,-24.6,1.00
66.05,3924.2,-24.6,1.00
66.10,3923.0,-24.6,1.00
66.15,3921.8,-24.6,1.00
66.20,3920.5,-24.6,1.00
66.25,3919.3,-24.6,1.00
66.30,3918.1,-24.6,1.00
66.35,3916.9,-24.6,1.00
66.40,3915.6,-24.6,1.00
66.45,3914.4,-24.6,1.00
66.50,3913.2,-24.6,1.00
66.55,3911.9,-24.6,1.00
66.60,3910.7,-24.6,1.00
66.65,3909.5,-24.6,1.00
66.70,3908.2,-24.6,1.00
66.75,3907.0,-24.6,1.00
66.80,3905.8,-24.6,1.00
66.85,3904.6,-24.6,1.00
66.90,3903.3,-24.6,1.00
66.95,3902.1,-24.6,1.00
67.00,3900.9,-24.6,1.00
67.05,3899.6,-24.6,1.00
67.10,3898.4,-24.6,1.00
67.15,3897.2,-24.6,1.00
67.20,3895.9,-24.6,1.00
67.25,3894.7,-24.6,1.00
67.30,3893.5,-24.6,1.00
67.35,3892.3,-24.6,1.00
67.40,3891.0,-24.6,1.00
67.45,3889.8,-24.6,1.00
67.50,3888.5,-24.6,1.00
67.55,3887.3,-24.6,1.00
67.60,3886.1,-24.6,1.00
67.65,3884.9,-24.6,1.00
67.70,3883.6,-24.6,1.00
67.75,3882.4,-24.6,1.00
67.80,3881.2,-24.6,1.00
67.85,3880.0,-24.6,1.00
67.90,3878.7,-24.6,1.00
67.95,3877.5,-24.6,1.00
68.00,3876.2,-24.6,1.00
68.05,3875.0,-24.6,1.00
68.10,3873.8,-24.6,1.00
68.15,3872.6,-24.6,1.00
68.20,3871.3,-24.6,1.00
68.25,3870.1,-24.6,1.00
68.30,3868.9,-24.6,1.00
68.35,3867.7,-24.6,1.00
68.40,3866.4,-24.6,1.00
68.45,3865.2,-24.6,1.00
68.50,3863.9,-24.6,1.00
68.55,3862.7,-24.6,1.00
68.60,3861.5,-24.6,1.00
68.65,3860.3,-24.6,1.00
68.70,3859.0,-24.6,1.00
68.75,3857.8,-24.6,1.00
68.80,3856.6,-24.6,1.00
68.85,3855.3,-24.6,1.00
68.90,3854.1,-24.6,1.00
68.95,3852.9,-24.6,1.00
69.00,3851.6,-24.6,1.00
69.05,3850.4,-24.6,1.00
69.10,3849.2,-24.6,1.00
69.15,3848.0,-24.6,1.00
69.20,3846.7,-24.6,1.00
69.25,3845.5,-24.6,1.00
69.30,3844.3,-24.6,1.00
69.35,3843.0,-24.6,1.00
69.40,3841.8,-24.6,1.00
69.45,3840.6,-24.6,1.00
69.50,3839.3,-24.6,1.00
69.55,3838.1,-24.6,1.00
69.60,3836.9,-24.6,1.00
69.65,3835.7,-24.6,1.00
69.70,3834.4,-24.6,1.00
69.75,3833.2,-24.6,1.00
69.80,3832.0,-24.6,1.00
69.85,3830.7,-24.6,1.00
69.90,3829.5,-24.6,1.00
69.95,3828.3,-24.6,1.00
70.00,3827.0,-24.6,1.00
70.05,3825.8,-24.6,1.00
70.10,3824.6,-24.6,1.00
70.15,3823.4,-24.6,1.00
70.20,3822.1,-24.6,1.00
70.25,3820.9,-24.6,1.00
70.30,3819.7,-24.6,1.00
70.35,3818.4,-24.6,1.00
70.40,3817.2,-24.6,1.00
70.45,3816.0,-24.6,1.00
70.50,3814.7,-24.6,1.00
70.55,3813.5,-24.6,1.00
70.60,3812.3,-24.6,1.00
70.65,3811.1,-24.6,1.00
70.70,3809.8,-24.6,1.00
70.75,3808.6,-24.6,1.00
70.80,3807.3,-24.6,1.00
70.85,3806.1,-24.6,1.00
70.90,3804.9,-24.6,1.00
70.95,3803.7,-24.6,1.00
71.00,3802.4,-24.6,1.00
71.05,3801.2,-24.6,1.00
71.10,3800.0,-24.6,1.00
71.15,3798.8,-24.6,1.00
71.20,3797.5,-24.6,1.00
71.25,3796.3,-24.6,1.00
71.30,3795.0,-24.6,1.00
71.35,3793.8,-24.6,1.00
71.40,3792.6,-24.6,1.00
71.45,3791.4,-24.6,1.00
71.50,3790.1,-24.6,1.00
71.55,3788.9,-24.6,1.00
71.60,3787.7,-24.6,1.00
71.65,3786.5,-24.6,1.00
71.70,3785.2,-24.6,1.00
71.75,3784.0,-24.6,1.00
71.80,3782.7,-24.6,1.00
71.85,3781.5,-24.6,1.00
71.90,3780.3,-24.6,1.00
71.95,3779.1,-24.6,1.00
72.00,3777.8,-24.6,1.00
72.05,3776.6,-24.6,1.00
72.10,3775.4,-24.6,1.00
72.15,3774.1,-24.6,1.00
72.20,3772.9,-24.6,1.00
72.25,3771.7,-24.6,1.00
72.30,3770.4,-24.6,1.00
72.35,3769.2,-24.6,1.00
72.40,3768.0,-24.6,1.00
72.45,3766.8,-24.6,1.00
72.50,3765.5,-24.6,1.00
72.55,3764.3,-24.6,1.00
72.60,3763.1,-24.6,1.00
72.65,3761.8,-24.6,1.00
72.70,3760.6,-24.6,1.00
72.75,3759.4,-24.6,1.00
72.80,3758.1,-24.6,1.00
72.85,3756.9,-24.6,1.00
72.90,3755.7,-24.6,1.00
72.95,3754.5,-24.6,1.00
73.00,3753.2,-24.6,1.00
73.05,3752.0,-24.6,1.00
73.10,3750.8,-24.6,1.00
73.15,3749.5,-24.6,1.00
73.20,3748.3,-24.6,1.00
73.25,3747.1,-24.6,1.00
73.30,3745.8,-24.6,1.00
73.35,3744.6,-24.6,1.00
73.40,3743.4,-24.6,1.00
73.45,3742.2,-24.6,1.00
73.50,3740.9,-24.6,1.00
73.55,3739.7,-24.6,1.00
73.60,3738.5,-24.6,1.00
73.65,3737.2,-24.6,1.00
73.70,3736.0,-24.6,1.00
73.75,3734.8,-24.6,1.00
73.80,3733.5,-24.6,1.00
73.85,3732.3,-24.6,1.00
73.90,3731.1,-24.6,1.00
73.95,3729.9,-24.6,1.00
74.00,3728.6,-24.6,1.00
74.05,3727.4,-24.6,1.00
74.10,3726.1,-24.6,1.00
74.15,3724.9,-24.6,1.00
74.20,3723.7,-24.6,1.00
74.25,3722.5,-24.6,1.00
74.30,3721.2,-24.6,1.00
74.35,3720.0,-24.6,1.00
74.40,3718.8,-24.6,1.00
74.45,3717.6,-24.6,1.00
74.50,3716.3,-24.6,1.00
74.55,3715.1,-24.6,1.00
74.60,3713.8,-24.6,1.00
74.65,3712.6,-24.6,1.00
74.70,3711.4,-24.6,1.00
74.75,3710.2,-24.6,1.00
74.80,3708.9,-24.6,1.00
74.85,3707.7,-24.6,1.00
74.90,3706.5,-24.6,1.00
74.95,3705.2,-24.6,1.00
75.00,3704.0,-24.6,1.00
75.05,3702.8,-24.6,1.00
75.10,3701.5,-24.6,1.00
75.15,3700.3,-24.6,1.00
75.20,3699.1,-24.6,1.00
75.25,3697.9,-24.6,1.00
75.30,3696.6,-24.6,1.00
75.35,3695.4,-24.6,1.00
75.40,3694.2,-24.6,1.00
75.45,3692.9,-24.6,1.00
75.50,3691.7,-24.6,1.00
75.55,3690.5,-24.6,1.00
75.60,3689.2,-24.6,1.00
75.65,3688.0,-24.6,1.00
75.70,3686.8,-24.6,1.00
75.75,3685.6,-24.6,1.00
75.80,3684.3,-24.6,1.00
75.85,3683.1,-24.6,1.00
75.90,3681.9,-24.6,1.00
75.95,3680.6,-24.6,1.00
76.00,3679.4,-24.6,1.00
76.05,3678.2,-24.6,1.00
76.10,3676.9,-24.6,1.00
76.15,3675.7,-24.6,1.00
76.20,3674.5,-24.6,1.00
76.25,3673.3,-24.6,1.00
76.30,3672.0,-24.6,1.00
76.35,3670.8,-24.6,1.00
76.40,3669.6,-24.6,1.00
76.45,3668.3,-24.6,1.00
76.50,3667.1,-24.6,1.00
76.55,3665.9,-24.6,1.00
76.60,3664.6,-24.6,1.00
76.65,3663.4,-24.6,1.00
76.70,3662.2,-24.6,1.00
76.75,3661.0,-24.6,1.00
76.80,3659.7,-24.6,1.00
76.85,3658.5,-24.6,1.00
76.90,3657.3,-24.6,1.00
76.95,3656.0,-24.6,1.00
77.00,3654.8,-24.6,1.00
77.05,3653.6,-24.6,1.00
77.10,3652.3,-24.6,1.00
77.15,3651.1,-24.6,1.00
77.20,3649.9,-24.6,1.00
77.25,3648.7,-24.6,1.00
77.30,3647.4,-24.6,1.00
77.35,3646.2,-24.6,1.00
77.40,3644.9,-24.6,1.00
77.45,3643.7,-24.6,1.00
77.50,3642.5,-24.6,1.00
77.55,3641.3,-24.6,1.00
77.60,3640.0,-24.6,1.00
77.65,3638.8,-24.6,1.00
77.70,3637.6,-24.6,1.00
77.75,3636.4,-24.6,1.00
77.80,3635.1,-24.6,1.00
77.85,3633.9,-24.6,1.00
77.90,3632.6,-24.6,1.00
77.95,3631.4,-24.6,1.00
78.00,3630.2,-24.6,1.00
78.05,3629.0,-24.6,1.00
78.10,3627.7,-24.6,1.00
78.15,3626.5,-24.6,1.00
78.20,3625.3,-24.6,1.00
78.25,3624.0,-24.6,1.00
78.30,3622.8,-24.6,1.00
78.35,3621.6,-24.6,1.00
78.40,3620.3,-24.6,1.00
78.45,3619.1,-24.6,1.00
78.50,3617.9,-24.6,1.00
78.55,3616.7,-24.6,1.00
78.60,3615.4,-24.6,1.00
78.65,3614.2,-24.6,1.00
78.70,3613.0,-24.6,1.00
78.75,3611.7,-24.6,1.00
78.80,3610.5,-24.6,1.00
78.85,3609.3,-24.6,1.00
78.90,3608.0,-24.6,1.00
78.95,3606.8,-24.6,1.00
79.00,3605.6,-24.6,1.00
79.05,3604.4,-24.6,1.00
79.10,3603.1,-24.6,1.00
79.15,3601.9,-24.6,1.00
79.20,3600.7,-24.6,1.00
79.25,3599.4,-24.6,1.00
79.30,3598.2,-24.6,1.00
79.35,3597.0,-24.6,1.00
79.40,3595.7,-24.6,1.00
79.45,3594.5,-24.6,1.00
79.50,3593.3,-24.6,1.00
79.55,3592.1,-24.6,1.00
79.60,3590.8,-24.6,1.00
79.65,3589.6,-24.6,1.00
79.70,3588.4,-24.6,1.00
79.75,3587.1,-24.6,1.00
79.80,3585.9,-24.6,1.00
79.85,3584.7,-24.6,1.00
79.90,3583.4,-24.6,1.00
79.95,3582.2,-24.6,1.00
80.00,3581.0,-24.6,1.00
80.05,3579.8,-24.6,1.00
80.10,3578.5,-24.6,1.00
80.15,3577.3,-24.6,1.00
80.20,3576.0,-24.6,1.00
80.25,3574.8,-24.6,1.00
80.30,3573.6,-24.6,1.00
80.35,3572.4,-24.6,1.00
80.40,3571.1,-24.6,1.00
80.45,3569.9,-24.6,1.00
80.50,3568.7,-24.6,1.00
80.55,3567.5,-24.6,1.00
80.60,3566.2,-24.6,1.00
80.65,3565.0,-24.6,1.00
80.70,3563.7,-24.6,1.00
80.75,3562.5,-24.6,1.00
80.80,3561.3,-24.6,1.00
80.85,3560.1,-24.6,1.00
80.90,3558.8,-24.6,1.00
80.95,3557.6,-24.6,1.00
81.00,3556.4,-24.6,1.00
81.05,3555.2,-24.6,1.00
81.10,3553.9,-24.6,1.00
81.15,3552.7,-24.6,1.00
81.20,3551.4,-24.6,1.00
81.25,3550.2,-24.6,1.00
81.30,3549.0,-24.6,1.00
81.35,3547.8,-24.6,1.00
81.40,3546.5,-24.6,1.00
81.45,3545.3,-24.6,1.00
81.50,3544.1,-24.6,1.00
81.55,3542.8,-24.6,1.00
81.60,3541.6,-24.6,1.00
81.65,3540.4,-24.6,1.00
81.70,3539.1,-24.6,1.00
81.75,3537.9,-24.6,1.00
81.80,3536.7,-24.6,1.00
81.85,3535.5,-24.6,1.00
81.90,3534.2,-24.6,1.00
81.95,3533.0,-24.6,1.00
82.00,3531.8,-24.6,1.00
82.05,3530.5,-24.6,1.00
82.10,3529.3,-24.6,1.00
82.15,3528.1,-24.6,1.00
82.20,3526.8,-24.6,1.00
82.25,3525.6,-24.6,1.00
82.30,3524.4,-24.6,1.00
82.35,3523.2,-24.6,1.00
82.40,3521.9,-24.6,1.00
82.45,3520.7,-24.6,1.00
82.50,3519.5,-24.6,1.00
82.55,3518.2,-24.6,1.00
82.60,3517.0,-24.6,1.00
82.65,3515.8,-24.6,1.00
82.70,3514.5,-24.6,1.00
82.75,3513.3,-24.6,1.00
82.80,3512.1,-24.6,1.00
82.85,3510.9,-24.6,1.00
82.90,3509.6,-24.6,1.00
82.95,3508.4,-24.6,1.00
83.00,3507.2,-24.6,1.00
83.05,3505.9,-24.6,1.00
83.10,3504.7,-24.6,1.00
83.15,3503.5,-24.6,1.00
83.20,3502.2,-24.6,1.00
83.25,3501.0,-24.6,1.00
83.30,3499.8,-24.6,1.00
83.35,3498.6,-24.6,1.00
83.40,3497.3,-24.6,1.00
83.45,3496.1,-24.6,1.00
83.50,3494.8,-24.6,1.00
83.55,3493.6,-24.6,1.00
83.60,3492.4,-24.6,1.00
83.65,3491.2,-24.6,1.00
83.70,3489.9,-24.6,1.00
83.75,3488.7,-24.6,1.00
83.80,3487.5,-24.6,1.00
83.85,3486.3,-24.6,1.00
83.90,3485.0,-24.6,1.00
83.95,3483.8,-24.6,1.00
84.00,3482.5,-24.6,1.00
84.05,3481.3,-24.6,1.00
84.10,3480.1,-24.6,1.00
84.15,3478.9,-24.6,1.00
84.20,3477.6,-24.6,1.00
84.25,3476.4,-24.6,1.00
84.30,3475.2,-24.6,1.00
84.35,3474.0,-24.6,1.00
84.40,3472.7,-24.6,1.00
84.45,3471.5,-24.6,1.00
84.50,3470.2,-24.6,1.00
84.55,3469.0,-24.6,1.00
84.60,3467.8,-24.6,1.00
84.65,3466.6,-24.6,1.00
84.70,3465.3,-24.6,1.00
84.75,3464.1,-24.6,1.00
84.80,3462.9,-24.6,1.00
84.85,3461.6,-24.6,1.00
84.90,3460.4,-24.6,1.00
84.95,3459.2,-24.6,1.00
85.00,3457.9,-24.6,1.00
85.05,3456.7,-24.6,1.00
85.10,3455.5,-24.6,1.00
85.15,3454.3,-24.6,1.00
85.20,3453.0,-24.6,1.00
85.25,3451.8,-24.6,1.00
85.30,3450.6,-24.6,1.00
85.35,3449.3,-24.6,1.00
85.40,3448.1,-24.6,1.00
85.45,3446.9,-24.6,1.00
85.50,3445.6,-24.6,1.00
85.55,3444.4,-24.6,1.00
85.60,3443.2,-24.6,1.00
85.65,3442.0,-24.6,1.00
85.70,3440.7,-24.6,1.00
85.75,3439.5,-24.6,1.00
85.80,3438.3,-24.6,1.00
85.85,3437.0,-24.6,1.00
85.90,3435.8,-24.6,1.00
85.95,3434.6,-24.6,1.00
86.00,3433.3,-24.6,1.00
86.05,3432.1,-24.6,1.00
86.10,3430.9,-24.6,1.00
86.15,3429.7,-24.6,1.00
86.20,3428.4,-24.6,1.00
86.25,3427.2,-24.6,1.00
86.30,3426.0,-24.6,1.00
86.35,3424.7,-24.6,1.00
86.40,3423.5,-24.6,1.00
86.45,3422.3,-24.6,1.00
86.50,3421.0,-24.6,1.00
86.55,3419.8,-24.6,1.00
86.60,3418.6,-24.6,1.00
86.65,3417.4,-24.6,1.00
86.70,3416.1,-24.6,1.00
86.75,3414.9,-24.6,1.00
86.80,3413.6,-24.6,1.00
86.85,3412.4,-24.6,1.00
86.90,3411.2,-24.6,1.00
86.95,3410.0,-24.6,1.00
87.00,3408.7,-24.6,1.00
87.05,3407.5,-24.6,1.00
87.10,3406.3,-24.6,1.00
87.15,3405.1,-24.6,1.00
87.20,3403.8,-24.6,1.00
87.25,3402.6,-24.6,1.00
87.30,3401.3,-24.6,1.00
87.35,3400.1,-24.6,1.00
87.40,3398.9,-24.6,1.00
87.45,3397.7,-24.6,1.00
87.50,3396.4,-24.6,1.00
87.55,3395.2,-24.6,1.00
87.60,3394.0,-24.6,1.00
87.65,3392.7,-24.6,1.00
87.70,3391.5,-24.6,1.00
87.75,3390.3,-24.6,1.00
87.80,3389.0,-24.6,1.00
87.85,3387.8,-24.6,1.00
87.90,3386.6,-24.6,1.00
87.95,3385.4,-24.6,1.00
88.00,3384.1,-24.6,1.00
88.05,3382.9,-24.6,1.00
88.10,3381.7,-24.6,1.00
88.15,3380.4,-24.6,1.00
88.20,3379.2,-24.6,1.00
88.25,3378.0,-24.6,1.00
88.30,3376.7,-24.6,1.00
88.35,3375.5,-24.6,1.00
88.40,3374.3,-24.6,1.00
88.45,3373.1,-24.6,1.00
88.50,3371.8,-24.6,1.00
88.55,3370.6,-24.6,1.00
88.60,3369.4,-24.6,1.00
88.65,3368.1,-24.6,1.00
88.70,3366.9,-24.6,1.00
88.75,3365.7,-24.6,1.00
88.80,3364.4,-24.6,1.00
88.85,3363.2,-24.6,1.00
88.90,3362.0,-24.6,1.00
88.95,3360.8,-24.6,1.00
89.00,3359.5,-24.6,1.00
89.05,3358.3,-24.6,1.00
89.10,3357.1,-24.6,1.00
89.15,3355.8,-24.6,1.00
89.20,3354.6,-24.6,1.00
89.25,3353.4,-24.6,1.00
89.30,3352.1,-24.6,1.00
89.35,3350.9,-24.6,1.00
89.40,3349.7,-24.6,1.00
89.45,3348.5,-24.6,1.00
89.50,3347.2,-24.6,1.00
89.55,3346.0,-24.6,1.00
89.60,3344.8,-24.6,1.00
89.65,3343.5,-24.6,1.00
89.70,3342.3,-24.6,1.00
89.75,3341.1,-24.6,1.00
89.80,3339.8,-24.6,1.00
89.85,3338.6,-24.6,1.00
89.90,3337.4,-24.6,1.00
89.95,3336.2,-24.6,1.00
90.00,3334.9,-24.6,1.00
90.05,3333.7,-24.6,1.00
90.10,3332.4,-24.6,1.00
90.15,3331.2,-24.6,1.00
90.20,3330.0,-24.6,1.00
90.25,3328.8,-24.6,1.00
90.30,3327.5,-24.6,1.00
90.35,3326.3,-24.6,1.00
90.40,3325.1,-24.6,1.00
90.45,3323.9,-24.6,1.00
90.50,3322.6,-24.6,1.00
90.55,3321.4,-24.6,1.00
90.60,3320.1,-24.6,1.00
90.65,3318.9,-24.6,1.00
90.70,3317.7,-24.6,1.00
90.75,3316.5,-24.6,1.00
90.80,3315.2,-24.6,1.00
90.85,3314.0,-24.6,1.00
90.90,3312.8,-24.6,1.00
90.95,3311.5,-24.6,1.00
91.00,3310.3,-24.6,1.00
91.05,3309.1,-24.6,1.00
91.10,3307.8,-24.6,1.00
91.15,3306.6,-24.6,1.00
91.20,3305.4,-24.6,1.00
91.25,3304.2,-24.6,1.00
91.30,3302.9,-24.6,1.00
91.35,3301.7,-24.6,1.00
91.40,3300.5,-24.6,1.00
91.45,3299.2,-24.6,1.00
91.50,3298.0,-24.6,1.00
91.55,3296.8,-24.6,1.00
91.60,3295.5,-24.6,1.00
91.65,3294.3,-24.6,1.00
91.70,3293.1,-24.6,1.00
91.75,3291.9,-24.6,1.00
91.80,3290.6,-24.6,1.00
91.85,3289.4,-24.6,1.00
91.90,3288.2,-24.6,1.00
91.95,3286.9,-24.6,1.00
92.00,3285.7,-24.6,1.00
92.05,3284.5,-24.6,1.00
92.10,3283.2,-24.6,1.00
92.15,3282.0,-24.6,1.00
92.20,3280.8,-24.6,1.00
92.25,3279.6,-24.6,1.00
92.30,3278.3,-24.6,1.00
92.35,3277.1,-24.6,1.00
92.40,3275.9,-24.6,1.00
92.45,3274.6,-24.6,1.00
92.50,3273.4,-24.6,1.00
92.55,3272.2,-24.6,1.00
92.60,3270.9,-24.6,1.00
92.65,3269.7,-24.6,1.00
92.70,3268.5,-24.6,1.00
92.75,3267.3,-24.6,1.00
92.80,3266.0,-24.6,1.00
92.85,3264.8,-24.6,1.00
92.90,3263.5,-24.6,1.00
92.95,3262.3,-24.6,1.00
93.00,3261.1,-24.6,1.00
93.05,3259.9,-24.6,1.00
93.10,3258.6,-24.6,1.00
93.15,3257.4,-24.6,1.00
93.20,3256.2,-24.6,1.00
93.25,3255.0,-24.6,1.00
93.30,3253.7,-24.6,1.00
93.35,3252.5,-24.6,1.00
93.40,3251.2,-24.6,1.00
93.45,3250.0,-24.6,1.00
93.50,3248.8,-24.6,1.00
93.55,3247.6,-24.6,1.00
93.60,3246.3,-24.6,1.00
93.65,3245.1,-24.6,1.00
93.70,3243.9,-24.6,1.00
93.75,3242.7,-24.6,1.00
93.80,3241.4,-24.6,1.00
93.85,3240.2,-24.6,1.00
93.90,3238.9,-24.6,1.00
93.95,3237.7,-24.6,1.00
94.00,3236.5,-24.6,1.00
94.05,3235.3,-24.6,1.00
94.10,3234.0,-24.6,1.00
94.15,3232.8,-24.6,1.00
94.20,3231.6,-24.6,1.00
94.25,3230.3,-24.6,1.00
94.30,3229.1,-24.6,1.00
94.35,3227.9,-24.6,1.00
94.40,3226.6,-24.6,1.00
94.45,3225.4,-24.6,1.00
94.50,3224.2,-24.6,1.00
94.55,3223.0,-24.6,1.00
94.60,3221.7,-24.6,1.00
94.65,3220.5,-24.6,1.00
94.70,3219.3,-24.6,1.00
94.75,3218.0,-24.6,1.00
94.80,3216.8,-24.6,1.00
94.85,3215.6,-24.6,1.00
94.90,3214.3,-24.6,1.00
94.95,3213.1,-24.6,1.00
95.00,3211.9,-24.6,1.00
95.05,3210.7,-24.6,1.00
95.10,3209.4,-24.6,1.00
95.15,3208.2,-24.6,1.00
95.20,3207.0,-24.6,1.00
95.25,3205.7,-24.6,1.00
95.30,3204.5,-24.6,1.00
95.35,3203.3,-24.6,1.00
95.40,3202.0,-24.6,1.00
95.45,3200.8,-24.6,1.00
95.50,3199.6,-24.6,1.00
95.55,3198.4,-24.6,1.00
95.60,3197.1,-24.6,1.00
95.65,3195.9,-24.6,1.00
95.70,3194.7,-24.6,1.00
95.75,3193.4,-24.6,1.00
95.80,3192.2,-24.6,1.00
95.85,3191.0,-24.6,1.00
95.90,3189.7,-24.6,1.00
95.95,3188.5,-24.6,1.00
96.00,3187.3,-24.6,1.00
96.05,3186.1,-24.6,1.00
96.10,3184.8,-24.6,1.00
96.15,3183.6,-24.6,1.00
96.20,3182.3,-24.6,1.00
96.25,3181.1,-24.6,1.00
96.30,3179.9,-24.6,1.00
96.35,3178.7,-24.6,1.00
96.40,3177.4,-24.6,1.00
96.45,3176.2,-24.6,1.00
96.50,3175.0,-24.6,1.00
96.55,3173.8,-24.6,1.00
96.60,3172.5,-24.6,1.00
96.65,3171.3,-24.6,1.00
96.70,3170.0,-24.6,1.00
96.75,3168.8,-24.6,1.00
96.80,3167.6,-24.6,1.00
96.85,3166.4,-24.6,1.00
96.90,3165.1,-24.6,1.00
96.95,3163.9,-24.6,1.00
97.00,3162.7,-24.6,1.00
97.05,3161.5,-24.6,1.00
97.10,3160.2,-24.6,1.00
97.15,3159.0,-24.6,1.00
97.20,3157.7,-24.6,1.00
97.25,3156.5,-24.6,1.00
97.30,3155.3,-24.6,1.00
97.35,3154.1,-24.6,1.00
97.40,3152.8,-24.6,1.00
97.45,3151.6,-24.6,1.00
97.50,3150.4,-24.6,1.00
97.55,3149.1,-24.6,1.00
97.60,3147.9,-24.6,1.00
97.65,3146.7,-24.6,1.00
97.70,3145.4,-24.6,1.00
97.75,3144.2,-24.6,1.00
97.80,3143.0,-24.6,1.00
97.85,3141.8,-24.6,1.00
97.90,3140.5,-24.6,1.00
97.95,3139.3,-24.6,1.00
98.00,3138.1,-24.6,1.00
98.05,3136.8,-24.6,1.00
98.10,3135.6,-24.6,1.00
98.15,3134.4,-24.6,1.00
98.20,3133.1,-24.6,1.00
98.25,3131.9,-24.6,1.00
98.30,3130.7,-24.6,1.00
98.35,3129.5,-24.6,1.00
98.40,3128.2,-24.6,1.00
98.45,3127.0,-24.6,1.00
98.50,3125.8,-24.6,1.00
98.55,3124.5,-24.6,1.00
98.60,3123.3,-24.6,1.00
98.65,3122.1,-24.6,1.00
98.70,3120.8,-24.6,1.00
98.75,3119.6,-24.6,1.00
98.80,3118.4,-24.6,1.00
98.85,3117.2,-24.6,1.00
98.90,3115.9,-24.6,1.00
98.95,3114.7,-24.6,1.00
99.00,3113.5,-24.6,1.00
99.05,3112.2,-24.6,1.00
99.10,3111.0,-24.6,1.00
99.15,3109.8,-24.6,1.00
99.20,3108.5,-24.6,1.00
99.25,3107.3,-24.6,1.00
99.30,3106.1,-24.6,1.00
99.35,3104.9,-24.6,1.00
99.40,3103.6,-24.6,1.00
99.45,3102.4,-24.6,1.00
99.50,3101.1,-24.6,1.00
99.55,3099.9,-24.6,1.00
99.60,3098.7,-24.6,1.00
99.65,3097.5,-24.6,1.00
99.70,3096.2,-24.6,1.00
99.75,3095.0,-24.6,1.00
99.80,3093.8,-24.6,1.00
99.85,3092.6,-24.6,1.00
99.90,3091.3,-24.6,1.00
99.95,3090.1,-24.6,1.00
100.00,3088.8,-24.6,1.00
100.05,3087.6,-24.6,1.00
100.10,3086.4,-24.6,1.00
100.15,3085.2,-24.6,1.00
100.20,3083.9,-24.6,1.00
100.25,3082.7,-24.6,1.00
100.30,3081.5,-24.6,1.00
100.35,3080.2,-24.6,1.00
100.40,3079.0,-24.6,1.00
100.45,3077.8,-24.6,1.00
100.50,3076.5,-24.6,1.00
100.55,3075.3,-24.6,1.00
100.60,3074.1,-24.6,1.00
100.65,3072.9,-24.6,1.00
100.70,3071.6,-24.6,1.00
100.75,3070.4,-24.6,1.00
100.80,3069.2,-24.6,1.00
100.85,3067.9,-24.6,1.00
100.90,3066.7,-24.6,1.00
100.95,3065.5,-24.6,1.00
101.00,3064.2,-24.6,1.00
101.05,3063.0,-24.6,1.00
101.10,3061.8,-24.6,1.00
101.15,3060.6,-24.6,1.00
101.20,3059.3,-24.6,1.00
101.25,3058.1,-24.6,1.00
101.30,3056.9,-24.6,1.00
101.35,3055.6,-24.6,1.00
101.40,3054.4,-24.6,1.00
101.45,3053.2,-24.6,1.00
101.50,3051.9,-24.6,1.00
101.55,3050.7,-24.6,1.00
101.60,3049.5,-24.6,1.00
101.65,3048.3,-24.6,1.00
101.70,3047.0,-24.6,1.00
101.75,3045.8,-24.6,1.00
101.80,3044.6,-24.6,1.00
101.85,3043.3,-24.6,1.00
101.90,3042.1,-24.6,1.00
101.95,3040.9,-24.6,1.00
102.00,3039.6,-24.6,1.00
102.05,3038.4,-24.6,1.00
102.10,3037.2,-24.6,1.00
102.15,3036.0,-24.6,1.00
102.20,3034.7,-24.6,1.00
102.25,3033.5,-24.6,1.00
102.30,3032.3,-24.6,1.00
102.35,3031.0,-24.6,1.00
102.40,3029.8,-24.6,1.00
102.45,3028.6,-24.6,1.00
102.50,3027.3,-24.6,1.00
102.55,3026.1,-24.6,1.00
102.60,3024.9,-24.6,1.00
102.65,3023.7,-24.6,1.00
102.70,3022.4,-24.6,1.00
102.75,3021.2,-24.6,1.00
102.80,3019.9,-24.6,1.00
102.85,3018.7,-24.6,1.00
102.90,3017.5,-24.6,1.00
102.95,3016.3,-24.6,1.00
103.00,3015.0,-24.6,1.00
103.05,3013.8,-24.6,1.00
103.10,3012.6,-24.6,1.00
103.15,3011.4,-24.6,1.00
103.20,3010.1,-24.6,1.00
103.25,3008.9,-24.6,1.00
103.30,3007.6,-24.6,1.00
103.35,3006.4,-24.6,1.00
103.40,3005.2,-24.6,1.00
103.45,3004.0,-24.6,1.00
103.50,3002.7,-24.6,1.00
103.55,3001.5,-24.6,1.00
103.60,3000.3,-24.6,1.00
103.65,2999.0,-24.6,1.00
103.70,2997.8,-24.6,1.00
103.75,2996.6,-24.6,1.00
103.80,2995.3,-24.6,1.00
103.85,2994.1,-24.6,1.00
103.90,2992.9,-24.6,1.00
103.95,2991.7,-24.6,1.00
104.00,2990.4,-24.6,1.00
104.05,2989.2,-24.6,1.00
104.10,2988.0,-24.6,1.00
104.15,2986.7,-24.6,1.00
104.20,2985.5,-24.6,1.00
104.25,2984.3,-24.6,1.00
104.30,2983.0,-24.6,1.00
104.35,2981.8,-24.6,1.00
104.40,2980.6,-24.6,1.00
104.45,2979.4,-24.6,1.00
104.50,2978.1,-24.6,1.00
104.55,2976.9,-24.6,1.00
104.60,2975.7,-24.6,1.00
104.65,2974.4,-24.6,1.00
104.70,2973.2,-24.6,1.00
104.75,2972.0,-24.6,1.00
104.80,2970.7,-24.6,1.00
104.85,2969.5,-24.6,1.00
104.90,2968.3,-24.6,1.00
104.95,2967.1,-24.6,1.00
105.00,2965.8,-24.6,1.00
105.05,2964.6,-24.6,1.00
105.10,2963.4,-24.6,1.00
105.15,2962.1,-24.6,1.00
105.20,2960.9,-24.6,1.00
105.25,2959.7,-24.6,1.00
105.30,2958.4,-24.6,1.00
105.35,2957.2,-24.6,1.00
105.40,2956.0,-24.6,1.00
105.45,2954.8,-24.6,1.00
105.50,2953.5,-24.6,1.00
105.55,2952.3,-24.6,1.00
105.60,2951.0,-24.6,1.00
105.65,2949.8,-24.6,1.00
105.70,2948.6,-24.6,1.00
105.75,2947.4,-24.6,1.00
105.80,2946.1,-24.6,1.00
105.85,2944.9,-24.6,1.00
105.90,2943.7,-24.6,1.00
105.95,2942.5,-24.6,1.00
106.00,2941.2,-24.6,1.00
106.05,2940.0,-24.6,1.00
106.10,2938.7,-24.6,1.00
106.15,2937.5,-24.6,1.00
106.20,2936.3,-24.6,1.00
106.25,2935.1,-24.6,1.00
106.30,2933.8,-24.6,1.00
106.35,2932.6,-24.6,1.00
106.40,2931.4,-24.6,1.00
106.45,2930.2,-24.6,1.00
106.50,2928.9,-24.6,1.00
106.55,2927.7,-24.6,1.00
106.60,2926.4,-24.6,1.00
106.65,2925.2,-24.6,1.00
106.70,2924.0,-24.6,1.00
106.75,2922.8,-24.6,1.00
106.80,2921.5,-24.6,1.00
106.85,2920.3,-24.6,1.00
106.90,2919.1,-24.6,1.00
106.95,2917.8,-24.6,1.00
107.00,2916.6,-24.6,1.00
107.05,2915.4,-24.6,1.00
107.10,2914.1,-24.6,1.00
107.15,2912.9,-24.6,1.00
107.20,2911.7,-24.6,1.00
107.25,2910.5,-24.6,1.00
107.30,2909.2,-24.6,1.00
107.35,2908.0,-24.6,1.00
107.40,2906.8,-24.6,1.00
107.45,2905.5,-24.6,1.00
107.50,2904.3,-24.6,1.00
107.55,2903.1,-24.6,1.00
107.60,2901.8,-24.6,1.00
107.65,2900.6,-24.6,1.00
107.70,2899.4,-24.6,1.00
107.75,2898.2,-24.6,1.00
107.80,2896.9,-24.6,1.00
107.85,2895.7,-24.6,1.00
107.90,2894.5,-24.6,1.00
107.95,2893.2,-24.6,1.00
108.00,2892.0,-24.6,1.00
108.05,2890.8,-24.6,1.00
108.10,2889.5,-24.6,1.00
108.15,2888.3,-24.6,1.00
108.20,2887.1,-24.6,1.00
108.25,2885.9,-24.6,1.00
108.30,2884.6,-24.6,1.00
108.35,2883.4,-24.6,1.00
108.40,2882.2,-24.6,1.00
108.45,2880.9,-24.6,1.00
108.50,2879.7,-24.6,1.00
108.55,2878.5,-24.6,1.00
108.60,2877.2,-24.6,1.00
108.65,2876.0,-24.6,1.00
108.70,2874.8,-24.6,1.00
108.75,2873.6,-24.6,1.00
108.80,2872.3,-24.6,1.00
108.85,2871.1,-24.6,1.00
108.90,2869.8,-24.6,1.00
108.95,2868.6,-24.6,1.00
109.00,2867.4,-24.6,1.00
109.05,2866.2,-24.6,1.00
109.10,2864.9,-24.6,1.00
109.15,2863.7,-24.6,1.00
109.20,2862.5,-24.6,1.00
109.25,2861.3,-24.6,1.00
109.30,2860.0,-24.6,1.00
109.35,2858.8,-24.6,1.00
109.40,2857.5,-24.6,1.00
109.45,2856.3,-24.6,1.00
109.50,2855.1,-24.6,1.00
109.55,2853.9,-24.6,1.00
109.60,2852.6,-24.6,1.00
109.65,2851.4,-24.6,1.00
109.70,2850.2,-24.6,1.00
109.75,2849.0,-24.6,1.00
109.80,2847.7,-24.6,1.00
109.85,2846.5,-24.6,1.00
109.90,2845.2,-24.6,1.00
109.95,2844.0,-24.6,1.00
110.00,2842.8,-24.6,1.00
110.05,2841.6,-24.6,1.00
110.10,2840.3,-24.6,1.00
110.15,2839.1,-24.6,1.00
110.20,2837.9,-24.6,1.00
110.25,2836.6,-24.6,1.00
110.30,2835.4,-24.6,1.00
110.35,2834.2,-24.6,1.00
110.40,2832.9,-24.6,1.00
110.45,2831.7,-24.6,1.00
110.50,2830.5,-24.6,1.00
110.55,2829.3,-24.6,1.00
110.60,2828.0,-24.6,1.00
110.65,2826.8,-24.6,1.00
110.70,2825.6,-24.6,1.00
110.75,2824.3,-24.6,1.00
110.80,2823.1,-24.6,1.00
110.85,2821.9,-24.6,1.00
110.90,2820.6,-24.6,1.00
110.95,2819.4,-24.6,1.00
111.00,2818.2,-24.6,1.00
111.05,2817.0,-24.6,1.00
111.10,2815.7,-24.6,1.00
111.15,2814.5,-24.6,1.00
111.20,2813.3,-24.6,1.00
111.25,2812.0,-24.6,1.00
111.30,2810.8,-24.6,1.00
111.35,2809.6,-24.6,1.00
111.40,2808.3,-24.6,1.00
111.45,2807.1,-24.6,1.00
111.50,2805.9,-24.6,1.00
111.55,2804.7,-24.6,1.00
111.60,2803.4,-24.6,1.00
111.65,2802.2,-24.6,1.00
111.70,2801.0,-24.6,1.00
111.75,2799.7,-24.6,1.00
111.80,2798.5,-24.6,1.00
111.85,2797.3,-24.6,1.00
111.90,2796.0,-24.6,1.00
111.95,2794.8,-24.6,1.00
112.00,2793.6,-24.6,1.00
112.05,2792.4,-24.6,1.00
112.10,2791.1,-24.6,1.00
112.15,2789.9,-24.6,1.00
112.20,2788.6,-24.6,1.00
112.25,2787.4,-24.6,1.00
112.30,2786.2,-24.6,1.00
112.35,2785.0,-24.6,1.00
112.40,2783.7,-24.6,1.00
112.45,2782.5,-24.6,1.00
112.50,2781.3,-24.6,1.00
112.55,2780.1,-24.6,1.00
112.60,2778.8,-24.6,1.00
112.65,2777.6,-24.6,1.00
112.70,2776.3,-24.6,1.00
112.75,2775.1,-24.6,1.00
112.80,2773.9,-24.6,1.00
112.85,2772.7,-24.6,1.00
112.90,2771.4,-24.6,1.00
112.95,2770.2,-24.6,1.00
113.00,2769.0,-24.6,1.00
113.05,2767.7,-24.6,1.00
113.10,2766.5,-24.6,1.00
113.15,2765.3,-24.6,1.00
113.20,2764.0,-24.6,1.00
113.25,2762.8,-24.6,1.00
113.30,2761.6,-24.6,1.00
113.35,2760.4,-24.6,1.00
113.40,2759.1,-24.6,1.00
113.45,2757.9,-24.6,1.00
113.50,2756.7,-24.6,1.00
113.55,2755.4,-24.6,1.00
113.60,2754.2,-24.6,1.00
113.65,2753.0,-24.6,1.00
113.70,2751.7,-24.6,1.00
113.75,2750.5,-24.6,1.00
113.80,2749.3,-24.6,1.00
113.85,2748.1,-24.6,1.00
113.90,2746.8,-24.6,1.00
113.95,2745.6,-24.6,1.00
114.00,2744.4,-24.6,1.00
114.05,2743.1,-24.6,1.00
114.10,2741.9,-24.6,1.00
114.15,2740.7,-24.6,1.00
114.20,2739.4,-24.6,1.00
114.25,2738.2,-24.6,1.00
114.30,2737.0,-24.6,1.00
114.35,2735.8,-24.6,1.00
114.40,2734.5,-24.6,1.00
114.45,2733.3,-24.6,1.00
114.50,2732.1,-24.6,1.00
114.55,2730.8,-24.6,1.00
114.60,2729.6,-24.6,1.00
114.65,2728.4,-24.6,1.00
114.70,2727.1,-24.6,1.00
114.75,2725.9,-24.6,1.00
114.80,2724.7,-24.6,1.00
114.85,2723.5,-24.6,1.00
114.90,2722.2,-24.6,1.00
114.95,2721.0,-24.6,1.00
115.00,2719.8,-24.6,1.00
115.05,2718.5,-24.6,1.00
115.10,2717.3,-24.6,1.00
115.15,2716.1,-24.6,1.00
115.20,2714.8,-24.6,1.00
115.25,2713.6,-24.6,1.00
115.30,2712.4,-24.6,1.00
115.35,2711.2,-24.6,1.00
115.40,2709.9,-24.6,1.00
115.45,2708.7,-24.6,1.00
115.50,2707.4,-24.6,1.00
115.55,2706.2,-24.6,1.00
115.60,2705.0,-24.6,1.00
115.65,2703.8,-24.6,1.00
115.70,2702.5,-24.6,1.00
115.75,2701.3,-24.6,1.00
115.80,2700.1,-24.6,1.00
115.85,2698.9,-24.6,1.00
115.90,2697.6,-24.6,1.00
115.95,2696.4,-24.6,1.00
116.00,2695.1,-24.6,1.00
116.05,2693.9,-24.6,1.00
116.10,2692.7,-24.6,1.00
116.15,2691.5,-24.6,1.00
116.20,2690.2,-24.6,1.00
116.25,2689.0,-24.6,1.00
116.30,2687.8,-24.6,1.00
116.35,2686.5,-24.6,1.00
116.40,2685.3,-24.6,1.00
116.45,2684.1,-24.6,1.00
116.50,2682.8,-24.6,1.00
116.55,2681.6,-24.6,1.00
116.60,2680.4,-24.6,1.00
116.65,2679.2,-24.6,1.00
116.70,2677.9,-24.6,1.00
116.75,2676.7,-24.6,1.00
116.80,2675.5,-24.6,1.00
116.85,2674.2,-24.6,1.00
116.90,2673.0,-24.6,1.00
116.95,2671.8,-24.6,1.00
117.00,2670.5,-24.6,1.00
117.05,2669.3,-24.6,1.00
117.10,2668.1,-24.6,1.00
117.15,2666.9,-24.6,1.00
117.20,2665.6,-24.6,1.00
117.25,2664.4,-24.6,1.00
117.30,2663.2,-24.6,1.00
117.35,2661.9,-24.6,1.00
117.40,2660.7,-24.6,1.00
117.45,2659.5,-24.6,1.00
117.50,2658.2,-24.6,1.00
117.55,2657.0,-24.6,1.00
117.60,2655.8,-24.6,1.00
117.65,2654.6,-24.6,1.00
117.70,2653.3,-24.6,1.00
117.75,2652.1,-24.6,1.00
117.80,2650.9,-24.6,1.00
117.85,2649.6,-24.6,1.00
117.90,2648.4,-24.6,1.00
117.95,2647.2,-24.6,1.00
118.00,2645.9,-24.6,1.00
118.05,2644.7,-24.6,1.00
118.10,2643.5,-24.6,1.00
118.15,2642.3,-24.6,1.00
118.20,2641.0,-24.6,1.00
118.25,2639.8,-24.6,1.00
118.30,2638.5,-24.6,1.00
118.35,2637.3,-24.6,1.00
118.40,2636.1,-24.6,1.00
118.45,2634.9,-24.6,1.00
118.50,2633.6,-24.6,1.00
118.55,2632.4,-24.6,1.00
118.60,2631.2,-24.6,1.00
118.65,2630.0,-24.6,1.00
118.70,2628.7,-24.6,1.00
118.75,2627.5,-24.6,1.00
118.80,2626.2,-24.6,1.00
118.85,2625.0,-24.6,1.00
118.90,2623.8,-24.6,1.00
118.95,2622.6,-24.6,1.00
119.00,2621.3,-24.6,1.00
119.05,2620.1,-24.6,1.00
119.10,2618.9,-24.6,1.00
119.15,2617.7,-24.6,1.00
119.20,2616.4,-24.6,1.00
119.25,2615.2,-24.6,1.00
119.30,2613.9,-24.6,1.00
119.35,2612.7,-24.6,1.00
119.40,2611.5,-24.6,1.00
119.45,2610.3,-24.6,1.00
119.50,2609.0,-24.6,1.00
119.55,2607.8,-24.6,1.00
119.60,2606.6,-24.6,1.00
119.65,2605.3,-24.6,1.00
119.70,2604.1,-24.6,1.00
119.75,2602.9,-24.6,1.00
119.80,2601.6,-24.6,1.00
119.85,2600.4,-24.6,1.00
119.90,2599.2,-24.6,1.00
119.95,2598.0,-24.6,1.00
120.00,2596.7,-24.6,1.00
120.05,2595.5,-24.6,1.00
120.10,2594.3,-24.6,1.00
120.15,2593.0,-24.6,1.00
120.20,2591.8,-24.6,1.00
120.25,2590.6,-24.6,1.00
120.30,2589.3,-24.6,1.00
120.35,2588.1,-24.6,1.00
120.40,2586.9,-24.6,1.00
120.45,2585.7,-24.6,1.00
120.50,2584.4,-24.6,1.00
120.55,2583.2,-24.6,1.00
120.60,2582.0,-24.6,1.00
120.65,2580.7,-24.6,1.00
120.70,2579.5,-24.6,1.00
120.75,2578.3,-24.6,1.00
120.80,2577.0,-24.6,1.00
120.85,2575.8,-24.6,1.00
120.90,2574.6,-24.6,1.00
120.95,2573.4,-24.6,1.00
121.00,2572.1,-24.6,1.00
121.05,2570.9,-24.6,1.00
121.10,2569.7,-24.6,1.00
121.15,2568.4,-24.6,1.00
121.20,2567.2,-24.6,1.00
121.25,2566.0,-24.6,1.00
121.30,2564.7,-24.6,1.00
121.35,2563.5,-24.6,1.00
121.40,2562.3,-24.6,1.00
121.45,2561.1,-24.6,1.00
121.50,2559.8,-24.6,1.00
121.55,2558.6,-24.6,1.00
121.60,2557.3,-24.6,1.00
121.65,2556.1,-24.6,1.00
121.70,2554.9,-24.6,1.00
121.75,2553.7,-24.6,1.00
121.80,2552.4,-24.6,1.00
121.85,2551.2,-24.6,1.00
121.90,2550.0,-24.6,1.00
121.95,2548.8,-24.6,1.00
122.00,2547.5,-24.6,1.00
122.05,2546.3,-24.6,1.00
122.10,2545.0,-24.6,1.00
122.15,2543.8,-24.6,1.00
122.20,2542.6,-24.6,1.00
122.25,2541.4,-24.6,1.00
122.30,2540.1,-24.6,1.00
122.35,2538.9,-24.6,1.00
122.40,2537.7,-24.6,1.00
122.45,2536.5,-24.6,1.00
122.50,2535.2,-24.6,1.00
122.55,2534.0,-24.6,1.00
122.60,2532.7,-24.6,1.00
122.65,2531.5,-24.6,1.00
122.70,2530.3,-24.6,1.00
122.75,2529.1,-24.6,1.00
122.80,2527.8,-24.6,1.00
122.85,2526.6,-24.6,1.00
122.90,2525.4,-24.6,1.00
122.95,2524.1,-24.6,1.00
123.00,2522.9,-24.6,1.00
123.05,2521.7,-24.6,1.00
123.10,2520.4,-24.6,1.00
123.15,2519.2,-24.6,1.00
123.20,2518.0,-24.6,1.00
123.25,2516.8,-24.6,1.00
123.30,2515.5,-24.6,1.00
123.35,2514.3,-24.6,1.00
123.40,2513.1,-24.6,1.00
123.45,2511.8,-24.6,1.00
123.50,2510.6,-24.6,1.00
123.55,2509.4,-24.6,1.00
123.60,2508.1,-24.6,1.00
123.65,2506.9,-24.6,1.00
123.70,2505.7,-24.6,1.00
123.75,2504.5,-24.6,1.00
123.80,2503.2,-24.6,1.00
123.85,2502.0,-24.6,1.00
123.90,2500.8,-24.6,1.00
123.95,2499.5,-24.6,1.00
124.00,2498.3,-24.6,1.00
124.05,2497.1,-24.6,1.00
124.10,2495.8,-24.6,1.00
124.15,2494.6,-24.6,1.00
124.20,2493.4,-24.6,1.00
124.25,2492.2,-24.6,1.00
124.30,2490.9,-24.6,1.00
124.35,2489.7,-24.6,1.00
124.40,2488.5,-24.6,1.00
124.45,2487.2,-24.6,1.00
124.50,2486.0,-24.6,1.00
124.55,2484.8,-24.6,1.00
124.60,2483.5,-24.6,1.00
124.65,2482.3,-24.6,1.00
124.70,2481.1,-24.6,1.00
124.75,2479.9,-24.6,1.00
124.80,2478.6,-24.6,1.00
124.85,2477.4,-24.6,1.00
124.90,2476.1,-24.6,1.00
124.95,2474.9,-24.6,1.00
125.00,2473.7,-24.6,1.00
125.05,2472.5,-24.6,1.00
125.10,2471.2,-24.6,1.00
125.15,2470.0,-24.6,1.00
125.20,2468.8,-24.6,1.00
125.25,2467.6,-24.6,1.00
125.30,2466.3,-24.6,1.00
125.35,2465.1,-24.6,1.00
125.40,2463.8,-24.6,1.00
125.45,2462.6,-24.6,1.00
125.50,2461.4,-24.6,1.00
125.55,2460.2,-24.6,1.00
125.60,2458.9,-24.6,1.00
125.65,2457.7,-24.6,1.00
125.70,2456.5,-24.6,1.00
125.75,2455.2,-24.6,1.00
125.80,2454.0,-24.6,1.00
125.85,2452.8,-24.6,1.00
125.90,2451.5,-24.6,1.00
125.95,2450.3,-24.6,1.00
126.00,2449.1,-24.6,1.00
126.05,2447.9,-24.6,1.00
126.10,2446.6,-24.6,1.00
126.15,2445.4,-24.6,1.00
126.20,2444.2,-24.6,1.00
126.25,2442.9,-24.6,1.00
126.30,2441.7,-24.6,1.00
126.35,2440.5,-24.6,1.00
126.40,2439.2,-24.6,1.00
126.45,2438.0,-24.6,1.00
126.50,2436.8,-24.6,1.00
126.55,2435.6,-24.6,1.00
126.60,2434.3,-24.6,1.00
126.65,2433.1,-24.6,1.00
126.70,2431.9,-24.6,1.00
126.75,2430.6,-24.6,1.00
126.80,2429.4,-24.6,1.00
126.85,2428.2,-24.6,1.00
126.90,2426.9,-24.6,1.00
126.95,2425.7,-24.6,1.00
127.00,2424.5,-24.6,1.00
127.05,2423.3,-24.6,1.00
127.10,2422.0,-24.6,1.00
127.15,2420.8,-24.6,1.00
127.20,2419.6,-24.6,1.00
127.25,2418.3,-24.6,1.00
127.30,2417.1,-24.6,1.00
127.35,2415.9,-24.6,1.00
127.40,2414.6,-24.6,1.00
127.45,2413.4,-24.6,1.00
127.50,2412.2,-24.6,1.00
127.55,2411.0,-24.6,1.00
127.60,2409.7,-24.6,1.00
127.65,2408.5,-24.6,1.00
127.70,2407.3,-24.6,1.00
127.75,2406.0,-24.6,1.00
127.80,2404.8,-24.6,1.00
127.85,2403.6,-24.6,1.00
127.90,2402.3,-24.6,1.00
127.95,2401.1,-24.6,1.00
128.00,2399.9,-24.6,1.00
128.05,2398.7,-24.6,1.00
128.10,2397.4,-24.6,1.00
128.15,2396.2,-24.6,1.00
128.20,2394.9,-24.6,1.00
128.25,2393.7,-24.6,1.00
128.30,2392.5,-24.6,1.00
128.35,2391.3,-24.6,1.00
128.40,2390.0,-24.6,1.00
128.45,2388.8,-24.6,1.00
128.50,2387.6,-24.6,1.00
128.55,2386.4,-24.6,1.00
128.60,2385.1,-24.6,1.00
128.65,2383.9,-24.6,1.00
128.70,2382.6,-24.6,1.00
128.75,2381.4,-24.6,1.00
128.80,2380.2,-24.6,1.00
128.85,2379.0,-24.6,1.00
128.90,2377.7,-24.6,1.00
128.95,2376.5,-24.6,1.00
129.00,2375.3,-24.6,1.00
129.05,2374.0,-24.6,1.00
129.10,2372.8,-24.6,1.00
129.15,2371.6,-24.6,1.00
129.20,2370.3,-24.6,1.00
129.25,2369.1,-24.6,1.00
129.30,2367.9,-24.6,1.00
129.35,2366.7,-24.6,1.00
129.40,2365.4,-24.6,1.00
129.45,2364.2,-24.6,1.00
129.50,2363.0,-24.6,1.00
129.55,2361.7,-24.6,1.00
129.60,2360.5,-24.6,1.00
129.65,2359.3,-24.6,1.00
129.70,2358.0,-24.6,1.00
129.75,2356.8,-24.6,1.00
129.80,2355.6,-24.6,1.00
129.85,2354.4,-24.6,1.00
129.90,2353.1,-24.6,1.00
129.95,2351.9,-24.6,1.00
130.00,2350.7,-24.6,1.00
130.05,2349.4,-24.6,1.00
130.10,2348.2,-24.6,1.00
130.15,2347.0,-24.6,1.00
130.20,2345.7,-24.6,1.00
130.25,2344.5,-24.6,1.00
130.30,2343.3,-24.6,1.00
130.35,2342.1,-24.6,1.00
130.40,2340.8,-24.6,1.00
130.45,2339.6,-24.6,1.00
130.50,2338.4,-24.6,1.00
130.55,2337.1,-24.6,1.00
130.60,2335.9,-24.6,1.00
130.65,2334.7,-24.6,1.00
130.70,2333.4,-24.6,1.00
130.75,2332.2,-24.6,1.00
130.80,2331.0,-24.6,1.00
130.85,2329.8,-24.6,1.00
130.90,2328.5,-24.6,1.00
130.95,2327.3,-24.6,1.00
131.00,2326.0,-24.6,1.00
131.05,2324.8,-24.6,1.00
131.10,2323.6,-24.6,1.00
131.15,2322.4,-24.6,1.00
131.20,2321.1,-24.6,1.00
131.25,2319.9,-24.6,1.00
131.30,2318.7,-24.6,1.00
131.35,2317.5,-24.6,1.00
131.40,2316.2,-24.6,1.00
131.45,2315.0,-24.6,1.00
131.50,2313.7,-24.6,1.00
131.55,2312.5,-24.6,1.00
131.60,2311.3,-24.6,1.00
131.65,2310.1,-24.6,1.00
131.70,2308.8,-24.6,1.00
131.75,2307.6,-24.6,1.00
131.80,2306.4,-24.6,1.00
131.85,2305.2,-24.6,1.00
131.90,2303.9,-24.6,1.00
131.95,2302.7,-24.6,1.00
132.00,2301.4,-24.6,1.00
132.05,2300.2,-24.6,1.00
132.10,2299.0,-24.6,1.00
132.15,2297.8,-24.6,1.00
132.20,2296.5,-24.6,1.00
132.25,2295.3,-24.6,1.00
132.30,2294.1,-24.6,1.00
132.35,2292.8,-24.6,1.00
132.40,2291.6,-24.6,1.00
132.45,2290.4,-24.6,1.00
132.50,2289.1,-24.6,1.00
132.55,2287.9,-24.6,1.00
132.60,2286.7,-24.6,1.00
132.65,2285.5,-24.6,1.00
132.70,2284.2,-24.6,1.00
132.75,2283.0,-24.6,1.00
132.80,2281.8,-24.6,1.00
132.85,2280.5,-24.6,1.00
132.90,2279.3,-24.6,1.00
132.95,2278.1,-24.6,1.00
133.00,2276.8,-24.6,1.00
133.05,2275.6,-24.6,1.00
133.10,2274.4,-24.6,1.00
133.15,2273.2,-24.6,1.00
133.20,2271.9,-24.6,1.00
133.25,2270.7,-24.6,1.00
133.30,2269.5,-24.6,1.00
133.35,2268.2,-24.6,1.00
133.40,2267.0,-24.6,1.00
133.45,2265.8,-24.6,1.00
133.50,2264.5,-24.6,1.00
133.55,2263.3,-24.6,1.00
133.60,2262.1,-24.6,1.00
133.65,2260.9,-24.6,1.00
133.70,2259.6,-24.6,1.00
133.75,2258.4,-24.6,1.00
133.80,2257.2,-24.6,1.00
133.85,2255.9,-24.6,1.00
133.90,2254.7,-24.6,1.00
133.95,2253.5,-24.6,1.00
134.00,2252.2,-24.6,1.00
134.05,2251.0,-24.6,1.00
134.10,2249.8,-24.6,1.00
134.15,2248.6,-24.6,1.00
134.20,2247.3,-24.6,1.00
134.25,2246.1,-24.6,1.00
134.30,2244.8,-24.6,1.00
134.35,2243.6,-24.6,1.00
134.40,2242.4,-24.6,1.00
134.45,2241.2,-24.6,1.00
134.50,2239.9,-24.6,1.00
134.55,2238.7,-24.6,1.00
134.60,2237.5,-24.6,1.00
134.65,2236.3,-24.6,1.00
134.70,2235.0,-24.6,1.00
134.75,2233.8,-24.6,1.00
134.80,2232.5,-24.6,1.00
134.85,2231.3,-24.6,1.00
134.90,2230.1,-24.6,1.00
134.95,2228.9,-24.6,1.00
135.00,2227.6,-24.6,1.00
135.05,2226.4,-24.6,1.00
135.10,2225.2,-24.6,1.00
135.15,2224.0,-24.6,1.00
135.20,2222.7,-24.6,1.00
135.25,2221.5,-24.6,1.00
135.30,2220.2,-24.6,1.00
135.35,2219.0,-24.6,1.00
135.40,2217.8,-24.6,1.00
135.45,2216.6,-24.6,1.00
135.50,2215.3,-24.6,1.00
135.55,2214.1,-24.6,1.00
135.60,2212.9,-24.6,1.00
135.65,2211.6,-24.6,1.00
135.70,2210.4,-24.6,1.00
135.75,2209.2,-24.6,1.00
135.80,2207.9,-24.6,1.00
135.85,2206.7,-24.6,1.00
135.90,2205.5,-24.6,1.00
135.95,2204.3,-24.6,1.00
136.00,2203.0,-24.6,1.00
136.05,2201.8,-24.6,1.00
136.10,2200.6,-24.6,1.00
136.15,2199.3,-24.6,1.00
136.20,2198.1,-24.6,1.00
136.25,2196.9,-24.6,1.00
136.30,2195.6,-24.6,1.00
136.35,2194.4,-24.6,1.00
136.40,2193.2,-24.6,1.00
136.45,2192.0,-24.6,1.00
136.50,2190.7,-24.6,1.00
136.55,2189.5,-24.6,1.00
136.60,2188.3,-24.6,1.00
136.65,2187.0,-24.6,1.00
136.70,2185.8,-24.6,1.00
136.75,2184.6,-24.6,1.00
136.80,2183.3,-24.6,1.00
136.85,2182.1,-24.6,1.00
136.90,2180.9,-24.6,1.00
136.95,2179.7,-24.6,1.00
137.00,2178.4,-24.6,1.00
137.05,2177.2,-24.6,1.00
137.10,2176.0,-24.6,1.00
137.15,2174.7,-24.6,1.00
137.20,2173.5,-24.6,1.00
137.25,2172.3,-24.6,1.00
137.30,2171.0,-24.6,1.00
137.35,2169.8,-24.6,1.00
137.40,2168.6,-24.6,1.00
137.45,2167.4,-24.6,1.00
137.50,2166.1,-24.6,1.00
137.55,2164.9,-24.6,1.00
137.60,2163.6,-24.6,1.00
137.65,2162.4,-24.6,1.00
137.70,2161.2,-24.6,1.00
137.75,2160.0,-24.6,1.00
137.80,2158.7,-24.6,1.00
137.85,2157.5,-24.6,1.00
137.90,2156.3,-24.6,1.00
137.95,2155.1,-24.6,1.00
138.00,2153.8,-24.6,1.00
138.05,2152.6,-24.6,1.00
138.10,2151.3,-24.6,1.00
138.15,2150.1,-24.6,1.00
138.20,2148.9,-24.6,1.00
138.25,2147.7,-24.6,1.00
138.30,2146.4,-24.6,1.00
138.35,2145.2,-24.6,1.00
138.40,2144.0,-24.6,1.00
138.45,2142.7,-24.6,1.00
138.50,2141.5,-24.6,1.00
138.55,2140.3,-24.6,1.00
138.60,2139.0,-24.6,1.00
138.65,2137.8,-24.6,1.00
138.70,2136.6,-24.6,1.00
138.75,2135.4,-24.6,1.00
138.80,2134.1,-24.6,1.00
138.85,2132.9,-24.6,1.00
138.90,2131.7,-24.6,1.00
138.95,2130.4,-24.6,1.00
139.00,2129.2,-24.6,1.00
139.05,2128.0,-24.6,1.00
139.10,2126.7,-24.6,1.00
139.15,2125.5,-24.6,1.00
139.20,2124.3,-24.6,1.00
139.25,2123.1,-24.6,1.00
139.30,2121.8,-24.6,1.00
139.35,2120.6,-24.6,1.00
139.40,2119.4,-24.6,1.00
139.45,2118.1,-24.6,1.00
139.50,2116.9,-24.6,1.00
139.55,2115.7,-24.6,1.00
139.60,2114.4,-24.6,1.00
139.65,2113.2,-24.6,1.00
139.70,2112.0,-24.6,1.00
139.75,2110.8,-24.6,1.00
139.80,2109.5,-24.6,1.00
139.85,2108.3,-24.6,1.00
139.90,2107.1,-24.6,1.00
139.95,2105.8,-24.6,1.00
140.00,2104.6,-24.6,1.00
140.05,2103.4,-24.6,1.00
140.10,2102.1,-24.6,1.00
140.15,2100.9,-24.6,1.00
140.20,2099.7,-24.6,1.00
140.25,2098.5,-24.6,1.00
140.30,2097.2,-24.6,1.00
140.35,2096.0,-24.6,1.00
140.40,2094.8,-24.6,1.00
140.45,2093.5,-24.6,1.00
140.50,2092.3,-24.6,1.00
140.55,2091.1,-24.6,1.00
140.60,2089.8,-24.6,1.00
140.65,2088.6,-24.6,1.00
140.70,2087.4,-24.6,1.00
140.75,2086.2,-24.6,1.00
140.80,2084.9,-24.6,1.00
140.85,2083.7,-24.6,1.00
140.90,2082.4,-24.6,1.00
140.95,2081.2,-24.6,1.00
141.00,2080.0,-24.6,1.00
141.05,2078.8,-24.6,1.00
141.10,2077.5,-24.6,1.00
141.15,2076.3,-24.6,1.00
141.20,2075.1,-24.6,1.00
141.25,2073.9,-24.6,1.00
141.30,2072.6,-24.6,1.00
141.35,2071.4,-24.6,1.00
141.40,2070.1,-24.6,1.00
141.45,2068.9,-24.6,1.00
141.50,2067.7,-24.6,1.00
141.55,2066.5,-24.6,1.00
141.60,2065.2,-24.6,1.00
141.65,2064.0,-24.6,1.00
141.70,2062.8,-24.6,1.00
141.75,2061.5,-24.6,1.00
141.80,2060.3,-24.6,1.00
141.85,2059.1,-24.6,1.00
141.90,2057.8,-24.6,1.00
141.95,2056.6,-24.6,1.00
142.00,2055.4,-24.6,1.00
142.05,2054.2,-24.6,1.00
142.10,2052.9,-24.6,1.00
142.15,2051.7,-24.6,1.00
142.20,2050.5,-24.6,1.00
142.25,2049.2,-24.6,1.00
142.30,2048.0,-24.6,1.00
142.35,2046.8,-24.6,1.00
142.40,2045.5,-24.6,1.00
142.45,2044.3,-24.6,1.00
142.50,2043.1,-24.6,1.00
142.55,2041.9,-24.6,1.00
142.60,2040.6,-24.6,1.00
142.65,2039.4,-24.6,1.00
142.70,2038.2,-24.6,1.00
142.75,2036.9,-24.6,1.00
142.80,2035.7,-24.6,1.00
142.85,2034.5,-24.6,1.00
142.90,2033.2,-24.6,1.00
142.95,2032.0,-24.6,1.00
143.00,2030.8,-24.6,1.00
143.05,2029.6,-24.6,1.00
143.10,2028.3,-24.6,1.00
143.15,2027.1,-24.6,1.00
143.20,2025.9,-24.6,1.00
143.25,2024.6,-24.6,1.00
143.30,2023.4,-24.6,1.00
143.35,2022.2,-24.6,1.00
143.40,2020.9,-24.6,1.00
143.45,2019.7,-24.6,1.00
143.50,2018.5,-24.6,1.00
143.55,2017.3,-24.6,1.00
143.60,2016.0,-24.6,1.00
143.65,2014.8,-24.6,1.00
143.70,2013.5,-24.6,1.00
143.75,2012.3,-24.6,1.00
143.80,2011.1,-24.6,1.00
143.85,2009.9,-24.6,1.00
143.90,2008.6,-24.6,1.00
143.95,2007.4,-24.6,1.00
144.00,2006.2,-24.6,1.00
144.05,2005.0,-24.6,1.00
144.10,2003.7,-24.6,1.00
144.15,2002.5,-24.6,1.00
144.20,2001.2,-24.6,1.00
144.25,2000.0,-24.6,1.00
144.30,1998.8,-24.6,1.00
144.35,1997.6,-24.6,1.00
144.40,1996.3,-24.6,1.00
144.45,1995.1,-24.6,1.00
144.50,1993.9,-24.6,1.00
144.55,1992.7,-24.6,1.00
144.60,1991.4,-24.6,1.00
144.65,1990.2,-24.6,1.00
144.70,1988.9,-24.6,1.00
144.75,1987.7,-24.6,1.00
144.80,1986.5,-24.6,1.00
144.85,1985.3,-24.6,1.00
144.90,1984.0,-24.6,1.00
144.95,1982.8,-24.6,1.00
145.00,1981.6,-24.6,1.00
145.05,1980.3,-24.6,1.00
145.10,1979.1,-24.6,1.00
145.15,1977.9,-24.6,1.00
145.20,1976.6,-24.6,1.00
145.25,1975.4,-24.6,1.00
145.30,1974.2,-24.6,1.00
145.35,1973.0,-24.6,1.00
145.40,1971.7,-24.6,1.00
145.45,1970.5,-24.6,1.00
145.50,1969.3,-24.6,1.00
145.55,1968.0,-24.6,1.00
145.60,1966.8,-24.6,1.00
145.65,1965.6,-24.6,1.00
145.70,1964.3,-24.6,1.00
145.75,1963.1,-24.6,1.00
145.80,1961.9,-24.6,1.00
145.85,1960.7,-24.6,1.00
145.90,1959.4,-24.6,1.00
145.95,1958.2,-24.6,1.00
146.00,1957.0,-24.6,1.00
146.05,1955.7,-24.6,1.00
146.10,1954.5,-24.6,1.00
146.15,1953.3,-24.6,1.00
146.20,1952.0,-24.6,1.00
146.25,1950.8,-24.6,1.00
146.30,1949.6,-24.6,1.00
146.35,1948.4,-24.6,1.00
146.40,1947.1,-24.6,1.00
146.45,1945.9,-24.6,1.00
146.50,1944.7,-24.6,1.00
146.55,1943.4,-24.6,1.00
146.60,1942.2,-24.6,1.00
146.65,1941.0,-24.6,1.00
146.70,1939.7,-24.6,1.00
146.75,1938.5,-24.6,1.00
146.80,1937.3,-24.6,1.00
146.85,1936.1,-24.6,1.00
146.90,1934.8,-24.6,1.00
146.95,1933.6,-24.6,1.00
147.00,1932.3,-24.6,1.00
147.05,1931.1,-24.6,1.00
147.10,1929.9,-24.6,1.00
147.15,1928.7,-24.6,1.00
147.20,1927.4,-24.6,1.00
147.25,1926.2,-24.6,1.00
147.30,1925.0,-24.6,1.00
147.35,1923.8,-24.6,1.00
147.40,1922.5,-24.6,1.00
147.45,1921.3,-24.6,1.00
147.50,1920.0,-24.6,1.00
147.55,1918.8,-24.6,1.00
147.60,1917.6,-24.6,1.00
147.65,1916.4,-24.6,1.00
147.70,1915.1,-24.6,1.00
147.75,1913.9,-24.6,1.00
147.80,1912.7,-24.6,1.00
147.85,1911.5,-24.6,1.00
147.90,1910.2,-24.6,1.00
147.95,1909.0,-24.6,1.00
148.00,1907.7,-24.6,1.00
148.05,1906.5,-24.6,1.00
148.10,1905.3,-24.6,1.00
148.15,1904.1,-24.6,1.00
148.20,1902.8,-24.6,1.00
148.25,1901.6,-24.6,1.00
148.30,1900.4,-24.6,1.00
148.35,1899.1,-24.6,1.00
148.40,1897.9,-24.6,1.00
148.45,1896.7,-24.6,1.00
148.50,1895.4,-24.6,1.00
148.55,1894.2,-24.6,1.00
148.60,1893.0,-24.6,1.00
148.65,1891.8,-24.6,1.00
148.70,1890.5,-24.6,1.00
148.75,1889.3,-24.6,1.00
148.80,1888.1,-24.6,1.00
148.85,1886.8,-24.6,1.00
148.90,1885.6,-24.6,1.00
148.95,1884.4,-24.6,1.00
149.00,1883.1,-24.6,1.00
149.05,1881.9,-24.6,1.00
149.10,1880.7,-24.6,1.00
149.15,1879.5,-24.6,1.00
149.20,1878.2,-24.6,1.00
149.25,1877.0,-24.6,1.00
149.30,1875.8,-24.6,1.00
149.35,1874.5,-24.6,1.00
149.40,1873.3,-24.6,1.00
149.45,1872.1,-24.6,1.00
149.50,1870.8,-24.6,1.00
149.55,1869.6,-24.6,1.00
149.60,1868.4,-24.6,1.00
149.65,1867.2,-24.6,1.00
149.70,1865.9,-24.6,1.00
149.75,1864.7,-24.6,1.00
149.80,1863.5,-24.6,1.00
149.85,1862.2,-24.6,1.00
149.90,1861.0,-24.6,1.00
149.95,1859.8,-24.6,1.00
150.00,1858.5,-24.6,1.00
150.05,1857.3,-24.6,1.00
150.10,1856.1,-24.6,1.00
150.15,1854.9,-24.6,1.00
150.20,1853.6,-24.6,1.00
150.25,1852.4,-24.6,1.00
150.30,1851.1,-24.6,1.00
150.35,1849.9,-24.6,1.00
150.40,1848.7,-24.6,1.00
150.45,1847.5,-24.6,1.00
150.50,1846.2,-24.6,1.00
150.55,1845.0,-24.6,1.00
150.60,1843.8,-24.6,1.00
150.65,1842.6,-24.6,1.00
150.70,1841.3,-24.6,1.00
150.75,1840.1,-24.6,1.00
150.80,1838.8,-24.6,1.00
150.85,1837.6,-24.6,1.00
150.90,1836.4,-24.6,1.00
150.95,1835.2,-24.6,1.00
151.00,1833.9,-24.6,1.00
151.05,1832.7,-24.6,1.00
151.10,1831.5,-24.6,1.00
151.15,1830.2,-24.6,1.00
151.20,1829.0,-24.6,1.00
151.25,1827.8,-24.6,1.00
151.30,1826.5,-24.6,1.00
151.35,1825.3,-24.6,1.00
151.40,1824.1,-24.6,1.00
151.45,1822.9,-24.6,1.00
151.50,1821.6,-24.6,1.00
151.55,1820.4,-24.6,1.00
151.60,1819.2,-24.6,1.00
151.65,1817.9,-24.6,1.00
151.70,1816.7,-24.6,1.00
151.75,1815.5,-24.6,1.00
151.80,1814.2,-24.6,1.00
151.85,1813.0,-24.6,1.00
151.90,1811.8,-24.6,1.00
151.95,1810.6,-24.6,1.00
152.00,1809.3,-24.6,1.00
152.05,1808.1,-24.6,1.00
152.10,1806.9,-24.6,1.00
152.15,1805.6,-24.6,1.00
152.20,1804.4,-24.6,1.00
152.25,1803.2,-24.6,1.00
152.30,1801.9,-24.6,1.00
152.35,1800.7,-24.6,1.00
152.40,1799.5,-24.6,1.00
152.45,1798.3,-24.6,1.00
152.50,1797.0,-24.6,1.00
152.55,1795.8,-24.6,1.00
152.60,1794.6,-24.6,1.00
152.65,1793.3,-24.6,1.00
152.70,1792.1,-24.6,1.00
152.75,1790.9,-24.6,1.00
152.80,1789.6,-24.6,1.00
152.85,1788.4,-24.6,1.00
152.90,1787.2,-24.6,1.00
152.95,1786.0,-24.6,1.00
153.00,1784.7,-24.6,1.00
153.05,1783.5,-24.6,1.00
153.10,1782.3,-24.6,1.00
153.15,1781.0,-24.6,1.00
153.20,1779.8,-24.6,1.00
153.25,1778.6,-24.6,1.00
153.30,1777.3,-24.6,1.00
153.35,1776.1,-24.6,1.00
153.40,1774.9,-24.6,1.00
153.45,1773.7,-24.6,1.00
153.50,1772.4,-24.6,1.00
153.55,1771.2,-24.6,1.00
153.60,1769.9,-24.6,1.00
153.65,1768.7,-24.6,1.00
153.70,1767.5,-24.6,1.00
153.75,1766.3,-24.6,1.00
153.80,1765.0,-24.6,1.00
153.85,1763.8,-24.6,1.00
153.90,1762.6,-24.6,1.00
153.95,1761.4,-24.6,1.00
154.00,1760.1,-24.6,1.00
154.05,1758.9,-24.6,1.00
154.10,1757.6,-24.6,1.00
154.15,1756.4,-24.6,1.00
154.20,1755.2,-24.6,1.00
154.25,1754.0,-24.6,1.00
154.30,1752.7,-24.6,1.00
154.35,1751.5,-24.6,1.00
154.40,1750.3,-24.6,1.00
154.45,1749.0,-24.6,1.00
154.50,1747.8,-24.6,1.00
154.55,1746.6,-24.6,1.00
154.60,1745.3,-24.6,1.00
154.65,1744.1,-24.6,1.00
154.70,1742.9,-24.6,1.00
154.75,1741.7,-24.6,1.00
154.80,1740.4,-24.6,1.00
154.85,1739.2,-24.6,1.00
154.90,1738.0,-24.6,1.00
154.95,1736.7,-24.6,1.00
155.00,1735.5,-24.6,1.00
155.05,1734.3,-24.6,1.00
155.10,1733.0,-24.6,1.00
155.15,1731.8,-24.6,1.00
155.20,1730.6,-24.6,1.00
155.25,1729.4,-24.6,1.00
155.30,1728.1,-24.6,1.00
155.35,1726.9,-24.6,1.00
155.40,1725.7,-24.6,1.00
155.45,1724.4,-24.6,1.00
155.50,1723.2,-24.6,1.00
155.55,1722.0,-24.6,1.00
155.60,1720.7,-24.6,1.00
155.65,1719.5,-24.6,1.00
155.70,1718.3,-24.6,1.00
155.75,1717.1,-24.6,1.00
155.80,1715.8,-24.6,1.00
155.85,1714.6,-24.6,1.00
155.90,1713.4,-24.6,1.00
155.95,1712.1,-24.6,1.00
156.00,1710.9,-24.6,1.00
156.05,1709.7,-24.6,1.00
156.10,1708.4,-24.6,1.00
156.15,1707.2,-24.6,1.00
156.20,1706.0,-24.6,1.00
156.25,1704.8,-24.6,1.00
156.30,1703.5,-24.6,1.00
156.35,1702.3,-24.6,1.00
156.40,1701.0,-24.6,1.00
156.45,1699.8,-24.6,1.00
156.50,1698.6,-24.6,1.00
156.55,1697.4,-24.6,1.00
156.60,1696.1,-24.6,1.00
156.65,1694.9,-24.6,1.00
156.70,1693.7,-24.6,1.00
156.75,1692.5,-24.6,1.00
156.80,1691.2,-24.6,1.00
156.85,1690.0,-24.6,1.00
156.90,1688.7,-24.6,1.00
156.95,1687.5,-24.6,1.00
157.00,1686.3,-24.6,1.00
157.05,1685.1,-24.6,1.00
157.10,1683.8,-24.6,1.00
157.15,1682.6,-24.6,1.00
157.20,1681.4,-24.6,1.00
157.25,1680.2,-24.6,1.00
157.30,1678.9,-24.6,1.00
157.35,1677.7,-24.6,1.00
157.40,1676.4,-24.6,1.00
157.45,1675.2,-24.6,1.00
157.50,1674.0,-24.6,1.00
157.55,1672.8,-24.6,1.00
157.60,1671.5,-24.6,1.00
157.65,1670.3,-24.6,1.00
157.70,1669.1,-24.6,1.00
157.75,1667.8,-24.6,1.00
157.80,1666.6,-24.6,1.00
157.85,1665.4,-24.6,1.00
157.90,1664.1,-24.6,1.00
157.95,1662.9,-24.6,1.00
158.00,1661.7,-24.6,1.00
158.05,1660.5,-24.6,1.00
158.10,1659.2,-24.6,1.00
158.15,1658.0,-24.6,1.00
158.20,1656.8,-24.6,1.00
158.25,1655.5,-24.6,1.00
158.30,1654.3,-24.6,1.00
158.35,1653.1,-24.6,1.00
158.40,1651.8,-24.6,1.00
158.45,1650.6,-24.6,1.00
158.50,1649.4,-24.6,1.00
158.55,1648.2,-24.6,1.00
158.60,1646.9,-24.6,1.00
158.65,1645.7,-24.6,1.00
158.70,1644.5,-24.6,1.00
158.75,1643.2,-24.6,1.00
158.80,1642.0,-24.6,1.00
158.85,1640.8,-24.6,1.00
158.90,1639.5,-24.6,1.00
158.95,1638.3,-24.6,1.00
159.00,1637.1,-24.6,1.00
159.05,1635.9,-24.6,1.00
159.10,1634.6,-24.6,1.00
159.15,1633.4,-24.6,1.00
159.20,1632.2,-24.6,1.00
159.25,1630.9,-24.6,1.00
159.30,1629.7,-24.6,1.00
159.35,1628.5,-24.6,1.00
159.40,1627.2,-24.6,1.00
159.45,1626.0,-24.6,1.00
159.50,1624.8,-24.6,1.00
159.55,1623.6,-24.6,1.00
159.60,1622.3,-24.6,1.00
159.65,1621.1,-24.6,1.00
159.70,1619.8,-24.6,1.00
159.75,1618.6,-24.6,1.00
159.80,1617.4,-24.6,1.00
159.85,1616.2,-24.6,1.00
159.90,1614.9,-24.6,1.00
159.95,1613.7,-24.6,1.00
160.00,1612.5,-24.6,1.00
160.05,1611.3,-24.6,1.00
160.10,1610.0,-24.6,1.00
160.15,1608.8,-24.6,1.00
160.20,1607.5,-24.6,1.00
160.25,1606.3,-24.6,1.00
160.30,1605.1,-24.6,1.00
160.35,1603.9,-24.6,1.00
160.40,1602.6,-24.6,1.00
160.45,1601.4,-24.6,1.00
160.50,1600.2,-24.6,1.00
160.55,1599.0,-24.6,1.00
160.60,1597.7,-24.6,1.00
160.65,1596.5,-24.6,1.00
160.70,1595.2,-24.6,1.00
160.75,1594.0,-24.6,1.00
160.80,1592.8,-24.6,1.00
160.85,1591.6,-24.6,1.00
160.90,1590.3,-24.6,1.00
160.95,1589.1,-24.6,1.00
161.00,1587.9,-24.6,1.00
161.05,1586.6,-24.6,1.00
161.10,1585.4,-24.6,1.00
161.15,1584.2,-24.6,1.00
161.20,1582.9,-24.6,1.00
161.25,1581.7,-24.6,1.00
161.30,1580.5,-24.6,1.00
161.35,1579.3,-24.6,1.00
161.40,1578.0,-24.6,1.00
161.45,1576.8,-24.6,1.00
161.50,1575.6,-24.6,1.00
161.55,1574.3,-24.6,1.00
161.60,1573.1,-24.6,1.00
161.65,1571.9,-24.6,1.00
161.70,1570.6,-24.6,1.00
161.75,1569.4,-24.6,1.00
161.80,1568.2,-24.6,1.00
161.85,1567.0,-24.6,1.00
161.90,1565.7,-24.6,1.00
161.95,1564.5,-24.6,1.00
162.00,1563.3,-24.6,1.00
162.05,1562.0,-24.6,1.00
162.10,1560.8,-24.6,1.00
162.15,1559.6,-24.6,1.00
162.20,1558.3,-24.6,1.00
162.25,1557.1,-24.6,1.00
162.30,1555.9,-24.6,1.00
162.35,1554.7,-24.6,1.00
162.40,1553.4,-24.6,1.00
162.45,1552.2,-24.6,1.00
162.50,1551.0,-24.6,1.00
162.55,1549.7,-24.6,1.00
162.60,1548.5,-24.6,1.00
162.65,1547.3,-24.6,1.00
162.70,1546.0,-24.6,1.00
162.75,1544.8,-24.6,1.00
162.80,1543.6,-24.6,1.00
162.85,1542.4,-24.6,1.00
162.90,1541.1,-24.6,1.00
162.95,1539.9,-24.6,1.00
163.00,1538.6,-24.6,1.00
163.05,1537.4,-24.6,1.00
163.10,1536.2,-24.6,1.00
163.15,1535.0,-24.6,1.00
163.20,1533.7,-24.6,1.00
163.25,1532.5,-24.6,1.00
163.30,1531.3,-24.6,1.00
163.35,1530.1,-24.6,1.00
163.40,1528.8,-24.6,1.00
163.45,1527.6,-24.6,1.00
163.50,1526.3,-24.6,1.00
163.55,1525.1,-24.6,1.00
163.60,1523.9,-24.6,1.00
163.65,1522.7,-24.6,1.00
163.70,1521.4,-24.6,1.00
163.75,1520.2,-24.6,1.00
163.80,1519.0,-24.6,1.00
163.85,1517.7,-24.6,1.00
163.90,1516.5,-24.6,1.00
163.95,1515.3,-24.6,1.00
164.00,1514.0,-24.6,1.00
164.05,1512.8,-24.6,1.00
164.10,1511.6,-24.6,1.00
164.15,1510.4,-24.6,1.00
164.20,1509.1,-24.6,1.00
164.25,1507.9,-24.6,1.00
164.30,1506.7,-24.6,1.00
164.35,1505.4,-24.6,1.00
164.40,1504.2,-24.6,1.00
164.45,1503.0,-24.6,1.00
164.50,1501.7,-24.6,1.00
164.55,1500.5,-24.6,1.00
164.60,1499.3,-24.6,1.00
164.65,1498.1,-24.6,1.00
164.70,1496.8,-24.6,1.00
164.75,1495.6,-24.6,1.00
164.80,1494.4,-24.6,1.00
164.85,1493.1,-24.6,1.00
164.90,1491.9,-24.6,1.00
164.95,1490.7,-24.6,1.00
165.00,1489.4,-24.6,1.00
165.05,1488.2,-24.6,1.00
165.10,1487.0,-24.6,1.00
165.15,1485.8,-24.6,1.00
165.20,1484.5,-24.6,1.00
165.25,1483.3,-24.6,1.00
165.30,1482.1,-24.6,1.00
165.35,1480.8,-24.6,1.00
165.40,1479.6,-24.6,1.00
165.45,1478.4,-24.6,1.00
165.50,1477.1,-24.6,1.00
165.55,1475.9,-24.6,1.00
165.60,1474.7,-24.6,1.00
165.65,1473.5,-24.6,1.00
165.70,1472.2,-24.6,1.00
165.75,1471.0,-24.6,1.00
165.80,1469.8,-24.6,1.00
165.85,1468.5,-24.6,1.00
165.90,1467.3,-24.6,1.00
165.95,1466.1,-24.6,1.00
166.00,1464.8,-24.6,1.00
166.05,1463.6,-24.6,1.00
166.10,1462.4,-24.6,1.00
166.15,1461.2,-24.6,1.00
166.20,1459.9,-24.6,1.00
166.25,1458.7,-24.6,1.00
166.30,1457.4,-24.6,1.00
166.35,1456.2,-24.6,1.00
166.40,1455.0,-24.6,1.00
166.45,1453.8,-24.6,1.00
166.50,1452.5,-24.6,1.00
166.55,1451.3,-24.6,1.00
166.60,1450.1,-24.6,1.00
166.65,1448.9,-24.6,1.00
166.70,1447.6,-24.6,1.00
166.75,1446.4,-24.6,1.00
166.80,1445.1,-24.6,1.00
166.85,1443.9,-24.6,1.00
166.90,1442.7,-24.6,1.00
166.95,1441.5,-24.6,1.00
167.00,1440.2,-24.6,1.00
167.05,1439.0,-24.6,1.00
167.10,1437.8,-24.6,1.00
167.15,1436.5,-24.6,1.00
167.20,1435.3,-24.6,1.00
167.25,1434.1,-24.6,1.00
167.30,1432.8,-24.6,1.00
167.35,1431.6,-24.6,1.00
167.40,1430.4,-24.6,1.00
167.45,1429.2,-24.6,1.00
167.50,1427.9,-24.6,1.00
167.55,1426.7,-24.6,1.00
167.60,1425.5,-24.6,1.00
167.65,1424.2,-24.6,1.00
167.70,1423.0,-24.6,1.00
167.75,1421.8,-24.6,1.00
167.80,1420.5,-24.6,1.00
167.85,1419.3,-24.6,1.00
167.90,1418.1,-24.6,1.00
167.95,1416.9,-24.6,1.00
168.00,1415.6,-24.6,1.00
168.05,1414.4,-24.6,1.00
168.10,1413.2,-24.6,1.00
168.15,1411.9,-24.6,1.00
168.20,1410.7,-24.6,1.00
168.25,1409.5,-24.6,1.00
168.30,1408.2,-24.6,1.00
168.35,1407.0,-24.6,1.00
168.40,1405.8,-24.6,1.00
168.45,1404.6,-24.6,1.00
168.50,1403.3,-24.6,1.00
168.55,1402.1,-24.6,1.00
168.60,1400.9,-24.6,1.00
168.65,1399.6,-24.6,1.00
168.70,1398.4,-24.6,1.00
168.75,1397.2,-24.6,1.00
168.80,1395.9,-24.6,1.00
168.85,1394.7,-24.6,1.00
168.90,1393.5,-24.6,1.00
168.95,1392.3,-24.6,1.00
169.00,1391.0,-24.6,1.00
169.05,1389.8,-24.6,1.00
169.10,1388.5,-24.6,1.00
169.15,1387.3,-24.6,1.00
169.20,1386.1,-24.6,1.00
169.25,1384.9,-24.6,1.00
169.30,1383.6,-24.6,1.00
169.35,1382.4,-24.6,1.00
169.40,1381.2,-24.6,1.00
169.45,1380.0,-24.6,1.00
169.50,1378.7,-24.6,1.00
169.55,1377.5,-24.6,1.00
169.60,1376.2,-24.6,1.00
169.65,1375.0,-24.6,1.00
169.70,1373.8,-24.6,1.00
169.75,1372.6,-24.6,1.00
169.80,1371.3,-24.6,1.00
169.85,1370.1,-24.6,1.00
169.90,1368.9,-24.6,1.00
169.95,1367.7,-24.6,1.00
170.00,1366.4,-24.6,1.00
170.05,1365.2,-24.6,1.00
170.10,1363.9,-24.6,1.00
170.15,1362.7,-24.6,1.00
170.20,1361.5,-24.6,1.00
170.25,1360.3,-24.6,1.00
170.30,1359.0,-24.6,1.00
170.35,1357.8,-24.6,1.00
170.40,1356.6,-24.6,1.00
170.45,1355.3,-24.6,1.00
170.50,1354.1,-24.6,1.00
170.55,1352.9,-24.6,1.00
170.60,1351.6,-24.6,1.00
170.65,1350.4,-24.6,1.00
170.70,1349.2,-24.6,1.00
170.75,1348.0,-24.6,1.00
170.80,1346.7,-24.6,1.00
170.85,1345.5,-24.6,1.00
170.90,1344.3,-24.6,1.00
170.95,1343.0,-24.6,1.00
171.00,1341.8,-24.6,1.00
171.05,1340.6,-24.6,1.00
171.10,1339.3,-24.6,1.00
171.15,1338.1,-24.6,1.00
171.20,1336.9,-24.6,1.00
171.25,1335.7,-24.6,1.00
171.30,1334.4,-24.6,1.00
171.35,1333.2,-24.6,1.00
171.40,1332.0,-24.6,1.00
171.45,1330.7,-24.6,1.00
171.50,1329.5,-24.6,1.00
171.55,1328.3,-24.6,1.00
171.60,1327.0,-24.6,1.00
171.65,1325.8,-24.6,1.00
171.70,1324.6,-24.6,1.00
171.75,1323.4,-24.6,1.00
171.80,1322.1,-24.6,1.00
171.85,1320.9,-24.6,1.00
171.90,1319.7,-24.6,1.00
171.95,1318.4,-24.6,1.00
172.00,1317.2,-24.6,1.00
172.05,1316.0,-24.6,1.00
172.10,1314.7,-24.6,1.00
172.15,1313.5,-24.6,1.00
172.20,1312.3,-24.6,1.00
172.25,1311.1,-24.6,1.00
172.30,1309.8,-24.6,1.00
172.35,1308.6,-24.6,1.00
172.40,1307.3,-24.6,1.00
172.45,1306.1,-24.6,1.00
172.50,1304.9,-24.6,1.00
172.55,1303.7,-24.6,1.00
172.60,1302.4,-24.6,1.00
172.65,1301.2,-24.6,1.00
172.70,1300.0,-24.6,1.00
172.75,1298.8,-24.6,1.00
172.80,1297.5,-24.6,1.00
172.85,1296.3,-24.6,1.00
172.90,1295.0,-24.6,1.00
172.95,1293.8,-24.6,1.00
173.00,1292.6,-24.6,1.00
173.05,1291.4,-24.6,1.00
173.10,1290.1,-24.6,1.00
173.15,1288.9,-24.6,1.00
173.20,1287.7,-24.6,1.00
173.25,1286.5,-24.6,1.00
173.30,1285.2,-24.6,1.00
173.35,1284.0,-24.6,1.00
173.40,1282.7,-24.6,1.00
173.45,1281.5,-24.6,1.00
173.50,1280.3,-24.6,1.00
173.55,1279.1,-24.6,1.00
173.60,1277.8,-24.6,1.00
173.65,1276.6,-24.6,1.00
173.70,1275.4,-24.6,1.00
173.75,1274.1,-24.6,1.00
173.80,1272.9,-24.6,1.00
173.85,1271.7,-24.6,1.00
173.90,1270.4,-24.6,1.00
173.95,1269.2,-24.6,1.00
174.00,1268.0,-24.6,1.00
174.05,1266.8,-24.6,1.00
174.10,1265.5,-24.6,1.00
174.15,1264.3,-24.6,1.00
174.20,1263.1,-24.6,1.00
174.25,1261.8,-24.6,1.00
174.30,1260.6,-24.6,1.00
174.35,1259.4,-24.6,1.00
174.40,1258.1,-24.6,1.00
174.45,1256.9,-24.6,1.00
174.50,1255.7,-24.6,1.00
174.55,1254.5,-24.6,1.00
174.60,1253.2,-24.6,1.00
174.65,1252.0,-24.6,1.00
174.70,1250.8,-24.6,1.00
174.75,1249.5,-24.6,1.00
174.80,1248.3,-24.6,1.00
174.85,1247.1,-24.6,1.00
174.90,1245.8,-24.6,1.00
174.95,1244.6,-24.6,1.00
175.00,1243.4,-24.6,1.00
175.05,1242.2,-24.6,1.00
175.10,1240.9,-24.6,1.00
175.15,1239.7,-24.6,1.00
175.20,1238.5,-24.6,1.00
175.25,1237.2,-24.6,1.00
175.30,1236.0,-24.6,1.00
175.35,1234.8,-24.6,1.00
175.40,1233.5,-24.6,1.00
175.45,1232.3,-24.6,1.00
175.50,1231.1,-24.6,1.00
175.55,1229.9,-24.6,1.00
175.60,1228.6,-24.6,1.00
175.65,1227.4,-24.6,1.00
175.70,1226.1,-24.6,1.00
175.75,1224.9,-24.6,1.00
175.80,1223.7,-24.6,1.00
175.85,1222.5,-24.6,1.00
175.90,1221.2,-24.6,1.00
175.95,1220.0,-24.6,1.00
176.00,1218.8,-24.6,1.00
176.05,1217.6,-24.6,1.00
176.10,1216.3,-24.6,1.00
176.15,1215.1,-24.6,1.00
176.20,1213.8,-24.6,1.00
176.25,1212.6,-24.6,1.00
176.30,1211.4,-24.6,1.00
176.35,1210.2,-24.6,1.00
176.40,1208.9,-24.6,1.00
176.45,1207.7,-24.6,1.00
176.50,1206.5,-24.6,1.00
176.55,1205.2,-24.6,1.00
176.60,1204.0,-24.6,1.00
176.65,1202.8,-24.6,1.00
176.70,1201.5,-24.6,1.00
176.75,1200.3,-24.6,1.00
176.80,1199.1,-24.6,1.00
176.85,1197.9,-24.6,1.00
176.90,1196.6,-24.6,1.00
176.95,1195.4,-24.6,1.00
177.00,1194.2,-24.6,1.00
177.05,1192.9,-24.6,1.00
177.10,1191.7,-24.6,1.00
177.15,1190.5,-24.6,1.00
177.20,1189.2,-24.6,1.00
177.25,1188.0,-24.6,1.00
177.30,1186.8,-24.6,1.00
177.35,1185.6,-24.6,1.00
177.40,1184.3,-24.6,1.00
177.45,1183.1,-24.6,1.00
177.50,1181.9,-24.6,1.00
177.55,1180.6,-24.6,1.00
177.60,1179.4,-24.6,1.00
177.65,1178.2,-24.6,1.00
177.70,1176.9,-24.6,1.00
177.75,1175.7,-24.6,1.00
177.80,1174.5,-24.6,1.00
177.85,1173.3,-24.6,1.00
177.90,1172.0,-24.6,1.00
177.95,1170.8,-24.6,1.00
178.00,1169.6,-24.6,1.00
178.05,1168.3,-24.6,1.00
178.10,1167.1,-24.6,1.00
178.15,1165.9,-24.6,1.00
178.20,1164.6,-24.6,1.00
178.25,1163.4,-24.6,1.00
178.30,1162.2,-24.6,1.00
178.35,1161.0,-24.6,1.00
178.40,1159.7,-24.6,1.00
178.45,1158.5,-24.6,1.00
178.50,1157.3,-24.6,1.00
178.55,1156.0,-24.6,1.00
178.60,1154.8,-24.6,1.00
178.65,1153.6,-24.6,1.00
178.70,1152.3,-24.6,1.00
178.75,1151.1,-24.6,1.00
178.80,1149.9,-24.6,1.00
178.85,1148.7,-24.6,1.00
178.90,1147.4,-24.6,1.00
178.95,1146.2,-24.6,1.00
179.00,1144.9,-24.6,1.00
179.05,1143.7,-24.6,1.00
179.10,1142.5,-24.6,1.00
179.15,1141.3,-24.6,1.00
179.20,1140.0,-24.6,1.00
179.25,1138.8,-24.6,1.00
179.30,1137.6,-24.6,1.00
179.35,1136.4,-24.6,1.00
179.40,1135.1,-24.6,1.00
179.45,1133.9,-24.6,1.00
179.50,1132.6,-24.6,1.00
179.55,1131.4,-24.6,1.00
179.60,1130.2,-24.6,1.00
179.65,1129.0,-24.6,1.00
179.70,1127.7,-24.6,1.00
179.75,1126.5,-24.6,1.00
179.80,1125.3,-24.6,1.00
179.85,1124.0,-24.6,1.00
179.90,1122.8,-24.6,1.00
179.95,1121.6,-24.6,1.00
180.00,1120.3,-24.6,1.00
180.05,1119.1,-24.6,1.00
180.10,1117.9,-24.6,1.00
180.15,1116.7,-24.6,1.00
180.20,1115.4,-24.6,1.00
180.25,1114.2,-24.6,1.00
180.30,1113.0,-24.6,1.00
180.35,1111.7,-24.6,1.00
180.40,1110.5,-24.6,1.00
180.45,1109.3,-24.6,1.00
180.50,1108.0,-24.6,1.00
180.55,1106.8,-24.6,1.00
180.60,1105.6,-24.6,1.00
180.65,1104.4,-24.6,1.00
180.70,1103.1,-24.6,1.00
180.75,1101.9,-24.6,1.00
180.80,1100.7,-24.6,1.00
180.85,1099.4,-24.6,1.00
180.90,1098.2,-24.6,1.00
180.95,1097.0,-24.6,1.00
181.00,1095.7,-24.6,1.00
181.05,1094.5,-24.6,1.00
181.10,1093.3,-24.6,1.00
181.15,1092.1,-24.6,1.00
181.20,1090.8,-24.6,1.00
181.25,1089.6,-24.6,1.00
181.30,1088.4,-24.6,1.00
181.35,1087.1,-24.6,1.00
181.40,1085.9,-24.6,1.00
181.45,1084.7,-24.6,1.00
181.50,1083.4,-24.6,1.00
181.55,1082.2,-24.6,1.00
181.60,1081.0,-24.6,1.00
181.65,1079.8,-24.6,1.00
181.70,1078.5,-24.6,1.00
181.75,1077.3,-24.6,1.00
181.80,1076.0,-24.6,1.00
181.85,1074.8,-24.6,1.00
181.90,1073.6,-24.6,1.00
181.95,1072.4,-24.6,1.00
182.00,1071.1,-24.6,1.00
182.05,1069.9,-24.6,1.00
182.10,1068.7,-24.6,1.00
182.15,1067.5,-24.6,1.00
182.20,1066.2,-24.6,1.00
182.25,1065.0,-24.6,1.00
182.30,1063.7,-24.6,1.00
182.35,1062.5,-24.6,1.00
182.40,1061.3,-24.6,1.00
182.45,1060.1,-24.6,1.00
182.50,1058.8,-24.6,1.00
182.55,1057.6,-24.6,1.00
182.60,1056.4,-24.6,1.00
182.65,1055.2,-24.6,1.00
182.70,1053.9,-24.6,1.00
182.75,1052.7,-24.6,1.00
182.80,1051.4,-24.6,1.00
182.85,1050.2,-24.6,1.00
182.90,1049.0,-24.6,1.00
182.95,1047.8,-24.6,1.00
183.00,1046.5,-24.6,1.00
183.05,1045.3,-24.6,1.00
183.10,1044.1,-24.6,1.00
183.15,1042.8,-24.6,1.00
183.20,1041.6,-24.6,1.00
183.25,1040.4,-24.6,1.00
183.30,1039.1,-24.6,1.00
183.35,1037.9,-24.6,1.00
183.40,1036.7,-24.6,1.00
183.45,1035.5,-24.6,1.00
183.50,1034.2,-24.6,1.00
183.55,1033.0,-24.6,1.00
183.60,1031.8,-24.6,1.00
183.65,1030.5,-24.6,1.00
183.70,1029.3,-24.6,1.00
183.75,1028.1,-24.6,1.00
183.80,1026.8,-24.6,1.00
183.85,1025.6,-24.6,1.00
183.90,1024.4,-24.6,1.00
183.95,1023.2,-24.6,1.00
184.00,1021.9,-24.6,1.00
184.05,1020.7,-24.6,1.00
184.10,1019.5,-24.6,1.00
184.15,1018.2,-24.6,1.00
184.20,1017.0,-24.6,1.00
184.25,1015.8,-24.6,1.00
184.30,1014.5,-24.6,1.00
184.35,1013.3,-24.6,1.00
184.40,1012.1,-24.6,1.00
184.45,1010.9,-24.6,1.00
184.50,1009.6,-24.6,1.00
184.55,1008.4,-24.6,1.00
184.60,1007.2,-24.6,1.00
184.65,1005.9,-24.6,1.00
184.70,1004.7,-24.6,1.00
184.75,1003.5,-24.6,1.00
184.80,1002.2,-24.6,1.00
184.85,1001.0,-24.6,1.00
184.90,999.8,-24.6,1.00
184.95,998.6,-24.6,1.00
185.00,997.3,-24.6,1.00
185.05,996.1,-24.6,1.00
185.10,994.8,-24.6,1.00
185.15,993.6,-24.6,1.00
185.20,992.4,-24.6,1.00
185.25,991.2,-24.6,1.00
185.30,989.9,-24.6,1.00
185.35,988.7,-24.6,1.00
185.40,987.5,-24.6,1.00
185.45,986.3,-24.6,1.00
185.50,985.0,-24.6,1.00
185.55,983.8,-24.6,1.00
185.60,982.5,-24.6,1.00
185.65,981.3,-24.6,1.00
185.70,980.1,-24.6,1.00
185.75,978.9,-24.6,1.00
185.80,977.6,-24.6,1.00
185.85,976.4,-24.6,1.00
185.90,975.2,-24.6,1.00
185.95,974.0,-24.6,1.00
186.00,972.7,-24.6,1.00
186.05,971.5,-24.6,1.00
186.10,970.2,-24.6,1.00
186.15,969.0,-24.6,1.00
186.20,967.8,-24.6,1.00
186.25,966.6,-24.6,1.00
186.30,965.3,-24.6,1.00
186.35,964.1,-24.6,1.00
186.40,962.9,-24.6,1.00
186.45,961.6,-24.6,1.00
186.50,960.4,-24.6,1.00
186.55,959.2,-24.6,1.00
186.60,957.9,-24.6,1.00
186.65,956.7,-24.6,1.00
186.70,955.5,-24.6,1.00
186.75,954.3,-24.6,1.00
186.80,953.0,-24.6,1.00
186.85,951.8,-24.6,1.00
186.90,950.6,-24.6,1.00
186.95,949.3,-24.6,1.00
187.00,948.1,-24.6,1.00
187.05,946.9,-24.6,1.00
187.10,945.6,-24.6,1.00
187.15,944.4,-24.6,1.00
187.20,943.2,-24.6,1.00
187.25,942.0,-24.6,1.00
187.30,940.7,-24.6,1.00
187.35,939.5,-24.6,1.00
187.40,938.3,-24.6,1.00
187.45,937.0,-24.6,1.00
187.50,935.8,-24.6,1.00
187.55,934.6,-24.6,1.00
187.60,933.3,-24.6,1.00
187.65,932.1,-24.6,1.00
187.70,930.9,-24.6,1.00
187.75,929.7,-24.6,1.00
187.80,928.4,-24.6,1.00
187.85,927.2,-24.6,1.00
187.90,926.0,-24.6,1.00
187.95,924.7,-24.6,1.00
188.00,923.5,-24.6,1.00
188.05,922.3,-24.6,1.00
188.10,921.0,-24.6,1.00
188.15,919.8,-24.6,1.00
188.20,918.6,-24.6,1.00
188.25,917.4,-24.6,1.00
188.30,916.1,-24.6,1.00
188.35,914.9,-24.6,1.00
188.40,913.6,-24.6,1.00
188.45,912.4,-24.6,1.00
188.50,911.2,-24.6,1.00
188.55,910.0,-24.6,1.00
188.60,908.7,-24.6,1.00
188.65,907.5,-24.6,1.00
188.70,906.3,-24.6,1.00
188.75,905.1,-24.6,1.00
188.80,903.8,-24.6,1.00
188.85,902.6,-24.6,1.00
188.90,901.3,-24.6,1.00
188.95,900.1,-24.6,1.00
189.00,898.9,-24.6,1.00
189.05,897.7,-24.6,1.00
189.10,896.4,-24.6,1.00
189.15,895.2,-24.6,1.00
189.20,894.0,-24.6,1.00
189.25,892.7,-24.6,1.00
189.30,891.5,-24.6,1.00
189.35,890.3,-24.6,1.00
189.40,889.0,-24.6,1.00
189.45,887.8,-24.6,1.00
189.50,886.6,-24.6,1.00
189.55,885.4,-24.6,1.00
189.60,884.1,-24.6,1.00
189.65,882.9,-24.6,1.00
189.70,881.7,-24.6,1.00
189.75,880.4,-24.6,1.00
189.80,879.2,-24.6,1.00
189.85,878.0,-24.6,1.00
189.90,876.7,-24.6,1.00
189.95,875.5,-24.6,1.00
190.00,874.3,-24.6,1.00
190.05,873.1,-24.6,1.00
190.10,871.8,-24.6,1.00
190.15,870.6,-24.6,1.00
190.20,869.4,-24.6,1.00
190.25,868.1,-24.6,1.00
190.30,866.9,-24.6,1.00
190.35,865.7,-24.6,1.00
190.40,864.4,-24.6,1.00
190.45,863.2,-24.6,1.00
190.50,862.0,-24.6,1.00
190.55,860.8,-24.6,1.00
190.60,859.5,-24.6,1.00
190.65,858.3,-24.6,1.00
190.70,857.1,-24.6,1.00
190.75,855.8,-24.6,1.00
190.80,854.6,-24.6,1.00
190.85,853.4,-24.6,1.00
190.90,852.1,-24.6,1.00
190.95,850.9,-24.6,1.00
191.00,849.7,-24.6,1.00
191.05,848.5,-24.6,1.00
191.10,847.2,-24.6,1.00
191.15,846.0,-24.6,1.00
191.20,844.8,-24.6,1.00
191.25,843.5,-24.6,1.00
191.30,842.3,-24.6,1.00
191.35,841.1,-24.6,1.00
191.40,839.8,-24.6,1.00
191.45,838.6,-24.6,1.00
191.50,837.4,-24.6,1.00
191.55,836.2,-24.6,1.00
191.60,834.9,-24.6,1.00
191.65,833.7,-24.6,1.00
191.70,832.4,-24.6,1.00
191.75,831.2,-24.6,1.00
191.80,830.0,-24.6,1.00
191.85,828.8,-24.6,1.00
191.90,827.5,-24.6,1.00
191.95,826.3,-24.6,1.00
192.00,825.1,-24.6,1.00
192.05,823.9,-24.6,1.00
192.10,822.6,-24.6,1.00
192.15,821.4,-24.6,1.00
192.20,820.1,-24.6,1.00
192.25,818.9,-24.6,1.00
192.30,817.7,-24.6,1.00
192.35,816.5,-24.6,1.00
192.40,815.2,-24.6,1.00
192.45,814.0,-24.6,1.00
192.50,812.8,-24.6,1.00
192.55,811.5,-24.6,1.00
192.60,810.3,-24.6,1.00
192.65,809.1,-24.6,1.00
192.70,807.8,-24.6,1.00
192.75,806.6,-24.6,1.00
192.80,805.4,-24.6,1.00
192.85,804.2,-24.6,1.00
192.90,802.9,-24.6,1.00
192.95,801.7,-24.6,1.00
193.00,800.5,-24.6,1.00
193.05,799.2,-24.6,1.00
193.10,798.0,-24.6,1.00
193.15,796.8,-24.6,1.00
193.20,795.5,-24.6,1.00
193.25,794.3,-24.6,1.00
193.30,793.1,-24.6,1.00
193.35,791.9,-24.6,1.00
193.40,790.6,-24.6,1.00
193.45,789.4,-24.6,1.00
193.50,788.2,-24.6,1.00
193.55,786.9,-24.6,1.00
193.60,785.7,-24.6,1.00
193.65,784.5,-24.6,1.00
193.70,783.2,-24.6,1.00
193.75,782.0,-24.6,1.00
193.80,780.8,-24.6,1.00
193.85,779.6,-24.6,1.00
193.90,778.3,-24.6,1.00
193.95,777.1,-24.6,1.00
194.00,775.9,-24.6,1.00
194.05,774.6,-24.6,1.00
194.10,773.4,-24.6,1.00
194.15,772.2,-24.6,1.00
194.20,770.9,-24.6,1.00
194.25,769.7,-24.6,1.00
194.30,768.5,-24.6,1.00
194.35,767.3,-24.6,1.00
194.40,766.0,-24.6,1.00
194.45,764.8,-24.6,1.00
194.50,763.5,-24.6,1.00
194.55,762.3,-24.6,1.00
194.60,761.1,-24.6,1.00
194.65,759.9,-24.6,1.00
194.70,758.6,-24.6,1.00
194.75,757.4,-24.6,1.00
194.80,756.2,-24.6,1.00
194.85,755.0,-24.6,1.00
194.90,753.7,-24.6,1.00
194.95,752.5,-24.6,1.00
195.00,751.2,-24.6,1.00
195.05,750.0,-24.6,1.00
195.10,748.8,-24.6,1.00
195.15,747.6,-24.6,1.00
195.20,746.3,-24.6,1.00
195.25,745.1,-24.6,1.00
195.30,743.9,-24.6,1.00
195.35,742.7,-24.6,1.00
195.40,741.4,-24.6,1.00
195.45,740.2,-24.6,1.00
195.50,738.9,-24.6,1.00
195.55,737.7,-24.6,1.00
195.60,736.5,-24.6,1.00
195.65,735.3,-24.6,1.00
195.70,734.0,-24.6,1.00
195.75,732.8,-24.6,1.00
195.80,731.6,-24.6,1.00
195.85,730.3,-24.6,1.00
195.90,729.1,-24.6,1.00
195.95,727.9,-24.6,1.00
196.00,726.6,-24.6,1.00
196.05,725.4,-24.6,1.00
196.10,724.2,-24.6,1.00
196.15,723.0,-24.6,1.00
196.20,721.7,-24.6,1.00
196.25,720.5,-24.6,1.00
196.30,719.3,-24.6,1.00
196.35,718.0,-24.6,1.00
196.40,716.8,-24.6,1.00
196.45,715.6,-24.6,1.00
196.50,714.3,-24.6,1.00
196.55,713.1,-24.6,1.00
196.60,711.9,-24.6,1.00
196.65,710.7,-24.6,1.00
196.70,709.4,-24.6,1.00
196.75,708.2,-24.6,1.00
196.80,707.0,-24.6,1.00
196.85,705.7,-24.6,1.00
196.90,704.5,-24.6,1.00
196.95,703.3,-24.6,1.00
197.00,702.0,-24.6,1.00
197.05,700.8,-24.6,1.00
197.10,699.6,-24.6,1.00
197.15,698.4,-24.6,1.00
197.20,697.1,-24.6,1.00
197.25,695.9,-24.6,1.00
197.30,694.7,-24.6,1.00
197.35,693.4,-24.6,1.00
197.40,692.2,-24.6,1.00
197.45,691.0,-24.6,1.00
197.50,689.7,-24.6,1.00
197.55,688.5,-24.6,1.00
197.60,687.3,-24.6,1.00
197.65,686.1,-24.6,1.00
197.70,684.8,-24.6,1.00
197.75,683.6,-24.6,1.00
197.80,682.3,-24.6,1.00
197.85,681.1,-24.6,1.00
197.90,679.9,-24.6,1.00
197.95,678.7,-24.6,1.00
198.00,677.4,-24.6,1.00
198.05,676.2,-24.6,1.00
198.10,675.0,-24.6,1.00
198.15,673.8,-24.6,1.00
198.20,672.5,-24.6,1.00
198.25,671.3,-24.6,1.00
198.30,670.0,-24.6,1.00
198.35,668.8,-24.6,1.00
198.40,667.6,-24.6,1.00
198.45,666.4,-24.6,1.00
198.50,665.1,-24.6,1.00
198.55,663.9,-24.6,1.00
198.60,662.7,-24.6,1.00
198.65,661.5,-24.6,1.00
198.70,660.2,-24.6,1.00
198.75,659.0,-24.6,1.00
198.80,657.7,-24.6,1.00
198.85,656.5,-24.6,1.00
198.90,655.3,-24.6,1.00
198.95,654.1,-24.6,1.00
199.00,652.8,-24.6,1.00
199.05,651.6,-24.6,1.00
199.10,650.4,-24.6,1.00
199.15,649.1,-24.6,1.00
199.20,647.9,-24.6,1.00
199.25,646.7,-24.6,1.00
199.30,645.4,-24.6,1.00
199.35,644.2,-24.6,1.00
199.40,643.0,-24.6,1.00
199.45,641.8,-24.6,1.00
199.50,640.5,-24.6,1.00
199.55,639.3,-24.6,1.00
199.60,638.1,-24.6,1.00
199.65,636.8,-24.6,1.00
199.70,635.6,-24.6,1.00
199.75,634.4,-24.6,1.00
199.80,633.1,-24.6,1.00
199.85,631.9,-24.6,1.00
199.90,630.7,-24.6,1.00
199.95,629.5,-24.6,1.00
200.00,628.2,-24.6,1.00
200.05,627.0,-24.6,1.00
200.10,625.8,-24.6,1.00
200.15,624.5,-24.6,1.00
200.20,623.3,-24.6,1.00
200.25,622.1,-24.6,1.00
200.30,620.8,-24.6,1.00
200.35,619.6,-24.6,1.00
200.40,618.4,-24.6,1.00
200.45,617.2,-24.6,1.00
200.50,615.9,-24.6,1.00
200.55,614.7,-24.6,1.00
200.60,613.5,-24.6,1.00
200.65,612.2,-24.6,1.00
200.70,611.0,-24.6,1.00
200.75,609.8,-24.6,1.00
200.80,608.5,-24.6,1.00
200.85,607.3,-24.6,1.00
200.90,606.1,-24.6,1.00
200.95,604.9,-24.6,1.00
201.00,603.6,-24.6,1.00
201.05,602.4,-24.6,1.00
201.10,601.1,-24.6,1.00
201.15,599.9,-24.6,1.00
201.20,598.7,-24.6,1.00
201.25,597.5,-24.6,1.00
201.30,596.2,-24.6,1.00
201.35,595.0,-24.6,1.00
201.40,593.8,-24.6,1.00
201.45,592.6,-24.6,1.00
201.50,591.3,-24.6,1.00
201.55,590.1,-24.6,1.00
201.60,588.8,-24.6,1.00
201.65,587.6,-24.6,1.00
201.70,586.4,-24.6,1.00
201.75,585.2,-24.6,1.00
201.80,583.9,-24.6,1.00
201.85,582.7,-24.6,1.00
201.90,581.5,-24.6,1.00
201.95,580.2,-24.6,1.00
202.00,579.0,-24.6,1.00
202.05,577.8,-24.6,1.00
202.10,576.5,-24.6,1.00
202.15,575.3,-24.6,1.00
202.20,574.1,-24.6,1.00
202.25,572.9,-24.6,1.00
202.30,571.6,-24.6,1.00
202.35,570.4,-24.6,1.00
202.40,569.2,-24.6,1.00
202.45,567.9,-24.6,1.00
202.50,566.7,-24.6,1.00
202.55,565.5,-24.6,1.00
202.60,564.2,-24.6,1.00
202.65,563.0,-24.6,1.00
202.70,561.8,-24.6,1.00
202.75,560.6,-24.6,1.00
202.80,559.3,-24.6,1.00
202.85,558.1,-24.6,1.00
202.90,556.9,-24.6,1.00
202.95,555.6,-24.6,1.00
203.00,554.4,-24.6,1.00
203.05,553.2,-24.6,1.00
203.10,551.9,-24.6,1.00
203.15,550.7,-24.6,1.00
203.20,549.5,-24.6,1.00
203.25,548.3,-24.6,1.00
203.30,547.0,-24.6,1.00
203.35,545.8,-24.6,1.00
203.40,544.6,-24.6,1.00
203.45,543.3,-24.6,1.00
203.50,542.1,-24.6,1.00
203.55,540.9,-24.6,1.00
203.60,539.6,-24.6,1.00
203.65,538.4,-24.6,1.00
203.70,537.2,-24.6,1.00
203.75,536.0,-24.6,1.00
203.80,534.7,-24.6,1.00
203.85,533.5,-24.6,1.00
203.90,532.3,-24.6,1.00
203.95,531.0,-24.6,1.00
204.00,529.8,-24.6,1.00
204.05,528.6,-24.6,1.00
204.10,527.3,-24.6,1.00
204.15,526.1,-24.6,1.00
204.20,524.9,-24.6,1.00
204.25,523.7,-24.6,1.00
204.30,522.4,-24.6,1.00
204.35,521.2,-24.6,1.00
204.40,519.9,-24.6,1.00
204.45,518.7,-24.6,1.00
204.50,517.5,-24.6,1.00
204.55,516.3,-24.6,1.00
204.60,515.0,-24.6,1.00
204.65,513.8,-24.6,1.00
204.70,512.6,-24.6,1.00
204.75,511.4,-24.6,1.00
204.80,510.1,-24.6,1.00
204.85,508.9,-24.6,1.00
204.90,507.6,-24.6,1.00
204.95,506.4,-24.6,1.00
205.00,505.2,-24.6,1.00
205.05,504.0,-24.6,1.00
205.10,502.7,-24.6,1.00
205.15,501.5,-24.6,1.00
205.20,500.3,-24.6,1.00
205.25,499.0,-24.6,1.00
205.30,497.8,-24.6,1.00
205.35,496.6,-24.6,1.00
205.40,495.3,-24.6,1.00
205.45,494.1,-24.6,1.00
205.50,492.9,-24.6,1.00
205.55,491.7,-24.6,1.00
205.60,491.0,-13.8,1.00
205.65,490.3,-13.8,1.00
205.70,489.6,-13.8,1.00
205.75,488.9,-13.8,1.00
205.80,488.2,-13.8,1.00
205.85,487.5,-13.8,1.00
205.90,486.8,-13.8,1.00
205.95,486.2,-13.8,1.00
206.00,485.5,-13.8,1.00
206.05,484.8,-13.8,1.00
206.10,484.1,-13.8,1.00
206.15,483.4,-13.8,1.00
206.20,482.7,-13.8,1.00
206.25,482.0,-13.8,1.00
206.30,481.3,-13.8,1.00
206.35,480.6,-13.8,1.00
206.40,480.0,-13.8,1.00
206.45,479.3,-13.8,1.00
206.50,478.6,-13.8,1.00
206.55,477.9,-13.8,1.00
206.60,477.2,-13.8,1.00
206.65,476.5,-13.8,1.00
206.70,475.8,-13.8,1.00
206.75,475.1,-13.8,1.00
206.80,474.4,-13.8,1.00
206.85,473.8,-13.8,1.00
206.90,473.1,-13.8,1.00
206.95,472.4,-13.8,1.00
207.00,471.7,-13.8,1.00
207.05,471.0,-13.8,1.00
207.10,470.3,-13.8,1.00
207.15,469.6,-13.8,1.00
207.20,468.9,-13.8,1.00
207.25,468.2,-13.8,1.00
207.30,467.6,-13.8,1.00
207.35,466.9,-13.8,1.00
207.40,466.2,-13.8,1.00
207.45,465.5,-13.8,1.00
207.50,464.8,-13.8,1.00
207.55,464.1,-13.8,1.00
207.60,463.4,-13.8,1.00
207.65,462.7,-13.8,1.00
207.70,462.0,-13.8,1.00
207.75,461.4,-13.8,1.00
207.80,460.7,-13.8,1.00
207.85,460.0,-13.8,1.00
207.90,459.3,-13.8,1.00
207.95,458.6,-13.8,1.00
208.00,457.9,-13.8,1.00
208.05,457.2,-13.8,1.00
208.10,456.5,-13.8,1.00
208.15,455.8,-13.8,1.00
208.20,455.2,-13.8,1.00
208.25,454.5,-13.8,1.00
208.30,453.8,-13.8,1.00
208.35,453.1,-13.8,1.00
208.40,452.4,-13.8,1.00
208.45,451.7,-13.8,1.00
208.50,451.0,-13.8,1.00
208.55,450.3,-13.8,1.00
208.60,449.6,-13.8,1.00
208.65,449.0,-13.8,1.00
208.70,448.3,-13.8,1.00
208.75,447.6,-13.8,1.00
208.80,446.9,-13.8,1.00
208.85,446.2,-13.8,1.00
208.90,445.5,-13.8,1.00
208.95,444.8,-13.8,1.00
209.00,444.1,-13.8,1.00
209.05,443.4,-13.8,1.00
209.10,442.7,-13.8,1.00
209.15,442.1,-13.8,1.00
209.20,441.4,-13.8,1.00
209.25,440.7,-13.8,1.00
209.30,440.0,-13.8,1.00
209.35,439.3,-13.8,1.00
209.40,438.6,-13.8,1.00
209.45,437.9,-13.8,1.00
209.50,437.2,-13.8,1.00
209.55,436.5,-13.8,1.00
209.60,435.9,-13.8,1.00
209.65,435.2,-13.8,1.00
209.70,434.5,-13.8,1.00
209.75,433.8,-13.8,1.00
209.80,433.1,-13.8,1.00
209.85,432.4,-13.8,1.00
209.90,431.7,-13.8,1.00
209.95,431.0,-13.8,1.00
210.00,430.3,-13.8,1.00
210.05,429.7,-13.8,1.00
210.10,429.0,-13.8,1.00
210.15,428.3,-13.8,1.00
210.20,427.6,-13.8,1.00
210.25,426.9,-13.8,1.00
210.30,426.2,-13.8,1.00
210.35,425.5,-13.8,1.00
210.40,424.8,-13.8,1.00
210.45,424.1,-13.8,1.00
210.50,423.5,-13.8,1.00
210.55,422.8,-13.8,1.00
210.60,422.1,-13.8,1.00
210.65,421.4,-13.8,1.00
210.70,420.7,-13.8,1.00
210.75,420.0,-13.8,1.00
210.80,419.3,-13.8,1.00
210.85,418.6,-13.8,1.00
210.90,417.9,-13.8,1.00
210.95,417.3,-13.8,1.00
211.00,416.6,-13.8,1.00
211.05,415.9,-13.8,1.00
211.10,415.2,-13.8,1.00
211.15,414.5,-13.8,1.00
211.20,413.8,-13.8,1.00
211.25,413.1,-13.8,1.00
211.30,412.4,-13.8,1.00
211.35,411.7,-13.8,1.00
211.40,411.1,-13.8,1.00
211.45,410.4,-13.8,1.00
211.50,409.7,-13.8,1.00
211.55,409.0,-13.8,1.00
211.60,408.3,-13.8,1.00
211.65,407.6,-13.8,1.00
211.70,406.9,-13.8,1.00
211.75,406.2,-13.8,1.00
211.80,405.5,-13.8,1.00
211.85,404.9,-13.8,1.00
211.90,404.2,-13.8,1.00
211.95,403.5,-13.8,1.00
212.00,402.8,-13.8,1.00
212.05,402.1,-13.8,1.00
212.10,401.4,-13.8,1.00
212.15,400.7,-13.8,1.00
212.20,400.0,-13.8,1.00
212.25,399.3,-13.8,1.00
212.30,398.7,-13.8,1.00
212.35,398.0,-13.8,1.00
212.40,397.3,-13.8,1.00
212.45,396.6,-13.8,1.00
212.50,395.9,-13.8,1.00
212.55,395.2,-13.8,1.00
212.60,394.5,-13.8,1.00
212.65,393.8,-13.8,1.00
212.70,393.1,-13.8,1.00
212.75,392.5,-13.8,1.00
212.80,391.8,-13.8,1.00
212.85,391.1,-13.8,1.00
212.90,390.4,-13.8,1.00
212.95,389.7,-13.8,1.00
213.00,389.0,-13.8,1.00
213.05,388.3,-13.8,1.00
213.10,387.6,-13.8,1.00
213.15,386.9,-13.8,1.00
213.20,386.3,-13.8,1.00
213.25,385.6,-13.8,1.00
213.30,384.9,-13.8,1.00
213.35,384.2,-13.8,1.00
213.40,383.5,-13.8,1.00
213.45,382.8,-13.8,1.00
213.50,382.1,-13.8,1.00
213.55,381.4,-13.8,1.00
213.60,380.7,-13.8,1.00
213.65,380.1,-13.8,1.00
213.70,379.4,-13.8,1.00
213.75,378.7,-13.8,1.00
213.80,378.0,-13.8,1.00
213.85,377.3,-13.8,1.00
213.90,376.6,-13.8,1.00
213.95,375.9,-13.8,1.00
214.00,375.2,-13.8,1.00
214.05,374.5,-13.8,1.00
214.10,373.9,-13.8,1.00
214.15,373.2,-13.8,1.00
214.20,372.5,-13.8,1.00
214.25,371.8,-13.8,1.00
214.30,371.1,-13.8,1.00
214.35,370.4,-13.8,1.00
214.40,369.7,-13.8,1.00
214.45,369.0,-13.8,1.00
214.50,368.3,-13.8,1.00
214.55,367.7,-13.8,1.00
214.60,367.0,-13.8,1.00
214.65,366.3,-13.8,1.00
214.70,365.6,-13.8,1.00
214.75,364.9,-13.8,1.00
214.80,364.2,-13.8,1.00
214.85,363.5,-13.8,1.00
214.90,362.8,-13.8,1.00
214.95,362.1,-13.8,1.00
215.00,361.5,-13.8,1.00
215.05,360.8,-13.8,1.00
215.10,360.1,-13.8,1.00
215.15,359.4,-13.8,1.00
215.20,358.7,-13.8,1.00
215.25,358.0,-13.8,1.00
215.30,357.3,-13.8,1.00
215.35,356.6,-13.8,1.00
215.40,355.9,-13.8,1.00
215.45,355.2,-13.8,1.00
215.50,354.6,-13.8,1.00
215.55,353.9,-13.8,1.00
215.60,353.2,-13.8,1.00
215.65,352.5,-13.8,1.00
215.70,351.8,-13.8,1.00
215.75,351.1,-13.8,1.00
215.80,350.4,-13.8,1.00
215.85,349.7,-13.8,1.00
215.90,349.0,-13.8,1.00
215.95,348.4,-13.8,1.00
216.00,347.7,-13.8,1.00
216.05,347.0,-13.8,1.00
216.10,346.3,-13.8,1.00
216.15,345.6,-13.8,1.00
216.20,344.9,-13.8,1.00
216.25,344.2,-13.8,1.00
216.30,343.5,-13.8,1.00
216.35,342.8,-13.8,1.00
216.40,342.2,-13.8,1.00
216.45,341.5,-13.8,1.00
216.50,340.8,-13.8,1.00
216.55,340.1,-13.8,1.00
216.60,339.4,-13.8,1.00
216.65,338.7,-13.8,1.00
216.70,338.0,-13.8,1.00
216.75,337.3,-13.8,1.00
216.80,336.6,-13.8,1.00
216.85,336.0,-13.8,1.00
216.90,335.3,-13.8,1.00
216.95,334.6,-13.8,1.00
217.00,333.9,-13.8,1.00
217.05,333.2,-13.8,1.00
217.10,332.5,-13.8,1.00
217.15,331.8,-13.8,1.00
217.20,331.1,-13.8,1.00
217.25,330.4,-13.8,1.00
217.30,329.8,-13.8,1.00
217.35,329.1,-13.8,1.00
217.40,328.4,-13.8,1.00
217.45,327.7,-13.8,1.00
217.50,327.0,-13.8,1.00
217.55,326.3,-13.8,1.00
217.60,325.6,-13.8,1.00
217.65,324.9,-13.8,1.00
217.70,324.2,-13.8,1.00
217.75,323.6,-13.8,1.00
217.80,322.9,-13.8,1.00
217.85,322.2,-13.8,1.00
217.90,321.5,-13.8,1.00
217.95,320.8,-13.8,1.00
218.00,320.1,-13.8,1.00
218.05,319.4,-13.8,1.00
218.10,318.7,-13.8,1.00
218.15,318.0,-13.8,1.00
218.20,317.4,-13.8,1.00
218.25,316.7,-13.8,1.00
218.30,316.0,-13.8,1.00
218.35,315.3,-13.8,1.00
218.40,314.6,-13.8,1.00
218.45,313.9,-13.8,1.00
218.50,313.2,-13.8,1.00
218.55,312.5,-13.8,1.00
218.60,311.8,-13.8,1.00
218.65,311.2,-13.8,1.00
218.70,310.5,-13.8,1.00
218.75,309.8,-13.8,1.00
218.80,309.1,-13.8,1.00
218.85,308.4,-13.8,1.00
218.90,307.7,-13.8,1.00
218.95,307.0,-13.8,1.00
219.00,306.3,-13.8,1.00
219.05,305.6,-13.8,1.00
219.10,305.0,-13.8,1.00
219.15,304.3,-13.8,1.00
219.20,303.6,-13.8,1.00
219.25,302.9,-13.8,1.00
219.30,302.2,-13.8,1.00
219.35,301.5,-13.8,1.00
219.40,300.8,-13.8,1.00
219.45,300.1,-13.8,1.00
219.50,299.4,-13.8,1.00
219.55,298.8,-13.8,1.00
219.60,298.1,-13.8,1.00
219.65,297.4,-13.8,1.00
219.70,296.7,-13.8,1.00
219.75,296.0,-13.8,1.00
219.80,295.3,-13.8,1.00
219.85,294.6,-13.8,1.00
219.90,293.9,-13.8,1.00
219.95,293.2,-13.8,1.00
220.00,292.6,-13.8,1.00
220.05,291.9,-13.8,1.00
220.10,291.2,-13.8,1.00
220.15,290.5,-13.8,1.00
220.20,289.8,-13.8,1.00
220.25,289.1,-13.8,1.00
220.30,288.4,-13.8,1.00
220.35,287.7,-13.8,1.00
220.40,287.0,-13.8,1.00
220.45,286.4,-13.8,1.00
220.50,285.7,-13.8,1.00
220.55,285.0,-13.8,1.00
220.60,284.3,-13.8,1.00
220.65,283.6,-13.8,1.00
220.70,282.9,-13.8,1.00
220.75,282.2,-13.8,1.00
220.80,281.5,-13.8,1.00
220.85,280.8,-13.8,1.00
220.90,280.2,-13.8,1.00
220.95,279.5,-13.8,1.00
221.00,278.8,-13.8,1.00
221.05,278.1,-13.8,1.00
221.10,277.4,-13.8,1.00
221.15,276.7,-13.8,1.00
221.20,276.0,-13.8,1.00
221.25,275.3,-13.8,1.00
221.30,274.6,-13.8,1.00
221.35,274.0,-13.8,1.00
221.40,273.3,-13.8,1.00
221.45,272.6,-13.8,1.00
221.50,271.9,-13.8,1.00
221.55,271.2,-13.8,1.00
221.60,270.5,-13.8,1.00
221.65,269.8,-13.8,1.00
221.70,269.1,-13.8,1.00
221.75,268.4,-13.8,1.00
221.80,267.7,-13.8,1.00
221.85,267.1,-13.8,1.00
221.90,266.4,-13.8,1.00
221.95,265.7,-13.8,1.00
222.00,265.0,-13.8,1.00
222.05,264.3,-13.8,1.00
222.10,263.6,-13.8,1.00
222.15,262.9,-13.8,1.00
222.20,262.2,-13.8,1.00
222.25,261.5,-13.8,1.00
222.30,260.9,-13.8,1.00
222.35,260.2,-13.8,1.00
222.40,259.5,-13.8,1.00
222.45,258.8,-13.8,1.00
222.50,258.1,-13.8,1.00
222.55,257.4,-13.8,1.00
222.60,256.7,-13.8,1.00
222.65,256.0,-13.8,1.00
222.70,255.3,-13.8,1.00
222.75,254.7,-13.8,1.00
222.80,254.0,-13.8,1.00
222.85,253.3,-13.8,1.00
222.90,252.6,-13.8,1.00
222.95,251.9,-13.8,1.00
223.00,251.2,-13.8,1.00
223.05,250.5,-13.8,1.00
223.10,249.8,-13.8,1.00
223.15,249.1,-13.8,1.00
223.20,248.5,-13.8,1.00
223.25,247.8,-13.8,1.00
223.30,247.1,-13.8,1.00
223.35,246.4,-13.8,1.00
223.40,245.7,-13.8,1.00
223.45,245.0,-13.8,1.00
223.50,244.3,-13.8,1.00
223.55,243.6,-13.8,1.00
223.60,242.9,-13.8,1.00
223.65,242.3,-13.8,1.00
223.70,241.6,-13.8,1.00
223.75,240.9,-13.8,1.00
223.80,240.2,-13.8,1.00
223.85,239.5,-13.8,1.00
223.90,238.8,-13.8,1.00
223.95,238.1,-13.8,1.00
224.00,237.4,-13.8,1.00
224.05,236.7,-13.8,1.00
224.10,236.1,-13.8,1.00
224.15,235.4,-13.8,1.00
224.20,234.7,-13.8,1.00
224.25,234.0,-13.8,1.00
224.30,233.3,-13.8,1.00
224.35,232.6,-13.8,1.00
224.40,231.9,-13.8,1.00
224.45,231.2,-13.8,1.00
224.50,230.5,-13.8,1.00
224.55,229.9,-13.8,1.00
224.60,229.2,-13.8,1.00
224.65,228.5,-13.8,1.00
224.70,227.8,-13.8,1.00
224.75,227.1,-13.8,1.00
224.80,226.4,-13.8,1.00
224.85,225.7,-13.8,1.00
224.90,225.0,-13.8,1.00
224.95,224.3,-13.8,1.00
225.00,223.7,-13.8,1.00
225.05,223.0,-13.8,1.00
225.10,222.3,-13.8,1.00
225.15,221.6,-13.8,1.00
225.20,220.9,-13.8,1.00
225.25,220.2,-13.8,1.00
225.30,219.5,-13.8,1.00
225.35,218.8,-13.8,1.00
225.40,218.1,-13.8,1.00
225.45,217.5,-13.8,1.00
225.50,216.8,-13.8,1.00
225.55,216.1,-13.8,1.00
225.60,215.4,-13.8,1.00
225.65,214.7,-13.8,1.00
225.70,214.0,-13.8,1.00
225.75,213.3,-13.8,1.00
225.80,212.6,-13.8,1.00
225.85,211.9,-13.8,1.00
225.90,211.3,-13.8,1.00
225.95,210.6,-13.8,1.00
226.00,209.9,-13.8,1.00
226.05,209.2,-13.8,1.00
226.10,208.5,-13.8,1.00
226.15,207.8,-13.8,1.00
226.20,207.1,-13.8,1.00
226.25,206.4,-13.8,1.00
226.30,205.7,-13.8,1.00
226.35,205.1,-13.8,1.00
226.40,204.4,-13.8,1.00
226.45,203.7,-13.8,1.00
226.50,203.0,-13.8,1.00
226.55,202.3,-13.8,1.00
226.60,201.6,-13.8,1.00
226.65,200.9,-13.8,1.00
226.70,200.2,-13.8,1.00
226.75,199.5,-13.8,1.00
226.80,198.9,-13.8,1.00
226.85,198.2,-13.8,1.00
226.90,197.5,-13.8,1.00
226.95,196.8,-13.8,1.00
227.00,196.1,-13.8,1.00
227.05,195.4,-13.8,1.00
227.10,194.7,-13.8,1.00
227.15,194.0,-13.8,1.00
227.20,193.3,-13.8,1.00
227.25,192.7,-13.8,1.00
227.30,192.0,-13.8,1.00
227.35,191.3,-13.8,1.00
227.40,190.6,-13.8,1.00
227.45,189.9,-13.8,1.00
227.50,189.2,-13.8,1.00
227.55,188.5,-13.8,1.00
227.60,187.8,-13.8,1.00
227.65,187.1,-13.8,1.00
227.70,186.5,-13.8,1.00
227.75,185.8,-13.8,1.00
227.80,185.1,-13.8,1.00
227.85,184.4,-13.8,1.00
227.90,183.7,-13.8,1.00
227.95,183.0,-13.8,1.00
228.00,182.3,-13.8,1.00
228.05,181.6,-13.8,1.00
228.10,180.9,-13.8,1.00
228.15,180.2,-13.8,1.00
228.20,179.6,-13.8,1.00
228.25,178.9,-13.8,1.00
228.30,178.2,-13.8,1.00
228.35,177.5,-13.8,1.00
228.40,176.8,-13.8,1.00
228.45,176.1,-13.8,1.00
228.50,175.4,-13.8,1.00
228.55,174.7,-13.8,1.00
228.60,174.0,-13.8,1.00
228.65,173.4,-13.8,1.00
228.70,172.7,-13.8,1.00
228.75,172.0,-13.8,1.00
228.80,171.3,-13.8,1.00
228.85,170.6,-13.8,1.00
228.90,169.9,-13.8,1.00
228.95,169.2,-13.8,1.00
229.00,168.5,-13.8,1.00
229.05,167.8,-13.8,1.00
229.10,167.2,-13.8,1.00
229.15,166.5,-13.8,1.00
229.20,165.8,-13.8,1.00
229.25,165.1,-13.8,1.00
229.30,164.4,-13.8,1.00
229.35,163.7,-13.8,1.00
229.40,163.0,-13.8,1.00
229.45,162.3,-13.8,1.00
229.50,161.6,-13.8,1.00
229.55,161.0,-13.8,1.00
229.60,160.3,-13.8,1.00
229.65,159.6,-13.8,1.00
229.70,158.9,-13.8,1.00
229.75,158.2,-13.8,1.00
229.80,157.5,-13.8,1.00
229.85,156.8,-13.8,1.00
229.90,156.1,-13.8,1.00
229.95,155.4,-13.8,1.00
230.00,154.8,-13.8,1.00
230.05,154.1,-13.8,1.00
230.10,153.4,-13.8,1.00
230.15,152.7,-13.8,1.00
230.20,152.0,-13.8,1.00
230.25,151.3,-13.8,1.00
230.30,150.6,-13.8,1.00
230.35,149.9,-13.8,1.00
230.40,149.2,-13.8,1.00
230.45,148.6,-13.8,1.00
230.50,147.9,-13.8,1.00
230.55,147.2,-13.8,1.00
230.60,146.5,-13.8,1.00
230.65,145.8,-13.8,1.00
230.70,145.1,-13.8,1.00
230.75,144.4,-13.8,1.00
230.80,143.7,-13.8,1.00
230.85,143.0,-13.8,1.00
230.90,142.4,-13.8,1.00
230.95,141.7,-13.8,1.00
231.00,141.0,-13.8,1.00
231.05,140.3,-13.8,1.00
231.10,139.6,-13.8,1.00
231.15,138.9,-13.8,1.00
231.20,138.2,-13.8,1.00
231.25,137.5,-13.8,1.00
231.30,136.8,-13.8,1.00
231.35,136.2,-13.8,1.00
231.40,135.5,-13.8,1.00
231.45,134.8,-13.8,1.00
231.50,134.1,-13.8,1.00
231.55,133.4,-13.8,1.00
231.60,132.7,-13.8,1.00
231.65,132.0,-13.8,1.00
231.70,131.3,-13.8,1.00
231.75,130.6,-13.8,1.00
231.80,130.0,-13.8,1.00
231.85,129.3,-13.8,1.00
231.90,128.6,-13.8,1.00
231.95,127.9,-13.8,1.00
232.00,127.2,-13.8,1.00
232.05,126.5,-13.8,1.00
232.10,125.8,-13.8,1.00
232.15,125.1,-13.8,1.00
232.20,124.4,-13.8,1.00
232.25,123.8,-13.8,1.00
232.30,123.1,-13.8,1.00
232.35,122.4,-13.8,1.00
232.40,121.7,-13.8,1.00
232.45,121.0,-13.8,1.00
232.50,120.3,-13.8,1.00
232.55,119.6,-13.8,1.00
232.60,118.9,-13.8,1.00
232.65,118.2,-13.8,1.00
232.70,117.6,-13.8,1.00
232.75,116.9,-13.8,1.00
232.80,116.2,-13.8,1.00
232.85,115.5,-13.8,1.00
232.90,114.8,-13.8,1.00
232.95,114.1,-13.8,1.00
233.00,113.4,-13.8,1.00
233.05,112.7,-13.8,1.00
233.10,112.0,-13.8,1.00
233.15,111.4,-13.8,1.00
233.20,110.7,-13.8,1.00
233.25,110.0,-13.8,1.00
233.30,109.3,-13.8,1.00
233.35,108.6,-13.8,1.00
233.40,107.9,-13.8,1.00
233.45,107.2,-13.8,1.00
233.50,106.5,-13.8,1.00
233.55,105.8,-13.8,1.00
233.60,105.2,-13.8,1.00
233.65,104.5,-13.8,1.00
233.70,103.8,-13.8,1.00
233.75,103.1,-13.8,1.00
233.80,102.4,-13.8,1.00
233.85,101.7,-13.8,1.00
233.90,101.0,-13.8,1.00
233.95,100.3,-13.8,1.00
234.00,99.6,-13.8,1.00
234.05,99.0,-13.8,1.00
234.10,98.3,-13.8,1.00
234.15,97.6,-13.8,1.00
234.20,96.9,-13.8,1.00
234.25,96.2,-13.8,1.00
234.30,95.5,-13.8,1.00
234.35,94.8,-13.8,1.00
234.40,94.1,-13.8,1.00
234.45,93.4,-13.8,1.00
234.50,92.7,-13.8,1.00
234.55,92.1,-13.8,1.00
234.60,91.4,-13.8,1.00
234.65,90.7,-13.8,1.00
234.70,90.0,-13.8,1.00
234.75,89.3,-13.8,1.00
234.80,88.6,-13.8,1.00
234.85,87.9,-13.8,1.00
234.90,87.2,-13.8,1.00
234.95,86.5,-13.8,1.00
235.00,85.9,-13.8,1.00
235.05,85.2,-13.8,1.00
235.10,84.5,-13.8,1.00
235.15,83.8,-13.8,1.00
235.20,83.1,-13.8,1.00
235.25,82.4,-13.8,1.00
235.30,81.7,-13.8,1.00
235.35,81.0,-13.8,1.00
235.40,80.3,-13.8,1.00
235.45,79.7,-13.8,1.00
235.50,79.0,-13.8,1.00
235.55,78.3,-13.8,1.00
235.60,77.6,-13.8,1.00
235.65,76.9,-13.8,1.00
235.70,76.2,-13.8,1.00
235.75,75.5,-13.8,1.00
235.80,74.8,-13.8,1.00
235.85,74.1,-13.8,1.00
235.90,73.5,-13.8,1.00
235.95,72.8,-13.8,1.00
236.00,72.1,-13.8,1.00
236.05,71.4,-13.8,1.00
236.10,70.7,-13.8,1.00
236.15,70.0,-13.8,1.00
236.20,69.3,-13.8,1.00
236.25,68.6,-13.8,1.00
236.30,67.9,-13.8,1.00
236.35,67.3,-13.8,1.00
236.40,66.6,-13.8,1.00
236.45,65.9,-13.8,1.00
236.50,65.2,-13.8,1.00
236.55,64.5,-13.8,1.00
236.60,63.8,-13.8,1.00
236.65,63.1,-13.8,1.00
236.70,62.4,-13.8,1.00
236.75,61.7,-13.8,1.00
236.80,61.1,-13.8,1.00
236.85,60.4,-13.8,1.00
236.90,59.7,-13.8,1.00
236.95,59.0,-13.8,1.00
237.00,58.3,-13.8,1.00
237.05,57.6,-13.8,1.00
237.10,56.9,-13.8,1.00
237.15,56.2,-13.8,1.00
237.20,55.5,-13.8,1.00
237.25,54.9,-13.8,1.00
237.30,54.2,-13.8,1.00
237.35,53.5,-13.8,1.00
237.40,52.8,-13.8,1.00
237.45,52.1,-13.8,1.00
237.50,51.4,-13.8,1.00
237.55,50.7,-13.8,1.00
237.60,50.0,-13.8,1.00
237.65,49.3,-13.8,1.00
237.70,48.7,-13.8,1.00
237.75,48.0,-13.8,1.00
237.80,47.3,-13.8,1.00
237.85,46.6,-13.8,1.00
237.90,45.9,-13.8,1.00
237.95,45.2,-13.8,1.00
238.00,44.5,-13.8,1.00
238.05,43.8,-13.8,1.00
238.10,43.1,-13.8,1.00
238.15,42.5,-13.8,1.00
238.20,41.8,-13.8,1.00
238.25,41.1,-13.8,1.00
238.30,40.4,-13.8,1.00
238.35,39.7,-13.8,1.00
238.40,39.0,-13.8,1.00
238.45,38.3,-13.8,1.00
238.50,37.6,-13.8,1.00
238.55,36.9,-13.8,1.00
238.60,36.3,-13.8,1.00
238.65,35.6,-13.8,1.00
238.70,34.9,-13.8,1.00
238.75,34.2,-13.8,1.00
238.80,33.5,-13.8,1.00
238.85,32.8,-13.8,1.00
238.90,32.1,-13.8,1.00
238.95,31.4,-13.8,1.00
239.00,30.7,-13.8,1.00
239.05,30.1,-13.8,1.00
239.10,29.4,-13.8,1.00
239.15,28.7,-13.8,1.00
239.20,28.0,-13.8,1.00
239.25,27.3,-13.8,1.00
239.30,26.6,-13.8,1.00
239.35,25.9,-13.8,1.00
239.40,25.2,-13.8,1.00
239.45,24.5,-13.8,1.00
239.50,23.9,-13.8,1.00
239.55,23.2,-13.8,1.00
239.60,22.5,-13.8,1.00
239.65,21.8,-13.8,1.00
239.70,21.1,-13.8,1.00
239.75,20.4,-13.8,1.00
239.80,19.7,-13.8,1.00
239.85,19.0,-13.8,1.00
239.90,18.3,-13.8,1.00
239.95,17.7,-13.8,1.00
240.00,17.0,-13.8,1.00
240.05,16.3,-13.8,1.00
240.10,15.6,-13.8,1.00
240.15,14.9,-13.8,1.00
240.20,14.2,-13.8,1.00
240.25,13.5,-13.8,1.00
240.30,12.8,-13.8,1.00
240.35,12.1,-13.8,1.00
240.40,11.5,-13.8,1.00
240.45,10.8,-13.8,1.00
240.50,10.1,-13.8,1.00
240.55,9.4,-13.8,1.00
240.60,8.7,-13.8,1.00
240.65,8.0,-13.8,1.00
240.70,7.3,-13.8,1.00
240.75,6.6,-13.8,1.00
240.80,5.9,-13.8,1.00
240.85,5.2,-13.8,1.00
240.90,4.6,-13.8,1.00
240.95,3.9,-13.8,1.00
241.00,3.2,-13.8,1.00
241.05,2.5,-13.8,1.00
241.10,1.8,-13.8,1.00
241.15,1.1,-13.8,1.00
241.20,0.4,-13.8,1.00
241.25,0.0,-13.8,1.00
