Synthetic,"This flight is SYNTHETIC — numbers Debrief made up to demonstrate what it can read. It is not a recording of anything, nothing here was flown, and no figure from it means anything about a real rocket."
Demonstrates,"the sustainer half of the same staged launch, on a second altimeter"
Stage,"sustainer"
Columns,"The column names below are the ones an Eggtimer Classic writes, so that Debrief reads this file without being told about it. No Eggtimer recorded anything here and no device of any kind did: see the Synthetic row above."

T,Alt,VRaw,VFilt
0.00,0.0,0.0,0.0
0.05,0.0,0.0,0.0
0.10,0.0,0.0,0.0
0.15,0.0,0.0,0.0
0.20,0.0,0.0,0.0
0.25,0.0,0.0,0.0
0.30,0.0,0.0,0.0
0.35,0.0,0.0,0.0
0.40,0.0,0.0,0.0
0.45,0.0,0.0,0.0
0.50,0.0,0.0,0.0
0.55,0.0,0.0,0.0
0.60,0.0,0.0,0.0
0.65,0.0,0.0,0.0
0.70,0.0,0.0,0.0
0.75,0.0,0.0,0.0
0.80,0.0,0.0,0.0
0.85,0.0,0.0,0.0
0.90,0.0,0.0,0.0
0.95,0.0,0.0,0.0
1.00,0.0,0.0,0.0
1.05,0.0,0.0,0.0
1.10,0.0,0.0,0.0
1.15,0.0,0.0,0.0
1.20,0.0,0.0,0.0
1.25,0.0,0.0,0.0
1.30,0.0,0.0,0.0
1.35,0.0,0.0,0.0
1.40,0.0,0.0,0.0
1.45,0.0,0.0,0.0
1.50,0.0,0.0,0.0
1.55,0.0,0.0,0.0
1.60,0.0,0.0,0.0
1.65,0.0,0.0,0.0
1.70,0.0,0.0,0.0
1.75,0.0,0.0,0.0
1.80,0.0,0.0,0.0
1.85,0.0,0.0,0.0
1.90,0.0,0.0,0.0
1.95,0.0,0.0,0.0
2.00,0.0,0.0,0.0
2.05,0.0,0.0,0.0
2.10,0.0,0.0,0.0
2.15,0.0,0.0,0.0
2.20,0.0,0.0,0.0
2.25,0.0,0.0,0.0
2.30,0.0,0.0,0.0
2.35,0.0,0.0,0.0
2.40,0.0,0.0,0.0
2.45,0.0,0.0,0.0
2.50,0.0,0.0,0.0
2.55,0.0,0.0,0.0
2.60,0.0,0.0,0.0
2.65,0.0,0.0,0.0
2.70,0.0,0.0,0.0
2.75,0.0,0.0,0.0
2.80,0.0,0.0,0.0
2.85,0.0,0.0,0.0
2.90,0.0,0.0,0.0
2.95,0.0,0.0,0.0
3.00,0.0,0.0,0.0
3.05,0.0,0.0,0.0
3.10,0.0,0.0,0.0
3.15,0.0,0.0,0.0
3.20,0.0,0.0,0.0
3.25,0.0,0.0,0.0
3.30,0.0,0.0,0.0
3.35,0.0,0.0,0.0
3.40,0.0,0.0,0.0
3.45,0.0,0.0,0.0
3.50,0.0,0.0,0.0
3.55,0.4,7.4,7.4
3.60,1.1,14.8,14.8
3.65,2.2,22.2,22.2
3.70,3.7,29.7,29.7
3.75,5.5,37.1,37.1
3.80,7.8,44.5,44.5
3.85,10.4,51.9,51.9
3.90,13.4,59.3,59.3
3.95,16.7,66.7,66.7
4.00,20.4,74.1,74.1
4.05,24.5,81.6,81.6
4.10,28.9,89.0,89.0
4.15,33.7,96.4,96.4
4.20,38.9,103.8,103.8
4.25,44.5,111.2,111.2
4.30,50.4,118.6,118.6
4.35,56.7,126.0,126.0
4.40,63.4,133.4,133.4
4.45,70.4,140.8,140.8
4.50,77.9,148.3,148.3
4.55,85.6,155.7,155.7
4.60,93.8,163.1,163.1
4.65,102.3,170.5,170.5
4.70,111.2,177.9,177.9
4.75,120.5,185.3,185.3
4.80,130.1,192.7,192.7
4.85,140.1,200.2,200.2
4.90,150.5,207.6,207.6
4.95,161.3,215.0,215.0
5.00,172.4,222.4,222.4
5.05,183.9,229.8,229.8
5.10,195.7,237.2,237.2
5.15,207.5,235.6,235.6
5.20,219.2,234.0,234.0
5.25,230.8,232.4,232.4
5.30,242.4,230.8,230.8
5.35,253.8,229.2,229.2
5.40,265.2,227.6,227.6
5.45,276.5,226.0,226.0
5.50,287.7,224.4,224.4
5.55,298.9,222.8,222.8
5.60,309.9,221.2,221.2
5.65,320.9,219.6,219.6
5.70,331.8,217.9,217.9
5.75,342.6,216.3,216.3
5.80,353.3,214.7,214.7
5.85,364.0,213.1,213.1
5.90,374.6,211.5,211.5
5.95,385.1,209.9,209.9
6.00,395.5,208.3,208.3
6.05,405.8,206.7,206.7
6.10,416.1,205.1,205.1
6.15,426.2,203.4,203.4
6.20,436.3,201.8,201.8
6.25,446.3,200.2,200.2
6.30,456.3,198.6,198.6
6.35,466.1,197.0,197.0
6.40,475.9,195.4,195.4
6.45,485.6,193.8,193.8
6.50,495.2,192.2,192.2
6.55,504.7,190.6,190.6
6.60,514.2,189.0,189.0
6.65,523.5,187.4,187.4
6.70,532.8,185.8,185.8
6.75,542.0,184.2,184.2
6.80,551.1,182.5,182.5
6.85,560.2,180.9,180.9
6.90,569.2,179.3,179.3
6.95,578.1,177.7,177.7
7.00,586.9,176.1,176.1
7.05,595.6,174.5,174.5
7.10,604.2,172.9,172.9
7.15,612.8,171.3,171.3
7.20,621.3,169.7,169.7
7.25,629.7,168.1,168.1
7.30,638.0,166.4,166.4
7.35,646.3,164.8,164.8
7.40,654.4,163.2,163.2
7.45,662.5,161.6,161.6
7.50,670.5,160.0,160.0
7.55,678.4,158.4,158.4
7.60,686.3,156.8,156.8
7.65,694.0,155.2,155.2
7.70,701.7,153.6,153.6
7.75,709.3,152.0,152.0
7.80,716.8,150.4,150.4
7.85,724.2,148.8,148.8
7.90,731.6,147.1,147.1
7.95,738.9,145.5,145.5
8.00,746.1,143.9,143.9
8.05,753.2,142.3,142.3
8.10,760.2,140.7,140.7
8.15,767.2,139.1,139.1
8.20,774.0,137.5,137.5
8.25,780.8,135.9,135.9
8.30,787.6,134.3,134.3
8.35,794.2,132.7,132.7
8.40,800.8,131.1,131.1
8.45,807.2,129.5,129.5
8.50,813.6,127.9,127.9
8.55,819.9,126.2,126.2
8.60,826.1,124.6,124.6
8.65,832.3,123.0,123.0
8.70,838.4,121.4,121.4
8.75,844.4,119.8,119.8
8.80,850.3,118.2,118.2
8.85,856.1,116.6,116.6
8.90,861.9,115.0,115.0
8.95,867.5,113.4,113.4
9.00,873.1,111.7,111.7
9.05,878.6,110.1,110.1
9.10,884.1,108.5,108.5
9.15,889.4,106.9,106.9
9.20,894.7,105.3,105.3
9.25,899.8,103.7,103.7
9.30,905.0,102.1,102.1
9.35,910.0,100.5,100.5
9.40,914.9,98.9,98.9
9.45,919.8,97.3,97.3
9.50,924.6,95.7,95.7
9.55,929.3,94.1,94.1
9.60,934.6,107.2,107.2
9.65,940.6,120.3,120.3
9.70,947.3,133.4,133.4
9.75,954.7,146.6,146.6
9.80,962.6,159.7,159.7
9.85,971.3,172.8,172.8
9.90,980.6,185.9,185.9
9.95,990.5,199.0,199.0
10.00,1001.1,212.2,212.2
10.05,1012.4,225.3,225.3
10.10,1024.3,238.4,238.4
10.15,1036.9,251.5,251.5
10.20,1050.1,264.7,264.7
10.25,1064.0,277.8,277.8
10.30,1078.5,290.9,290.9
10.35,1093.8,304.0,304.0
10.40,1109.6,317.1,317.1
10.45,1126.1,330.2,330.2
10.50,1143.3,343.4,343.4
10.55,1161.1,356.5,356.5
10.60,1179.6,369.6,369.6
10.65,1198.8,382.7,382.7
10.70,1218.5,395.9,395.9
10.75,1239.0,409.0,409.0
10.80,1260.1,422.1,422.1
10.85,1281.9,435.2,435.2
10.90,1304.3,448.4,448.4
10.95,1327.3,461.5,461.5
11.00,1351.1,474.6,474.6
11.05,1375.5,487.7,487.7
11.10,1400.5,500.9,500.9
11.15,1426.2,514.0,514.0
11.20,1452.6,527.1,527.1
11.25,1479.6,540.2,540.2
11.30,1507.2,553.3,553.3
11.35,1535.6,566.5,566.5
11.40,1564.5,579.6,579.6
11.45,1594.2,592.7,592.7
11.50,1624.5,605.8,605.8
11.55,1655.4,619.0,619.0
11.60,1687.0,632.1,632.1
11.65,1719.3,645.2,645.2
11.70,1752.2,658.3,658.3
11.75,1785.8,671.5,671.5
11.80,1820.0,684.5,684.5
11.85,1854.9,697.7,697.7
11.90,1890.4,710.8,710.8
11.95,1926.6,723.9,723.9
12.00,1963.5,737.0,737.0
12.05,2001.0,750.2,750.2
12.10,2038.4,748.6,748.6
12.15,2075.8,746.9,746.9
12.20,2113.0,745.3,745.3
12.25,2150.2,743.7,743.7
12.30,2187.3,742.1,742.1
12.35,2224.3,740.5,740.5
12.40,2261.3,738.9,738.9
12.45,2298.1,737.3,737.3
12.50,2334.9,735.7,735.7
12.55,2371.6,734.1,734.1
12.60,2408.3,732.5,732.5
12.65,2444.8,730.9,730.9
12.70,2481.3,729.3,729.3
12.75,2517.7,727.7,727.7
12.80,2553.9,726.0,726.0
12.85,2590.2,724.4,724.4
12.90,2626.3,722.8,722.8
12.95,2662.4,721.2,721.2
13.00,2698.4,719.6,719.6
13.05,2734.3,718.0,718.0
13.10,2770.1,716.4,716.4
13.15,2805.8,714.8,714.8
13.20,2841.5,713.2,713.2
13.25,2877.0,711.6,711.6
13.30,2912.5,709.9,709.9
13.35,2948.0,708.3,708.3
13.40,2983.3,706.7,706.7
13.45,3018.6,705.1,705.1
13.50,3053.7,703.5,703.5
13.55,3088.8,701.9,701.9
13.60,3123.9,700.3,700.3
13.65,3158.8,698.7,698.7
13.70,3193.6,697.1,697.1
13.75,3228.4,695.5,695.5
13.80,3263.1,693.9,693.9
13.85,3297.7,692.3,692.3
13.90,3332.3,690.6,690.6
13.95,3366.7,689.0,689.0
14.00,3401.1,687.4,687.4
14.05,3435.4,685.8,685.8
14.10,3469.6,684.2,684.2
14.15,3503.7,682.6,682.6
14.20,3537.8,681.0,681.0
14.25,3571.7,679.4,679.4
14.30,3605.6,677.8,677.8
14.35,3639.4,676.2,676.2
14.40,3673.2,674.6,674.6
14.45,3706.8,673.0,673.0
14.50,3740.4,671.4,671.4
14.55,3773.9,669.8,669.8
14.60,3807.3,668.1,668.1
14.65,3840.6,666.5,666.5
14.70,3873.8,664.9,664.9
14.75,3907.0,663.3,663.3
14.80,3940.1,661.7,661.7
14.85,3973.1,660.1,660.1
14.90,4006.0,658.5,658.5
14.95,4038.8,656.9,656.9
15.00,4071.6,655.2,655.2
15.05,4104.3,653.6,653.6
15.10,4136.9,652.0,652.0
15.15,4169.4,650.4,650.4
15.20,4201.9,648.8,648.8
15.25,4234.2,647.2,647.2
15.30,4266.5,645.6,645.6
15.35,4298.7,644.0,644.0
15.40,4330.8,642.4,642.4
15.45,4362.9,640.8,640.8
15.50,4394.8,639.2,639.2
15.55,4426.7,637.6,637.6
15.60,4458.5,636.0,636.0
15.65,4490.2,634.4,634.4
15.70,4521.9,632.7,632.7
15.75,4553.4,631.1,631.1
15.80,4584.9,629.5,629.5
15.85,4616.3,627.9,627.9
15.90,4647.6,626.3,626.3
15.95,4678.8,624.7,624.7
16.00,4710.0,623.1,623.1
16.05,4741.0,621.5,621.5
16.10,4772.0,619.9,619.9
16.15,4803.0,618.3,618.3
16.20,4833.8,616.7,616.7
16.25,4864.5,615.1,615.1
16.30,4895.2,613.4,613.4
16.35,4925.8,611.8,611.8
16.40,4956.3,610.2,610.2
16.45,4986.7,608.6,608.6
16.50,5017.1,607.0,607.0
16.55,5047.4,605.4,605.4
16.60,5077.6,603.8,603.8
16.65,5107.7,602.2,602.2
16.70,5137.7,600.6,600.6
16.75,5167.7,599.0,599.0
16.80,5197.5,597.3,597.3
16.85,5227.3,595.7,595.7
16.90,5257.0,594.1,594.1
16.95,5286.6,592.5,592.5
17.00,5316.2,590.9,590.9
17.05,5345.6,589.3,589.3
17.10,5375.0,587.7,587.7
17.15,5404.3,586.1,586.1
17.20,5433.6,584.5,584.5
17.25,5462.7,582.9,582.9
17.30,5491.8,581.3,581.3
17.35,5520.7,579.7,579.7
17.40,5549.6,578.1,578.1
17.45,5578.5,576.4,576.4
17.50,5607.2,574.8,574.8
17.55,5635.9,573.2,573.2
17.60,5664.5,571.6,571.6
17.65,5692.9,570.0,570.0
17.70,5721.4,568.4,568.4
17.75,5749.7,566.8,566.8
17.80,5778.0,565.2,565.2
17.85,5806.1,563.5,563.5
17.90,5834.3,561.9,561.9
17.95,5862.3,560.3,560.3
18.00,5890.2,558.7,558.7
18.05,5918.0,557.1,557.1
18.10,5945.8,555.5,555.5
18.15,5973.5,553.9,553.9
18.20,6001.1,552.3,552.3
18.25,6028.7,550.7,550.7
18.30,6056.1,549.1,549.1
18.35,6083.5,547.5,547.5
18.40,6110.8,545.9,545.9
18.45,6138.0,544.3,544.3
18.50,6165.2,542.7,542.7
18.55,6192.2,541.0,541.0
18.60,6219.2,539.4,539.4
18.65,6246.1,537.8,537.8
18.70,6272.9,536.2,536.2
18.75,6299.6,534.6,534.6
18.80,6326.2,533.0,533.0
18.85,6352.8,531.4,531.4
18.90,6379.3,529.8,529.8
18.95,6405.7,528.2,528.2
19.00,6432.1,526.6,526.6
19.05,6458.3,525.0,525.0
19.10,6484.4,523.4,523.4
19.15,6510.6,521.8,521.8
19.20,6536.5,520.1,520.1
19.25,6562.5,518.5,518.5
19.30,6588.3,516.9,516.9
19.35,6614.1,515.3,515.3
19.40,6639.8,513.7,513.7
19.45,6665.4,512.1,512.1
19.50,6690.9,510.5,510.5
19.55,6716.3,508.9,508.9
19.60,6741.7,507.3,507.3
19.65,6767.0,505.6,505.6
19.70,6792.2,504.0,504.0
19.75,6817.3,502.4,502.4
19.80,6842.4,500.8,500.8
19.85,6867.3,499.2,499.2
19.90,6892.2,497.6,497.6
19.95,6917.0,496.0,496.0
20.00,6941.7,494.4,494.4
20.05,6966.4,492.8,492.8
20.10,6990.9,491.2,491.2
20.15,7015.4,489.6,489.6
20.20,7039.8,488.0,488.0
20.25,7064.1,486.4,486.4
20.30,7088.4,484.7,484.7
20.35,7112.5,483.1,483.1
20.40,7136.6,481.5,481.5
20.45,7160.6,479.9,479.9
20.50,7184.5,478.3,478.3
20.55,7208.3,476.7,476.7
20.60,7232.1,475.1,475.1
20.65,7255.7,473.5,473.5
20.70,7279.4,471.9,471.9
20.75,7302.9,470.3,470.3
20.80,7326.3,468.6,468.6
20.85,7349.6,467.0,467.0
20.90,7372.9,465.4,465.4
20.95,7396.1,463.8,463.8
21.00,7419.2,462.2,462.2
21.05,7442.3,460.6,460.6
21.10,7465.2,459.0,459.0
21.15,7488.1,457.4,457.4
21.20,7510.9,455.8,455.8
21.25,7533.6,454.2,454.2
21.30,7556.2,452.6,452.6
21.35,7578.7,451.0,451.0
21.40,7601.2,449.3,449.3
21.45,7623.6,447.7,447.7
21.50,7645.9,446.1,446.1
21.55,7668.1,444.5,444.5
21.60,7690.3,442.9,442.9
21.65,7712.3,441.3,441.3
21.70,7734.3,439.7,439.7
21.75,7756.2,438.1,438.1
21.80,7778.1,436.5,436.5
21.85,7799.8,434.9,434.9
21.90,7821.5,433.3,433.3
21.95,7843.0,431.7,431.7
22.00,7864.5,430.1,430.1
22.05,7886.0,428.4,428.4
22.10,7907.3,426.8,426.8
22.15,7928.6,425.2,425.2
22.20,7949.7,423.6,423.6
22.25,7970.9,422.0,422.0
22.30,7991.9,420.4,420.4
22.35,8012.8,418.8,418.8
22.40,8033.7,417.2,417.2
22.45,8054.5,415.6,415.6
22.50,8075.1,413.9,413.9
22.55,8095.8,412.3,412.3
22.60,8116.3,410.7,410.7
22.65,8136.7,409.1,409.1
22.70,8157.1,407.5,407.5
22.75,8177.4,405.9,405.9
22.80,8197.6,404.3,404.3
22.85,8217.8,402.7,402.7
22.90,8237.8,401.1,401.1
22.95,8257.8,399.5,399.5
23.00,8277.7,397.9,397.9
23.05,8297.5,396.3,396.3
23.10,8317.3,394.7,394.7
23.15,8336.9,393.0,393.0
23.20,8356.5,391.4,391.4
23.25,8376.0,389.8,389.8
23.30,8395.4,388.2,388.2
23.35,8414.7,386.6,386.6
23.40,8434.0,385.0,385.0
23.45,8453.1,383.4,383.4
23.50,8472.2,381.8,381.8
23.55,8491.2,380.2,380.2
23.60,8510.1,378.6,378.6
23.65,8529.0,377.0,377.0
23.70,8547.8,375.4,375.4
23.75,8566.4,373.8,373.8
23.80,8585.0,372.1,372.1
23.85,8603.6,370.5,370.5
23.90,8622.0,368.9,368.9
23.95,8640.4,367.3,367.3
24.00,8658.7,365.7,365.7
24.05,8676.9,364.1,364.1
24.10,8695.0,362.5,362.5
24.15,8713.1,360.9,360.9
24.20,8731.0,359.3,359.3
24.25,8748.9,357.6,357.6
24.30,8766.7,356.0,356.0
24.35,8784.4,354.4,354.4
24.40,8802.1,352.8,352.8
24.45,8819.6,351.2,351.2
24.50,8837.1,349.6,349.6
24.55,8854.5,348.0,348.0
24.60,8871.8,346.4,346.4
24.65,8889.0,344.8,344.8
24.70,8906.2,343.2,343.2
24.75,8923.3,341.6,341.6
24.80,8940.3,340.0,340.0
24.85,8957.2,338.4,338.4
24.90,8974.0,336.7,336.7
24.95,8990.8,335.1,335.1
25.00,9007.5,333.5,333.5
25.05,9024.1,331.9,331.9
25.10,9040.6,330.3,330.3
25.15,9057.0,328.7,328.7
25.20,9073.4,327.1,327.1
25.25,9089.7,325.5,325.5
25.30,9105.8,323.9,323.9
25.35,9121.9,322.2,322.2
25.40,9138.0,320.6,320.6
25.45,9153.9,319.0,319.0
25.50,9169.8,317.4,317.4
25.55,9185.6,315.8,315.8
25.60,9201.3,314.2,314.2
25.65,9217.0,312.6,312.6
25.70,9232.5,311.0,311.0
25.75,9248.0,309.4,309.4
25.80,9263.4,307.8,307.8
25.85,9278.7,306.2,306.2
25.90,9293.9,304.6,304.6
25.95,9309.1,303.0,303.0
26.00,9324.1,301.3,301.3
26.05,9339.1,299.7,299.7
26.10,9354.0,298.1,298.1
26.15,9368.8,296.5,296.5
26.20,9383.6,294.9,294.9
26.25,9398.2,293.3,293.3
26.30,9412.8,291.7,291.7
26.35,9427.3,290.1,290.1
26.40,9441.8,288.5,288.5
26.45,9456.1,286.9,286.9
26.50,9470.3,285.3,285.3
26.55,9484.5,283.7,283.7
26.60,9498.7,282.1,282.1
26.65,9512.7,280.4,280.4
26.70,9526.6,278.8,278.8
26.75,9540.5,277.2,277.2
26.80,9554.2,275.6,275.6
26.85,9567.9,274.0,274.0
26.90,9581.6,272.4,272.4
26.95,9595.1,270.8,270.8
27.00,9608.6,269.2,269.2
27.05,9621.9,267.6,267.6
27.10,9635.2,265.9,265.9
27.15,9648.5,264.3,264.3
27.20,9661.6,262.7,262.7
27.25,9674.6,261.1,261.1
27.30,9687.6,259.5,259.5
27.35,9700.5,257.9,257.9
27.40,9713.3,256.3,256.3
27.45,9726.1,254.7,254.7
27.50,9738.7,253.1,253.1
27.55,9751.3,251.5,251.5
27.60,9763.8,249.9,249.9
27.65,9776.2,248.3,248.3
27.70,9788.5,246.7,246.7
27.75,9800.8,245.0,245.0
27.80,9813.0,243.4,243.4
27.85,9825.1,241.8,241.8
27.90,9837.1,240.2,240.2
27.95,9849.0,238.6,238.6
28.00,9860.9,237.0,237.0
28.05,9872.6,235.4,235.4
28.10,9884.3,233.8,233.8
28.15,9895.9,232.2,232.2
28.20,9907.4,230.6,230.6
28.25,9918.9,229.0,229.0
28.30,9930.2,227.4,227.4
28.35,9941.5,225.7,225.7
28.40,9952.8,224.1,224.1
28.45,9963.9,222.5,222.5
28.50,9974.9,220.9,220.9
28.55,9985.9,219.3,219.3
28.60,9996.8,217.7,217.7
28.65,10007.6,216.1,216.1
28.70,10018.3,214.5,214.5
28.75,10028.9,212.9,212.9
28.80,10039.5,211.3,211.3
28.85,10050.0,209.6,209.6
28.90,10060.4,208.0,208.0
28.95,10070.7,206.4,206.4
29.00,10080.9,204.8,204.8
29.05,10091.1,203.2,203.2
29.10,10101.2,201.6,201.6
29.15,10111.2,200.0,200.0
29.20,10121.1,198.4,198.4
29.25,10130.9,196.8,196.8
29.30,10140.7,195.2,195.2
29.35,10150.4,193.6,193.6
29.40,10160.0,192.0,192.0
29.45,10169.5,190.4,190.4
29.50,10178.9,188.7,188.7
29.55,10188.3,187.1,187.1
29.60,10197.6,185.5,185.5
29.65,10206.8,183.9,183.9
29.70,10215.9,182.3,182.3
29.75,10224.9,180.7,180.7
29.80,10233.9,179.1,179.1
29.85,10242.7,177.5,177.5
29.90,10251.5,175.9,175.9
29.95,10260.2,174.2,174.2
30.00,10268.9,172.6,172.6
30.05,10277.4,171.0,171.0
30.10,10285.9,169.4,169.4
30.15,10294.3,167.8,167.8
30.20,10302.6,166.2,166.2
30.25,10310.8,164.6,164.6
30.30,10319.0,163.0,163.0
30.35,10327.1,161.4,161.4
30.40,10335.0,159.8,159.8
30.45,10342.9,158.2,158.2
30.50,10350.8,156.6,156.6
30.55,10358.5,155.0,155.0
30.60,10366.2,153.3,153.3
30.65,10373.8,151.7,151.7
30.70,10381.3,150.1,150.1
30.75,10388.7,148.5,148.5
30.80,10396.1,146.9,146.9
30.85,10403.3,145.3,145.3
30.90,10410.5,143.7,143.7
30.95,10417.6,142.1,142.1
31.00,10424.6,140.5,140.5
31.05,10431.6,138.9,138.9
31.10,10438.5,137.3,137.3
31.15,10445.2,135.7,135.7
31.20,10451.9,134.1,134.1
31.25,10458.6,132.4,132.4
31.30,10465.1,130.8,130.8
31.35,10471.6,129.2,129.2
31.40,10478.0,127.6,127.6
31.45,10484.3,126.0,126.0
31.50,10490.5,124.4,124.4
31.55,10496.6,122.8,122.8
31.60,10502.7,121.2,121.2
31.65,10508.6,119.6,119.6
31.70,10514.5,117.9,117.9
31.75,10520.3,116.3,116.3
31.80,10526.1,114.7,114.7
31.85,10531.7,113.1,113.1
31.90,10537.3,111.5,111.5
31.95,10542.8,109.9,109.9
32.00,10548.2,108.3,108.3
32.05,10553.6,106.7,106.7
32.10,10558.8,105.1,105.1
32.15,10564.0,103.5,103.5
32.20,10569.1,101.9,101.9
32.25,10574.1,100.3,100.3
32.30,10579.0,98.7,98.7
32.35,10583.9,97.0,97.0
32.40,10588.6,95.4,95.4
32.45,10593.3,93.8,93.8
32.50,10598.0,92.2,92.2
32.55,10602.5,90.6,90.6
32.60,10606.9,89.0,89.0
32.65,10611.3,87.4,87.4
32.70,10615.6,85.8,85.8
32.75,10619.8,84.2,84.2
32.80,10623.9,82.6,82.6
32.85,10628.0,80.9,80.9
32.90,10632.0,79.3,79.3
32.95,10635.8,77.7,77.7
33.00,10639.6,76.1,76.1
33.05,10643.4,74.5,74.5
33.10,10647.0,72.9,72.9
33.15,10650.6,71.3,71.3
33.20,10654.1,69.7,69.7
33.25,10657.4,68.1,68.1
33.30,10660.8,66.5,66.5
33.35,10664.0,64.9,64.9
33.40,10667.2,63.3,63.3
33.45,10670.3,61.6,61.6
33.50,10673.3,60.0,60.0
33.55,10676.2,58.4,58.4
33.60,10679.0,56.8,56.8
33.65,10681.8,55.2,55.2
33.70,10684.5,53.6,53.6
33.75,10687.1,52.0,52.0
33.80,10689.6,50.4,50.4
33.85,10692.0,48.8,48.8
33.90,10694.4,47.2,47.2
33.95,10696.7,45.6,45.6
34.00,10698.9,44.0,44.0
34.05,10701.0,42.4,42.4
34.10,10703.0,40.7,40.7
34.15,10705.0,39.1,39.1
34.20,10706.9,37.5,37.5
34.25,10708.7,35.9,35.9
34.30,10710.4,34.3,34.3
34.35,10712.0,32.7,32.7
34.40,10713.5,31.1,31.1
34.45,10715.0,29.5,29.5
34.50,10716.4,27.9,27.9
34.55,10717.7,26.2,26.2
34.60,10719.0,24.6,24.6
34.65,10720.1,23.0,23.0
34.70,10721.2,21.4,21.4
34.75,10722.2,19.8,19.8
34.80,10723.1,18.2,18.2
34.85,10723.9,16.6,16.6
34.90,10724.7,15.0,15.0
34.95,10725.4,13.4,13.4
35.00,10726.0,11.8,11.8
35.05,10726.4,10.2,10.2
35.10,10726.9,8.6,8.6
35.15,10727.2,7.0,7.0
35.20,10727.5,5.3,5.3
35.25,10727.7,3.7,3.7
35.30,10727.8,2.1,2.1
35.35,10727.8,0.5,0.5
35.45,10724.5,-65.6,-65.6
35.50,10721.2,-65.6,-65.6
35.55,10717.9,-65.6,-65.6
35.60,10714.6,-65.6,-65.6
35.65,10711.4,-65.6,-65.6
35.70,10708.1,-65.6,-65.6
35.75,10704.8,-65.6,-65.6
35.80,10701.5,-65.6,-65.6
35.85,10698.2,-65.6,-65.6
35.90,10694.9,-65.6,-65.6
35.95,10691.7,-65.6,-65.6
36.00,10688.4,-65.6,-65.6
36.05,10685.1,-65.6,-65.6
36.10,10681.8,-65.6,-65.6
36.15,10678.5,-65.6,-65.6
36.20,10675.3,-65.6,-65.6
36.25,10672.0,-65.6,-65.6
36.30,10668.7,-65.6,-65.6
36.35,10665.4,-65.6,-65.6
36.40,10662.1,-65.6,-65.6
36.45,10658.9,-65.6,-65.6
36.50,10655.6,-65.6,-65.6
36.55,10652.3,-65.6,-65.6
36.60,10649.0,-65.6,-65.6
36.65,10645.7,-65.6,-65.6
36.70,10642.5,-65.6,-65.6
36.75,10639.2,-65.6,-65.6
36.80,10635.9,-65.6,-65.6
36.85,10632.6,-65.6,-65.6
36.90,10629.3,-65.6,-65.6
36.95,10626.0,-65.6,-65.6
37.00,10622.8,-65.6,-65.6
37.05,10619.5,-65.6,-65.6
37.10,10616.2,-65.6,-65.6
37.15,10612.9,-65.6,-65.6
37.20,10609.6,-65.6,-65.6
37.25,10606.4,-65.6,-65.6
37.30,10603.1,-65.6,-65.6
37.35,10599.8,-65.6,-65.6
37.40,10596.5,-65.6,-65.6
37.45,10593.2,-65.6,-65.6
37.50,10590.0,-65.6,-65.6
37.55,10586.7,-65.6,-65.6
37.60,10583.4,-65.6,-65.6
37.65,10580.1,-65.6,-65.6
37.70,10576.8,-65.6,-65.6
37.75,10573.6,-65.6,-65.6
37.80,10570.3,-65.6,-65.6
37.85,10567.0,-65.6,-65.6
37.90,10563.7,-65.6,-65.6
37.95,10560.4,-65.6,-65.6
38.00,10557.2,-65.6,-65.6
38.05,10553.9,-65.6,-65.6
38.10,10550.6,-65.6,-65.6
38.15,10547.3,-65.6,-65.6
38.20,10544.0,-65.6,-65.6
38.25,10540.7,-65.6,-65.6
38.30,10537.5,-65.6,-65.6
38.35,10534.2,-65.6,-65.6
38.40,10530.9,-65.6,-65.6
38.45,10527.6,-65.6,-65.6
38.50,10524.3,-65.6,-65.6
38.55,10521.1,-65.6,-65.6
38.60,10517.8,-65.6,-65.6
38.65,10514.5,-65.6,-65.6
38.70,10511.2,-65.6,-65.6
38.75,10507.9,-65.6,-65.6
38.80,10504.7,-65.6,-65.6
38.85,10501.4,-65.6,-65.6
38.90,10498.1,-65.6,-65.6
38.95,10494.8,-65.6,-65.6
39.00,10491.5,-65.6,-65.6
39.05,10488.3,-65.6,-65.6
39.10,10485.0,-65.6,-65.6
39.15,10481.7,-65.6,-65.6
39.20,10478.4,-65.6,-65.6
39.25,10475.1,-65.6,-65.6
39.30,10471.9,-65.6,-65.6
39.35,10468.6,-65.6,-65.6
39.40,10465.3,-65.6,-65.6
39.45,10462.0,-65.6,-65.6
39.50,10458.7,-65.6,-65.6
39.55,10455.4,-65.6,-65.6
39.60,10452.2,-65.6,-65.6
39.65,10448.9,-65.6,-65.6
39.70,10445.6,-65.6,-65.6
39.75,10442.3,-65.6,-65.6
39.80,10439.0,-65.6,-65.6
39.85,10435.8,-65.6,-65.6
39.90,10432.5,-65.6,-65.6
39.95,10429.2,-65.6,-65.6
40.00,10425.9,-65.6,-65.6
40.05,10422.6,-65.6,-65.6
40.10,10419.4,-65.6,-65.6
40.15,10416.1,-65.6,-65.6
40.20,10412.8,-65.6,-65.6
40.25,10409.5,-65.6,-65.6
40.30,10406.2,-65.6,-65.6
40.35,10403.0,-65.6,-65.6
40.40,10399.7,-65.6,-65.6
40.45,10396.4,-65.6,-65.6
40.50,10393.1,-65.6,-65.6
40.55,10389.8,-65.6,-65.6
40.60,10386.5,-65.6,-65.6
40.65,10383.3,-65.6,-65.6
40.70,10380.0,-65.6,-65.6
40.75,10376.7,-65.6,-65.6
40.80,10373.4,-65.6,-65.6
40.85,10370.1,-65.6,-65.6
40.90,10366.9,-65.6,-65.6
40.95,10363.6,-65.6,-65.6
41.00,10360.3,-65.6,-65.6
41.05,10357.0,-65.6,-65.6
41.10,10353.7,-65.6,-65.6
41.15,10350.5,-65.6,-65.6
41.20,10347.2,-65.6,-65.6
41.25,10343.9,-65.6,-65.6
41.30,10340.6,-65.6,-65.6
41.35,10337.3,-65.6,-65.6
41.40,10334.1,-65.6,-65.6
41.45,10330.8,-65.6,-65.6
41.50,10327.5,-65.6,-65.6
41.55,10324.2,-65.6,-65.6
41.60,10320.9,-65.6,-65.6
41.65,10317.7,-65.6,-65.6
41.70,10314.4,-65.6,-65.6
41.75,10311.1,-65.6,-65.6
41.80,10307.8,-65.6,-65.6
41.85,10304.5,-65.6,-65.6
41.90,10301.2,-65.6,-65.6
41.95,10298.0,-65.6,-65.6
42.00,10294.7,-65.6,-65.6
42.05,10291.4,-65.6,-65.6
42.10,10288.1,-65.6,-65.6
42.15,10284.8,-65.6,-65.6
42.20,10281.6,-65.6,-65.6
42.25,10278.3,-65.6,-65.6
42.30,10275.0,-65.6,-65.6
42.35,10271.7,-65.6,-65.6
42.40,10268.4,-65.6,-65.6
42.45,10265.2,-65.6,-65.6
42.50,10261.9,-65.6,-65.6
42.55,10258.6,-65.6,-65.6
42.60,10255.3,-65.6,-65.6
42.65,10252.0,-65.6,-65.6
42.70,10248.8,-65.6,-65.6
42.75,10245.5,-65.6,-65.6
42.80,10242.2,-65.6,-65.6
42.85,10238.9,-65.6,-65.6
42.90,10235.6,-65.6,-65.6
42.95,10232.3,-65.6,-65.6
43.00,10229.1,-65.6,-65.6
43.05,10225.8,-65.6,-65.6
43.10,10222.5,-65.6,-65.6
43.15,10219.2,-65.6,-65.6
43.20,10215.9,-65.6,-65.6
43.25,10212.7,-65.6,-65.6
43.30,10209.4,-65.6,-65.6
43.35,10206.1,-65.6,-65.6
43.40,10202.8,-65.6,-65.6
43.45,10199.5,-65.6,-65.6
43.50,10196.3,-65.6,-65.6
43.55,10193.0,-65.6,-65.6
43.60,10189.7,-65.6,-65.6
43.65,10186.4,-65.6,-65.6
43.70,10183.1,-65.6,-65.6
43.75,10179.9,-65.6,-65.6
43.80,10176.6,-65.6,-65.6
43.85,10173.3,-65.6,-65.6
43.90,10170.0,-65.6,-65.6
43.95,10166.7,-65.6,-65.6
44.00,10163.5,-65.6,-65.6
44.05,10160.2,-65.6,-65.6
44.10,10156.9,-65.6,-65.6
44.15,10153.6,-65.6,-65.6
44.20,10150.3,-65.6,-65.6
44.25,10147.0,-65.6,-65.6
44.30,10143.8,-65.6,-65.6
44.35,10140.5,-65.6,-65.6
44.40,10137.2,-65.6,-65.6
44.45,10133.9,-65.6,-65.6
44.50,10130.6,-65.6,-65.6
44.55,10127.4,-65.6,-65.6
44.60,10124.1,-65.6,-65.6
44.65,10120.8,-65.6,-65.6
44.70,10117.5,-65.6,-65.6
44.75,10114.2,-65.6,-65.6
44.80,10111.0,-65.6,-65.6
44.85,10107.7,-65.6,-65.6
44.90,10104.4,-65.6,-65.6
44.95,10101.1,-65.6,-65.6
45.00,10097.8,-65.6,-65.6
45.05,10094.6,-65.6,-65.6
45.10,10091.3,-65.6,-65.6
45.15,10088.0,-65.6,-65.6
45.20,10084.7,-65.6,-65.6
45.25,10081.4,-65.6,-65.6
45.30,10078.1,-65.6,-65.6
45.35,10074.9,-65.6,-65.6
45.40,10071.6,-65.6,-65.6
45.45,10068.3,-65.6,-65.6
45.50,10065.0,-65.6,-65.6
45.55,10061.7,-65.6,-65.6
45.60,10058.5,-65.6,-65.6
45.65,10055.2,-65.6,-65.6
45.70,10051.9,-65.6,-65.6
45.75,10048.6,-65.6,-65.6
45.80,10045.3,-65.6,-65.6
45.85,10042.1,-65.6,-65.6
45.90,10038.8,-65.6,-65.6
45.95,10035.5,-65.6,-65.6
46.00,10032.2,-65.6,-65.6
46.05,10028.9,-65.6,-65.6
46.10,10025.7,-65.6,-65.6
46.15,10022.4,-65.6,-65.6
46.20,10019.1,-65.6,-65.6
46.25,10015.8,-65.6,-65.6
46.30,10012.5,-65.6,-65.6
46.35,10009.3,-65.6,-65.6
46.40,10006.0,-65.6,-65.6
46.45,10002.7,-65.6,-65.6
46.50,9999.4,-65.6,-65.6
46.55,9996.1,-65.6,-65.6
46.60,9992.8,-65.6,-65.6
46.65,9989.6,-65.6,-65.6
46.70,9986.3,-65.6,-65.6
46.75,9983.0,-65.6,-65.6
46.80,9979.7,-65.6,-65.6
46.85,9976.4,-65.6,-65.6
46.90,9973.2,-65.6,-65.6
46.95,9969.9,-65.6,-65.6
47.00,9966.6,-65.6,-65.6
47.05,9963.3,-65.6,-65.6
47.10,9960.0,-65.6,-65.6
47.15,9956.8,-65.6,-65.6
47.20,9953.5,-65.6,-65.6
47.25,9950.2,-65.6,-65.6
47.30,9946.9,-65.6,-65.6
47.35,9943.6,-65.6,-65.6
47.40,9940.4,-65.6,-65.6
47.45,9937.1,-65.6,-65.6
47.50,9933.8,-65.6,-65.6
47.55,9930.5,-65.6,-65.6
47.60,9927.2,-65.6,-65.6
47.65,9924.0,-65.6,-65.6
47.70,9920.7,-65.6,-65.6
47.75,9917.4,-65.6,-65.6
47.80,9914.1,-65.6,-65.6
47.85,9910.8,-65.6,-65.6
47.90,9907.5,-65.6,-65.6
47.95,9904.3,-65.6,-65.6
48.00,9901.0,-65.6,-65.6
48.05,9897.7,-65.6,-65.6
48.10,9894.4,-65.6,-65.6
48.15,9891.1,-65.6,-65.6
48.20,9887.9,-65.6,-65.6
48.25,9884.6,-65.6,-65.6
48.30,9881.3,-65.6,-65.6
48.35,9878.0,-65.6,-65.6
48.40,9874.7,-65.6,-65.6
48.45,9871.5,-65.6,-65.6
48.50,9868.2,-65.6,-65.6
48.55,9864.9,-65.6,-65.6
48.60,9861.6,-65.6,-65.6
48.65,9858.3,-65.6,-65.6
48.70,9855.1,-65.6,-65.6
48.75,9851.8,-65.6,-65.6
48.80,9848.5,-65.6,-65.6
48.85,9845.2,-65.6,-65.6
48.90,9841.9,-65.6,-65.6
48.95,9838.6,-65.6,-65.6
49.00,9835.4,-65.6,-65.6
49.05,9832.1,-65.6,-65.6
49.10,9828.8,-65.6,-65.6
49.15,9825.5,-65.6,-65.6
49.20,9822.2,-65.6,-65.6
49.25,9819.0,-65.6,-65.6
49.30,9815.7,-65.6,-65.6
49.35,9812.4,-65.6,-65.6
49.40,9809.1,-65.6,-65.6
49.45,9805.8,-65.6,-65.6
49.50,9802.6,-65.6,-65.6
49.55,9799.3,-65.6,-65.6
49.60,9796.0,-65.6,-65.6
49.65,9792.7,-65.6,-65.6
49.70,9789.4,-65.6,-65.6
49.75,9786.2,-65.6,-65.6
49.80,9782.9,-65.6,-65.6
49.85,9779.6,-65.6,-65.6
49.90,9776.3,-65.6,-65.6
49.95,9773.0,-65.6,-65.6
50.00,9769.8,-65.6,-65.6
50.05,9766.5,-65.6,-65.6
50.10,9763.2,-65.6,-65.6
50.15,9759.9,-65.6,-65.6
50.20,9756.6,-65.6,-65.6
50.25,9753.3,-65.6,-65.6
50.30,9750.1,-65.6,-65.6
50.35,9746.8,-65.6,-65.6
50.40,9743.5,-65.6,-65.6
50.45,9740.2,-65.6,-65.6
50.50,9736.9,-65.6,-65.6
50.55,9733.7,-65.6,-65.6
50.60,9730.4,-65.6,-65.6
50.65,9727.1,-65.6,-65.6
50.70,9723.8,-65.6,-65.6
50.75,9720.5,-65.6,-65.6
50.80,9717.3,-65.6,-65.6
50.85,9714.0,-65.6,-65.6
50.90,9710.7,-65.6,-65.6
50.95,9707.4,-65.6,-65.6
51.00,9704.1,-65.6,-65.6
51.05,9700.9,-65.6,-65.6
51.10,9697.6,-65.6,-65.6
51.15,9694.3,-65.6,-65.6
51.20,9691.0,-65.6,-65.6
51.25,9687.7,-65.6,-65.6
51.30,9684.4,-65.6,-65.6
51.35,9681.2,-65.6,-65.6
51.40,9677.9,-65.6,-65.6
51.45,9674.6,-65.6,-65.6
51.50,9671.3,-65.6,-65.6
51.55,9668.0,-65.6,-65.6
51.60,9664.8,-65.6,-65.6
51.65,9661.5,-65.6,-65.6
51.70,9658.2,-65.6,-65.6
51.75,9654.9,-65.6,-65.6
51.80,9651.6,-65.6,-65.6
51.85,9648.4,-65.6,-65.6
51.90,9645.1,-65.6,-65.6
51.95,9641.8,-65.6,-65.6
52.00,9638.5,-65.6,-65.6
52.05,9635.2,-65.6,-65.6
52.10,9632.0,-65.6,-65.6
52.15,9628.7,-65.6,-65.6
52.20,9625.4,-65.6,-65.6
52.25,9622.1,-65.6,-65.6
52.30,9618.8,-65.6,-65.6
52.35,9615.6,-65.6,-65.6
52.40,9612.3,-65.6,-65.6
52.45,9609.0,-65.6,-65.6
52.50,9605.7,-65.6,-65.6
52.55,9602.4,-65.6,-65.6
52.60,9599.1,-65.6,-65.6
52.65,9595.9,-65.6,-65.6
52.70,9592.6,-65.6,-65.6
52.75,9589.3,-65.6,-65.6
52.80,9586.0,-65.6,-65.6
52.85,9582.7,-65.6,-65.6
52.90,9579.5,-65.6,-65.6
52.95,9576.2,-65.6,-65.6
53.00,9572.9,-65.6,-65.6
53.05,9569.6,-65.6,-65.6
53.10,9566.3,-65.6,-65.6
53.15,9563.1,-65.6,-65.6
53.20,9559.8,-65.6,-65.6
53.25,9556.5,-65.6,-65.6
53.30,9553.2,-65.6,-65.6
53.35,9549.9,-65.6,-65.6
53.40,9546.7,-65.6,-65.6
53.45,9543.4,-65.6,-65.6
53.50,9540.1,-65.6,-65.6
53.55,9536.8,-65.6,-65.6
53.60,9533.5,-65.6,-65.6
53.65,9530.2,-65.6,-65.6
53.70,9527.0,-65.6,-65.6
53.75,9523.7,-65.6,-65.6
53.80,9520.4,-65.6,-65.6
53.85,9517.1,-65.6,-65.6
53.90,9513.8,-65.6,-65.6
53.95,9510.6,-65.6,-65.6
54.00,9507.3,-65.6,-65.6
54.05,9504.0,-65.6,-65.6
54.10,9500.7,-65.6,-65.6
54.15,9497.4,-65.6,-65.6
54.20,9494.2,-65.6,-65.6
54.25,9490.9,-65.6,-65.6
54.30,9487.6,-65.6,-65.6
54.35,9484.3,-65.6,-65.6
54.40,9481.0,-65.6,-65.6
54.45,9477.8,-65.6,-65.6
54.50,9474.5,-65.6,-65.6
54.55,9471.2,-65.6,-65.6
54.60,9467.9,-65.6,-65.6
54.65,9464.6,-65.6,-65.6
54.70,9461.4,-65.6,-65.6
54.75,9458.1,-65.6,-65.6
54.80,9454.8,-65.6,-65.6
54.85,9451.5,-65.6,-65.6
54.90,9448.2,-65.6,-65.6
54.95,9444.9,-65.6,-65.6
55.00,9441.7,-65.6,-65.6
55.05,9438.4,-65.6,-65.6
55.10,9435.1,-65.6,-65.6
55.15,9431.8,-65.6,-65.6
55.20,9428.5,-65.6,-65.6
55.25,9425.3,-65.6,-65.6
55.30,9422.0,-65.6,-65.6
55.35,9418.7,-65.6,-65.6
55.40,9415.4,-65.6,-65.6
55.45,9412.1,-65.6,-65.6
55.50,9408.9,-65.6,-65.6
55.55,9405.6,-65.6,-65.6
55.60,9402.3,-65.6,-65.6
55.65,9399.0,-65.6,-65.6
55.70,9395.7,-65.6,-65.6
55.75,9392.5,-65.6,-65.6
55.80,9389.2,-65.6,-65.6
55.85,9385.9,-65.6,-65.6
55.90,9382.6,-65.6,-65.6
55.95,9379.3,-65.6,-65.6
56.00,9376.0,-65.6,-65.6
56.05,9372.8,-65.6,-65.6
56.10,9369.5,-65.6,-65.6
56.15,9366.2,-65.6,-65.6
56.20,9362.9,-65.6,-65.6
56.25,9359.6,-65.6,-65.6
56.30,9356.4,-65.6,-65.6
56.35,9353.1,-65.6,-65.6
56.40,9349.8,-65.6,-65.6
56.45,9346.5,-65.6,-65.6
56.50,9343.2,-65.6,-65.6
56.55,9340.0,-65.6,-65.6
56.60,9336.7,-65.6,-65.6
56.65,9333.4,-65.6,-65.6
56.70,9330.1,-65.6,-65.6
56.75,9326.8,-65.6,-65.6
56.80,9323.6,-65.6,-65.6
56.85,9320.3,-65.6,-65.6
56.90,9317.0,-65.6,-65.6
56.95,9313.7,-65.6,-65.6
57.00,9310.4,-65.6,-65.6
57.05,9307.2,-65.6,-65.6
57.10,9303.9,-65.6,-65.6
57.15,9300.6,-65.6,-65.6
57.20,9297.3,-65.6,-65.6
57.25,9294.0,-65.6,-65.6
57.30,9290.7,-65.6,-65.6
57.35,9287.5,-65.6,-65.6
57.40,9284.2,-65.6,-65.6
57.45,9280.9,-65.6,-65.6
57.50,9277.6,-65.6,-65.6
57.55,9274.3,-65.6,-65.6
57.60,9271.1,-65.6,-65.6
57.65,9267.8,-65.6,-65.6
57.70,9264.5,-65.6,-65.6
57.75,9261.2,-65.6,-65.6
57.80,9257.9,-65.6,-65.6
57.85,9254.7,-65.6,-65.6
57.90,9251.4,-65.6,-65.6
57.95,9248.1,-65.6,-65.6
58.00,9244.8,-65.6,-65.6
58.05,9241.5,-65.6,-65.6
58.10,9238.3,-65.6,-65.6
58.15,9235.0,-65.6,-65.6
58.20,9231.7,-65.6,-65.6
58.25,9228.4,-65.6,-65.6
58.30,9225.1,-65.6,-65.6
58.35,9221.9,-65.6,-65.6
58.40,9218.6,-65.6,-65.6
58.45,9215.3,-65.6,-65.6
58.50,9212.0,-65.6,-65.6
58.55,9208.7,-65.6,-65.6
58.60,9205.4,-65.6,-65.6
58.65,9202.2,-65.6,-65.6
58.70,9198.9,-65.6,-65.6
58.75,9195.6,-65.6,-65.6
58.80,9192.3,-65.6,-65.6
58.85,9189.0,-65.6,-65.6
58.90,9185.8,-65.6,-65.6
58.95,9182.5,-65.6,-65.6
59.00,9179.2,-65.6,-65.6
59.05,9175.9,-65.6,-65.6
59.10,9172.6,-65.6,-65.6
59.15,9169.4,-65.6,-65.6
59.20,9166.1,-65.6,-65.6
59.25,9162.8,-65.6,-65.6
59.30,9159.5,-65.6,-65.6
59.35,9156.2,-65.6,-65.6
59.40,9153.0,-65.6,-65.6
59.45,9149.7,-65.6,-65.6
59.50,9146.4,-65.6,-65.6
59.55,9143.1,-65.6,-65.6
59.60,9139.8,-65.6,-65.6
59.65,9136.5,-65.6,-65.6
59.70,9133.3,-65.6,-65.6
59.75,9130.0,-65.6,-65.6
59.80,9126.7,-65.6,-65.6
59.85,9123.4,-65.6,-65.6
59.90,9120.1,-65.6,-65.6
59.95,9116.9,-65.6,-65.6
60.00,9113.6,-65.6,-65.6
60.05,9110.3,-65.6,-65.6
60.10,9107.0,-65.6,-65.6
60.15,9103.7,-65.6,-65.6
60.20,9100.5,-65.6,-65.6
60.25,9097.2,-65.6,-65.6
60.30,9093.9,-65.6,-65.6
60.35,9090.6,-65.6,-65.6
60.40,9087.3,-65.6,-65.6
60.45,9084.1,-65.6,-65.6
60.50,9080.8,-65.6,-65.6
60.55,9077.5,-65.6,-65.6
60.60,9074.2,-65.6,-65.6
60.65,9070.9,-65.6,-65.6
60.70,9067.7,-65.6,-65.6
60.75,9064.4,-65.6,-65.6
60.80,9061.1,-65.6,-65.6
60.85,9057.8,-65.6,-65.6
60.90,9054.5,-65.6,-65.6
60.95,9051.2,-65.6,-65.6
61.00,9048.0,-65.6,-65.6
61.05,9044.7,-65.6,-65.6
61.10,9041.4,-65.6,-65.6
61.15,9038.1,-65.6,-65.6
61.20,9034.8,-65.6,-65.6
61.25,9031.6,-65.6,-65.6
61.30,9028.3,-65.6,-65.6
61.35,9025.0,-65.6,-65.6
61.40,9021.7,-65.6,-65.6
61.45,9018.4,-65.6,-65.6
61.50,9015.2,-65.6,-65.6
61.55,9011.9,-65.6,-65.6
61.60,9008.6,-65.6,-65.6
61.65,9005.3,-65.6,-65.6
61.70,9002.0,-65.6,-65.6
61.75,8998.8,-65.6,-65.6
61.80,8995.5,-65.6,-65.6
61.85,8992.2,-65.6,-65.6
61.90,8988.9,-65.6,-65.6
61.95,8985.6,-65.6,-65.6
62.00,8982.3,-65.6,-65.6
62.05,8979.1,-65.6,-65.6
62.10,8975.8,-65.6,-65.6
62.15,8972.5,-65.6,-65.6
62.20,8969.2,-65.6,-65.6
62.25,8965.9,-65.6,-65.6
62.30,8962.7,-65.6,-65.6
62.35,8959.4,-65.6,-65.6
62.40,8956.1,-65.6,-65.6
62.45,8952.8,-65.6,-65.6
62.50,8949.5,-65.6,-65.6
62.55,8946.3,-65.6,-65.6
62.60,8943.0,-65.6,-65.6
62.65,8939.7,-65.6,-65.6
62.70,8936.4,-65.6,-65.6
62.75,8933.1,-65.6,-65.6
62.80,8929.9,-65.6,-65.6
62.85,8926.6,-65.6,-65.6
62.90,8923.3,-65.6,-65.6
62.95,8920.0,-65.6,-65.6
63.00,8916.7,-65.6,-65.6
63.05,8913.5,-65.6,-65.6
63.10,8910.2,-65.6,-65.6
63.15,8906.9,-65.6,-65.6
63.20,8903.6,-65.6,-65.6
63.25,8900.3,-65.6,-65.6
63.30,8897.0,-65.6,-65.6
63.35,8893.8,-65.6,-65.6
63.40,8890.5,-65.6,-65.6
63.45,8887.2,-65.6,-65.6
63.50,8883.9,-65.6,-65.6
63.55,8880.6,-65.6,-65.6
63.60,8877.4,-65.6,-65.6
63.65,8874.1,-65.6,-65.6
63.70,8870.8,-65.6,-65.6
63.75,8867.5,-65.6,-65.6
63.80,8864.2,-65.6,-65.6
63.85,8861.0,-65.6,-65.6
63.90,8857.7,-65.6,-65.6
63.95,8854.4,-65.6,-65.6
64.00,8851.1,-65.6,-65.6
64.05,8847.8,-65.6,-65.6
64.10,8844.6,-65.6,-65.6
64.15,8841.3,-65.6,-65.6
64.20,8838.0,-65.6,-65.6
64.25,8834.7,-65.6,-65.6
64.30,8831.4,-65.6,-65.6
64.35,8828.1,-65.6,-65.6
64.40,8824.9,-65.6,-65.6
64.45,8821.6,-65.6,-65.6
64.50,8818.3,-65.6,-65.6
64.55,8815.0,-65.6,-65.6
64.60,8811.7,-65.6,-65.6
64.65,8808.5,-65.6,-65.6
64.70,8805.2,-65.6,-65.6
64.75,8801.9,-65.6,-65.6
64.80,8798.6,-65.6,-65.6
64.85,8795.3,-65.6,-65.6
64.90,8792.1,-65.6,-65.6
64.95,8788.8,-65.6,-65.6
65.00,8785.5,-65.6,-65.6
65.05,8782.2,-65.6,-65.6
65.10,8778.9,-65.6,-65.6
65.15,8775.7,-65.6,-65.6
65.20,8772.4,-65.6,-65.6
65.25,8769.1,-65.6,-65.6
65.30,8765.8,-65.6,-65.6
65.35,8762.5,-65.6,-65.6
65.40,8759.3,-65.6,-65.6
65.45,8756.0,-65.6,-65.6
65.50,8752.7,-65.6,-65.6
65.55,8749.4,-65.6,-65.6
65.60,8746.1,-65.6,-65.6
65.65,8742.8,-65.6,-65.6
65.70,8739.6,-65.6,-65.6
65.75,8736.3,-65.6,-65.6
65.80,8733.0,-65.6,-65.6
65.85,8729.7,-65.6,-65.6
65.90,8726.4,-65.6,-65.6
65.95,8723.2,-65.6,-65.6
66.00,8719.9,-65.6,-65.6
66.05,8716.6,-65.6,-65.6
66.10,8713.3,-65.6,-65.6
66.15,8710.0,-65.6,-65.6
66.20,8706.8,-65.6,-65.6
66.25,8703.5,-65.6,-65.6
66.30,8700.2,-65.6,-65.6
66.35,8696.9,-65.6,-65.6
66.40,8693.6,-65.6,-65.6
66.45,8690.4,-65.6,-65.6
66.50,8687.1,-65.6,-65.6
66.55,8683.8,-65.6,-65.6
66.60,8680.5,-65.6,-65.6
66.65,8677.2,-65.6,-65.6
66.70,8674.0,-65.6,-65.6
66.75,8670.7,-65.6,-65.6
66.80,8667.4,-65.6,-65.6
66.85,8664.1,-65.6,-65.6
66.90,8660.8,-65.6,-65.6
66.95,8657.5,-65.6,-65.6
67.00,8654.3,-65.6,-65.6
67.05,8651.0,-65.6,-65.6
67.10,8647.7,-65.6,-65.6
67.15,8644.4,-65.6,-65.6
67.20,8641.1,-65.6,-65.6
67.25,8637.9,-65.6,-65.6
67.30,8634.6,-65.6,-65.6
67.35,8631.3,-65.6,-65.6
67.40,8628.0,-65.6,-65.6
67.45,8624.7,-65.6,-65.6
67.50,8621.5,-65.6,-65.6
67.55,8618.2,-65.6,-65.6
67.60,8614.9,-65.6,-65.6
67.65,8611.6,-65.6,-65.6
67.70,8608.3,-65.6,-65.6
67.75,8605.1,-65.6,-65.6
67.80,8601.8,-65.6,-65.6
67.85,8598.5,-65.6,-65.6
67.90,8595.2,-65.6,-65.6
67.95,8591.9,-65.6,-65.6
68.00,8588.6,-65.6,-65.6
68.05,8585.4,-65.6,-65.6
68.10,8582.1,-65.6,-65.6
68.15,8578.8,-65.6,-65.6
68.20,8575.5,-65.6,-65.6
68.25,8572.2,-65.6,-65.6
68.30,8569.0,-65.6,-65.6
68.35,8565.7,-65.6,-65.6
68.40,8562.4,-65.6,-65.6
68.45,8559.1,-65.6,-65.6
68.50,8555.8,-65.6,-65.6
68.55,8552.6,-65.6,-65.6
68.60,8549.3,-65.6,-65.6
68.65,8546.0,-65.6,-65.6
68.70,8542.7,-65.6,-65.6
68.75,8539.4,-65.6,-65.6
68.80,8536.2,-65.6,-65.6
68.85,8532.9,-65.6,-65.6
68.90,8529.6,-65.6,-65.6
68.95,8526.3,-65.6,-65.6
69.00,8523.0,-65.6,-65.6
69.05,8519.8,-65.6,-65.6
69.10,8516.5,-65.6,-65.6
69.15,8513.2,-65.6,-65.6
69.20,8509.9,-65.6,-65.6
69.25,8506.6,-65.6,-65.6
69.30,8503.3,-65.6,-65.6
69.35,8500.1,-65.6,-65.6
69.40,8496.8,-65.6,-65.6
69.45,8493.5,-65.6,-65.6
69.50,8490.2,-65.6,-65.6
69.55,8486.9,-65.6,-65.6
69.60,8483.7,-65.6,-65.6
69.65,8480.4,-65.6,-65.6
69.70,8477.1,-65.6,-65.6
69.75,8473.8,-65.6,-65.6
69.80,8470.5,-65.6,-65.6
69.85,8467.3,-65.6,-65.6
69.90,8464.0,-65.6,-65.6
69.95,8460.7,-65.6,-65.6
70.00,8457.4,-65.6,-65.6
70.05,8454.1,-65.6,-65.6
70.10,8450.9,-65.6,-65.6
70.15,8447.6,-65.6,-65.6
70.20,8444.3,-65.6,-65.6
70.25,8441.0,-65.6,-65.6
70.30,8437.7,-65.6,-65.6
70.35,8434.4,-65.6,-65.6
70.40,8431.2,-65.6,-65.6
70.45,8427.9,-65.6,-65.6
70.50,8424.6,-65.6,-65.6
70.55,8421.3,-65.6,-65.6
70.60,8418.0,-65.6,-65.6
70.65,8414.8,-65.6,-65.6
70.70,8411.5,-65.6,-65.6
70.75,8408.2,-65.6,-65.6
70.80,8404.9,-65.6,-65.6
70.85,8401.6,-65.6,-65.6
70.90,8398.4,-65.6,-65.6
70.95,8395.1,-65.6,-65.6
71.00,8391.8,-65.6,-65.6
71.05,8388.5,-65.6,-65.6
71.10,8385.2,-65.6,-65.6
71.15,8382.0,-65.6,-65.6
71.20,8378.7,-65.6,-65.6
71.25,8375.4,-65.6,-65.6
71.30,8372.1,-65.6,-65.6
71.35,8368.8,-65.6,-65.6
71.40,8365.6,-65.6,-65.6
71.45,8362.3,-65.6,-65.6
71.50,8359.0,-65.6,-65.6
71.55,8355.7,-65.6,-65.6
71.60,8352.4,-65.6,-65.6
71.65,8349.1,-65.6,-65.6
71.70,8345.9,-65.6,-65.6
71.75,8342.6,-65.6,-65.6
71.80,8339.3,-65.6,-65.6
71.85,8336.0,-65.6,-65.6
71.90,8332.7,-65.6,-65.6
71.95,8329.5,-65.6,-65.6
72.00,8326.2,-65.6,-65.6
72.05,8322.9,-65.6,-65.6
72.10,8319.6,-65.6,-65.6
72.15,8316.3,-65.6,-65.6
72.20,8313.1,-65.6,-65.6
72.25,8309.8,-65.6,-65.6
72.30,8306.5,-65.6,-65.6
72.35,8303.2,-65.6,-65.6
72.40,8299.9,-65.6,-65.6
72.45,8296.7,-65.6,-65.6
72.50,8293.4,-65.6,-65.6
72.55,8290.1,-65.6,-65.6
72.60,8286.8,-65.6,-65.6
72.65,8283.5,-65.6,-65.6
72.70,8280.2,-65.6,-65.6
72.75,8277.0,-65.6,-65.6
72.80,8273.7,-65.6,-65.6
72.85,8270.4,-65.6,-65.6
72.90,8267.1,-65.6,-65.6
72.95,8263.8,-65.6,-65.6
73.00,8260.6,-65.6,-65.6
73.05,8257.3,-65.6,-65.6
73.10,8254.0,-65.6,-65.6
73.15,8250.7,-65.6,-65.6
73.20,8247.4,-65.6,-65.6
73.25,8244.2,-65.6,-65.6
73.30,8240.9,-65.6,-65.6
73.35,8237.6,-65.6,-65.6
73.40,8234.3,-65.6,-65.6
73.45,8231.0,-65.6,-65.6
73.50,8227.8,-65.6,-65.6
73.55,8224.5,-65.6,-65.6
73.60,8221.2,-65.6,-65.6
73.65,8217.9,-65.6,-65.6
73.70,8214.6,-65.6,-65.6
73.75,8211.4,-65.6,-65.6
73.80,8208.1,-65.6,-65.6
73.85,8204.8,-65.6,-65.6
73.90,8201.5,-65.6,-65.6
73.95,8198.2,-65.6,-65.6
74.00,8194.9,-65.6,-65.6
74.05,8191.7,-65.6,-65.6
74.10,8188.4,-65.6,-65.6
74.15,8185.1,-65.6,-65.6
74.20,8181.8,-65.6,-65.6
74.25,8178.5,-65.6,-65.6
74.30,8175.3,-65.6,-65.6
74.35,8172.0,-65.6,-65.6
74.40,8168.7,-65.6,-65.6
74.45,8165.4,-65.6,-65.6
74.50,8162.1,-65.6,-65.6
74.55,8158.9,-65.6,-65.6
74.60,8155.6,-65.6,-65.6
74.65,8152.3,-65.6,-65.6
74.70,8149.0,-65.6,-65.6
74.75,8145.7,-65.6,-65.6
74.80,8142.5,-65.6,-65.6
74.85,8139.2,-65.6,-65.6
74.90,8135.9,-65.6,-65.6
74.95,8132.6,-65.6,-65.6
75.00,8129.3,-65.6,-65.6
75.05,8126.0,-65.6,-65.6
75.10,8122.8,-65.6,-65.6
75.15,8119.5,-65.6,-65.6
75.20,8116.2,-65.6,-65.6
75.25,8112.9,-65.6,-65.6
75.30,8109.6,-65.6,-65.6
75.35,8106.4,-65.6,-65.6
75.40,8103.1,-65.6,-65.6
75.45,8099.8,-65.6,-65.6
75.50,8096.5,-65.6,-65.6
75.55,8093.2,-65.6,-65.6
75.60,8090.0,-65.6,-65.6
75.65,8086.7,-65.6,-65.6
75.70,8083.4,-65.6,-65.6
75.75,8080.1,-65.6,-65.6
75.80,8076.8,-65.6,-65.6
75.85,8073.6,-65.6,-65.6
75.90,8070.3,-65.6,-65.6
75.95,8067.0,-65.6,-65.6
76.00,8063.7,-65.6,-65.6
76.05,8060.4,-65.6,-65.6
76.10,8057.2,-65.6,-65.6
76.15,8053.9,-65.6,-65.6
76.20,8050.6,-65.6,-65.6
76.25,8047.3,-65.6,-65.6
76.30,8044.0,-65.6,-65.6
76.35,8040.7,-65.6,-65.6
76.40,8037.5,-65.6,-65.6
76.45,8034.2,-65.6,-65.6
76.50,8030.9,-65.6,-65.6
76.55,8027.6,-65.6,-65.6
76.60,8024.3,-65.6,-65.6
76.65,8021.1,-65.6,-65.6
76.70,8017.8,-65.6,-65.6
76.75,8014.5,-65.6,-65.6
76.80,8011.2,-65.6,-65.6
76.85,8007.9,-65.6,-65.6
76.90,8004.7,-65.6,-65.6
76.95,8001.4,-65.6,-65.6
77.00,7998.1,-65.6,-65.6
77.05,7994.8,-65.6,-65.6
77.10,7991.5,-65.6,-65.6
77.15,7988.3,-65.6,-65.6
77.20,7985.0,-65.6,-65.6
77.25,7981.7,-65.6,-65.6
77.30,7978.4,-65.6,-65.6
77.35,7975.1,-65.6,-65.6
77.40,7971.9,-65.6,-65.6
77.45,7968.6,-65.6,-65.6
77.50,7965.3,-65.6,-65.6
77.55,7962.0,-65.6,-65.6
77.60,7958.7,-65.6,-65.6
77.65,7955.4,-65.6,-65.6
77.70,7952.2,-65.6,-65.6
77.75,7948.9,-65.6,-65.6
77.80,7945.6,-65.6,-65.6
77.85,7942.3,-65.6,-65.6
77.90,7939.0,-65.6,-65.6
77.95,7935.8,-65.6,-65.6
78.00,7932.5,-65.6,-65.6
78.05,7929.2,-65.6,-65.6
78.10,7925.9,-65.6,-65.6
78.15,7922.6,-65.6,-65.6
78.20,7919.4,-65.6,-65.6
78.25,7916.1,-65.6,-65.6
78.30,7912.8,-65.6,-65.6
78.35,7909.5,-65.6,-65.6
78.40,7906.2,-65.6,-65.6
78.45,7903.0,-65.6,-65.6
78.50,7899.7,-65.6,-65.6
78.55,7896.4,-65.6,-65.6
78.60,7893.1,-65.6,-65.6
78.65,7889.8,-65.6,-65.6
78.70,7886.5,-65.6,-65.6
78.75,7883.3,-65.6,-65.6
78.80,7880.0,-65.6,-65.6
78.85,7876.7,-65.6,-65.6
78.90,7873.4,-65.6,-65.6
78.95,7870.1,-65.6,-65.6
79.00,7866.9,-65.6,-65.6
79.05,7863.6,-65.6,-65.6
79.10,7860.3,-65.6,-65.6
79.15,7857.0,-65.6,-65.6
79.20,7853.7,-65.6,-65.6
79.25,7850.5,-65.6,-65.6
79.30,7847.2,-65.6,-65.6
79.35,7843.9,-65.6,-65.6
79.40,7840.6,-65.6,-65.6
79.45,7837.3,-65.6,-65.6
79.50,7834.1,-65.6,-65.6
79.55,7830.8,-65.6,-65.6
79.60,7827.5,-65.6,-65.6
79.65,7824.2,-65.6,-65.6
79.70,7820.9,-65.6,-65.6
79.75,7817.7,-65.6,-65.6
79.80,7814.4,-65.6,-65.6
79.85,7811.1,-65.6,-65.6
79.90,7807.8,-65.6,-65.6
79.95,7804.5,-65.6,-65.6
80.00,7801.2,-65.6,-65.6
80.05,7798.0,-65.6,-65.6
80.10,7794.7,-65.6,-65.6
80.15,7791.4,-65.6,-65.6
80.20,7788.1,-65.6,-65.6
80.25,7784.8,-65.6,-65.6
80.30,7781.6,-65.6,-65.6
80.35,7778.3,-65.6,-65.6
80.40,7775.0,-65.6,-65.6
80.45,7771.7,-65.6,-65.6
80.50,7768.4,-65.6,-65.6
80.55,7765.2,-65.6,-65.6
80.60,7761.9,-65.6,-65.6
80.65,7758.6,-65.6,-65.6
80.70,7755.3,-65.6,-65.6
80.75,7752.0,-65.6,-65.6
80.80,7748.8,-65.6,-65.6
80.85,7745.5,-65.6,-65.6
80.90,7742.2,-65.6,-65.6
80.95,7738.9,-65.6,-65.6
81.00,7735.6,-65.6,-65.6
81.05,7732.3,-65.6,-65.6
81.10,7729.1,-65.6,-65.6
81.15,7725.8,-65.6,-65.6
81.20,7722.5,-65.6,-65.6
81.25,7719.2,-65.6,-65.6
81.30,7715.9,-65.6,-65.6
81.35,7712.7,-65.6,-65.6
81.40,7709.4,-65.6,-65.6
81.45,7706.1,-65.6,-65.6
81.50,7702.8,-65.6,-65.6
81.55,7699.5,-65.6,-65.6
81.60,7696.3,-65.6,-65.6
81.65,7693.0,-65.6,-65.6
81.70,7689.7,-65.6,-65.6
81.75,7686.4,-65.6,-65.6
81.80,7683.1,-65.6,-65.6
81.85,7679.9,-65.6,-65.6
81.90,7676.6,-65.6,-65.6
81.95,7673.3,-65.6,-65.6
82.00,7670.0,-65.6,-65.6
82.05,7666.7,-65.6,-65.6
82.10,7663.5,-65.6,-65.6
82.15,7660.2,-65.6,-65.6
82.20,7656.9,-65.6,-65.6
82.25,7653.6,-65.6,-65.6
82.30,7650.3,-65.6,-65.6
82.35,7647.0,-65.6,-65.6
82.40,7643.8,-65.6,-65.6
82.45,7640.5,-65.6,-65.6
82.50,7637.2,-65.6,-65.6
82.55,7633.9,-65.6,-65.6
82.60,7630.6,-65.6,-65.6
82.65,7627.4,-65.6,-65.6
82.70,7624.1,-65.6,-65.6
82.75,7620.8,-65.6,-65.6
82.80,7617.5,-65.6,-65.6
82.85,7614.2,-65.6,-65.6
82.90,7611.0,-65.6,-65.6
82.95,7607.7,-65.6,-65.6
83.00,7604.4,-65.6,-65.6
83.05,7601.1,-65.6,-65.6
83.10,7597.8,-65.6,-65.6
83.15,7594.6,-65.6,-65.6
83.20,7591.3,-65.6,-65.6
83.25,7588.0,-65.6,-65.6
83.30,7584.7,-65.6,-65.6
83.35,7581.4,-65.6,-65.6
83.40,7578.1,-65.6,-65.6
83.45,7574.9,-65.6,-65.6
83.50,7571.6,-65.6,-65.6
83.55,7568.3,-65.6,-65.6
83.60,7565.0,-65.6,-65.6
83.65,7561.7,-65.6,-65.6
83.70,7558.5,-65.6,-65.6
83.75,7555.2,-65.6,-65.6
83.80,7551.9,-65.6,-65.6
83.85,7548.6,-65.6,-65.6
83.90,7545.3,-65.6,-65.6
83.95,7542.1,-65.6,-65.6
84.00,7538.8,-65.6,-65.6
84.05,7535.5,-65.6,-65.6
84.10,7532.2,-65.6,-65.6
84.15,7528.9,-65.6,-65.6
84.20,7525.7,-65.6,-65.6
84.25,7522.4,-65.6,-65.6
84.30,7519.1,-65.6,-65.6
84.35,7515.8,-65.6,-65.6
84.40,7512.5,-65.6,-65.6
84.45,7509.3,-65.6,-65.6
84.50,7506.0,-65.6,-65.6
84.55,7502.7,-65.6,-65.6
84.60,7499.4,-65.6,-65.6
84.65,7496.1,-65.6,-65.6
84.70,7492.8,-65.6,-65.6
84.75,7489.6,-65.6,-65.6
84.80,7486.3,-65.6,-65.6
84.85,7483.0,-65.6,-65.6
84.90,7479.7,-65.6,-65.6
84.95,7476.4,-65.6,-65.6
85.00,7473.2,-65.6,-65.6
85.05,7469.9,-65.6,-65.6
85.10,7466.6,-65.6,-65.6
85.15,7463.3,-65.6,-65.6
85.20,7460.0,-65.6,-65.6
85.25,7456.8,-65.6,-65.6
85.30,7453.5,-65.6,-65.6
85.35,7450.2,-65.6,-65.6
85.40,7446.9,-65.6,-65.6
85.45,7443.6,-65.6,-65.6
85.50,7440.4,-65.6,-65.6
85.55,7437.1,-65.6,-65.6
85.60,7433.8,-65.6,-65.6
85.65,7430.5,-65.6,-65.6
85.70,7427.2,-65.6,-65.6
85.75,7424.0,-65.6,-65.6
85.80,7420.7,-65.6,-65.6
85.85,7417.4,-65.6,-65.6
85.90,7414.1,-65.6,-65.6
85.95,7410.8,-65.6,-65.6
86.00,7407.5,-65.6,-65.6
86.05,7404.3,-65.6,-65.6
86.10,7401.0,-65.6,-65.6
86.15,7397.7,-65.6,-65.6
86.20,7394.4,-65.6,-65.6
86.25,7391.1,-65.6,-65.6
86.30,7387.9,-65.6,-65.6
86.35,7384.6,-65.6,-65.6
86.40,7381.3,-65.6,-65.6
86.45,7378.0,-65.6,-65.6
86.50,7374.7,-65.6,-65.6
86.55,7371.5,-65.6,-65.6
86.60,7368.2,-65.6,-65.6
86.65,7364.9,-65.6,-65.6
86.70,7361.6,-65.6,-65.6
86.75,7358.3,-65.6,-65.6
86.80,7355.1,-65.6,-65.6
86.85,7351.8,-65.6,-65.6
86.90,7348.5,-65.6,-65.6
86.95,7345.2,-65.6,-65.6
87.00,7341.9,-65.6,-65.6
87.05,7338.6,-65.6,-65.6
87.10,7335.4,-65.6,-65.6
87.15,7332.1,-65.6,-65.6
87.20,7328.8,-65.6,-65.6
87.25,7325.5,-65.6,-65.6
87.30,7322.2,-65.6,-65.6
87.35,7319.0,-65.6,-65.6
87.40,7315.7,-65.6,-65.6
87.45,7312.4,-65.6,-65.6
87.50,7309.1,-65.6,-65.6
87.55,7305.8,-65.6,-65.6
87.60,7302.6,-65.6,-65.6
87.65,7299.3,-65.6,-65.6
87.70,7296.0,-65.6,-65.6
87.75,7292.7,-65.6,-65.6
87.80,7289.4,-65.6,-65.6
87.85,7286.2,-65.6,-65.6
87.90,7282.9,-65.6,-65.6
87.95,7279.6,-65.6,-65.6
88.00,7276.3,-65.6,-65.6
88.05,7273.0,-65.6,-65.6
88.10,7269.8,-65.6,-65.6
88.15,7266.5,-65.6,-65.6
88.20,7263.2,-65.6,-65.6
88.25,7259.9,-65.6,-65.6
88.30,7256.6,-65.6,-65.6
88.35,7253.3,-65.6,-65.6
88.40,7250.1,-65.6,-65.6
88.45,7246.8,-65.6,-65.6
88.50,7243.5,-65.6,-65.6
88.55,7240.2,-65.6,-65.6
88.60,7236.9,-65.6,-65.6
88.65,7233.7,-65.6,-65.6
88.70,7230.4,-65.6,-65.6
88.75,7227.1,-65.6,-65.6
88.80,7223.8,-65.6,-65.6
88.85,7220.5,-65.6,-65.6
88.90,7217.3,-65.6,-65.6
88.95,7214.0,-65.6,-65.6
89.00,7210.7,-65.6,-65.6
89.05,7207.4,-65.6,-65.6
89.10,7204.1,-65.6,-65.6
89.15,7200.9,-65.6,-65.6
89.20,7197.6,-65.6,-65.6
89.25,7194.3,-65.6,-65.6
89.30,7191.0,-65.6,-65.6
89.35,7187.7,-65.6,-65.6
89.40,7184.4,-65.6,-65.6
89.45,7181.2,-65.6,-65.6
89.50,7177.9,-65.6,-65.6
89.55,7174.6,-65.6,-65.6
89.60,7171.3,-65.6,-65.6
89.65,7168.0,-65.6,-65.6
89.70,7164.8,-65.6,-65.6
89.75,7161.5,-65.6,-65.6
89.80,7158.2,-65.6,-65.6
89.85,7154.9,-65.6,-65.6
89.90,7151.6,-65.6,-65.6
89.95,7148.4,-65.6,-65.6
90.00,7145.1,-65.6,-65.6
90.05,7141.8,-65.6,-65.6
90.10,7138.5,-65.6,-65.6
90.15,7135.2,-65.6,-65.6
90.20,7132.0,-65.6,-65.6
90.25,7128.7,-65.6,-65.6
90.30,7125.4,-65.6,-65.6
90.35,7122.1,-65.6,-65.6
90.40,7118.8,-65.6,-65.6
90.45,7115.6,-65.6,-65.6
90.50,7112.3,-65.6,-65.6
90.55,7109.0,-65.6,-65.6
90.60,7105.7,-65.6,-65.6
90.65,7102.4,-65.6,-65.6
90.70,7099.1,-65.6,-65.6
90.75,7095.9,-65.6,-65.6
90.80,7092.6,-65.6,-65.6
90.85,7089.3,-65.6,-65.6
90.90,7086.0,-65.6,-65.6
90.95,7082.7,-65.6,-65.6
91.00,7079.5,-65.6,-65.6
91.05,7076.2,-65.6,-65.6
91.10,7072.9,-65.6,-65.6
91.15,7069.6,-65.6,-65.6
91.20,7066.3,-65.6,-65.6
91.25,7063.1,-65.6,-65.6
91.30,7059.8,-65.6,-65.6
91.35,7056.5,-65.6,-65.6
91.40,7053.2,-65.6,-65.6
91.45,7049.9,-65.6,-65.6
91.50,7046.7,-65.6,-65.6
91.55,7043.4,-65.6,-65.6
91.60,7040.1,-65.6,-65.6
91.65,7036.8,-65.6,-65.6
91.70,7033.5,-65.6,-65.6
91.75,7030.2,-65.6,-65.6
91.80,7027.0,-65.6,-65.6
91.85,7023.7,-65.6,-65.6
91.90,7020.4,-65.6,-65.6
91.95,7017.1,-65.6,-65.6
92.00,7013.8,-65.6,-65.6
92.05,7010.6,-65.6,-65.6
92.10,7007.3,-65.6,-65.6
92.15,7004.0,-65.6,-65.6
92.20,7000.7,-65.6,-65.6
92.25,6997.4,-65.6,-65.6
92.30,6994.2,-65.6,-65.6
92.35,6990.9,-65.6,-65.6
92.40,6987.6,-65.6,-65.6
92.45,6984.3,-65.6,-65.6
92.50,6981.0,-65.6,-65.6
92.55,6977.8,-65.6,-65.6
92.60,6974.5,-65.6,-65.6
92.65,6971.2,-65.6,-65.6
92.70,6967.9,-65.6,-65.6
92.75,6964.6,-65.6,-65.6
92.80,6961.4,-65.6,-65.6
92.85,6958.1,-65.6,-65.6
92.90,6954.8,-65.6,-65.6
92.95,6951.5,-65.6,-65.6
93.00,6948.2,-65.6,-65.6
93.05,6944.9,-65.6,-65.6
93.10,6941.7,-65.6,-65.6
93.15,6938.4,-65.6,-65.6
93.20,6935.1,-65.6,-65.6
93.25,6931.8,-65.6,-65.6
93.30,6928.5,-65.6,-65.6
93.35,6925.3,-65.6,-65.6
93.40,6922.0,-65.6,-65.6
93.45,6918.7,-65.6,-65.6
93.50,6915.4,-65.6,-65.6
93.55,6912.1,-65.6,-65.6
93.60,6908.9,-65.6,-65.6
93.65,6905.6,-65.6,-65.6
93.70,6902.3,-65.6,-65.6
93.75,6899.0,-65.6,-65.6
93.80,6895.7,-65.6,-65.6
93.85,6892.5,-65.6,-65.6
93.90,6889.2,-65.6,-65.6
93.95,6885.9,-65.6,-65.6
94.00,6882.6,-65.6,-65.6
94.05,6879.3,-65.6,-65.6
94.10,6876.0,-65.6,-65.6
94.15,6872.8,-65.6,-65.6
94.20,6869.5,-65.6,-65.6
94.25,6866.2,-65.6,-65.6
94.30,6862.9,-65.6,-65.6
94.35,6859.6,-65.6,-65.6
94.40,6856.4,-65.6,-65.6
94.45,6853.1,-65.6,-65.6
94.50,6849.8,-65.6,-65.6
94.55,6846.5,-65.6,-65.6
94.60,6843.2,-65.6,-65.6
94.65,6840.0,-65.6,-65.6
94.70,6836.7,-65.6,-65.6
94.75,6833.4,-65.6,-65.6
94.80,6830.1,-65.6,-65.6
94.85,6826.8,-65.6,-65.6
94.90,6823.6,-65.6,-65.6
94.95,6820.3,-65.6,-65.6
95.00,6817.0,-65.6,-65.6
95.05,6813.7,-65.6,-65.6
95.10,6810.4,-65.6,-65.6
95.15,6807.2,-65.6,-65.6
95.20,6803.9,-65.6,-65.6
95.25,6800.6,-65.6,-65.6
95.30,6797.3,-65.6,-65.6
95.35,6794.0,-65.6,-65.6
95.40,6790.7,-65.6,-65.6
95.45,6787.5,-65.6,-65.6
95.50,6784.2,-65.6,-65.6
95.55,6780.9,-65.6,-65.6
95.60,6777.6,-65.6,-65.6
95.65,6774.3,-65.6,-65.6
95.70,6771.1,-65.6,-65.6
95.75,6767.8,-65.6,-65.6
95.80,6764.5,-65.6,-65.6
95.85,6761.2,-65.6,-65.6
95.90,6757.9,-65.6,-65.6
95.95,6754.7,-65.6,-65.6
96.00,6751.4,-65.6,-65.6
96.05,6748.1,-65.6,-65.6
96.10,6744.8,-65.6,-65.6
96.15,6741.5,-65.6,-65.6
96.20,6738.3,-65.6,-65.6
96.25,6735.0,-65.6,-65.6
96.30,6731.7,-65.6,-65.6
96.35,6728.4,-65.6,-65.6
96.40,6725.1,-65.6,-65.6
96.45,6721.9,-65.6,-65.6
96.50,6718.6,-65.6,-65.6
96.55,6715.3,-65.6,-65.6
96.60,6712.0,-65.6,-65.6
96.65,6708.7,-65.6,-65.6
96.70,6705.4,-65.6,-65.6
96.75,6702.2,-65.6,-65.6
96.80,6698.9,-65.6,-65.6
96.85,6695.6,-65.6,-65.6
96.90,6692.3,-65.6,-65.6
96.95,6689.0,-65.6,-65.6
97.00,6685.8,-65.6,-65.6
97.05,6682.5,-65.6,-65.6
97.10,6679.2,-65.6,-65.6
97.15,6675.9,-65.6,-65.6
97.20,6672.6,-65.6,-65.6
97.25,6669.4,-65.6,-65.6
97.30,6666.1,-65.6,-65.6
97.35,6662.8,-65.6,-65.6
97.40,6659.5,-65.6,-65.6
97.45,6656.2,-65.6,-65.6
97.50,6653.0,-65.6,-65.6
97.55,6649.7,-65.6,-65.6
97.60,6646.4,-65.6,-65.6
97.65,6643.1,-65.6,-65.6
97.70,6639.8,-65.6,-65.6
97.75,6636.5,-65.6,-65.6
97.80,6633.3,-65.6,-65.6
97.85,6630.0,-65.6,-65.6
97.90,6626.7,-65.6,-65.6
97.95,6623.4,-65.6,-65.6
98.00,6620.1,-65.6,-65.6
98.05,6616.9,-65.6,-65.6
98.10,6613.6,-65.6,-65.6
98.15,6610.3,-65.6,-65.6
98.20,6607.0,-65.6,-65.6
98.25,6603.7,-65.6,-65.6
98.30,6600.5,-65.6,-65.6
98.35,6597.2,-65.6,-65.6
98.40,6593.9,-65.6,-65.6
98.45,6590.6,-65.6,-65.6
98.50,6587.3,-65.6,-65.6
98.55,6584.1,-65.6,-65.6
98.60,6580.8,-65.6,-65.6
98.65,6577.5,-65.6,-65.6
98.70,6574.2,-65.6,-65.6
98.75,6570.9,-65.6,-65.6
98.80,6567.7,-65.6,-65.6
98.85,6564.4,-65.6,-65.6
98.90,6561.1,-65.6,-65.6
98.95,6557.8,-65.6,-65.6
99.00,6554.5,-65.6,-65.6
99.05,6551.2,-65.6,-65.6
99.10,6548.0,-65.6,-65.6
99.15,6544.7,-65.6,-65.6
99.20,6541.4,-65.6,-65.6
99.25,6538.1,-65.6,-65.6
99.30,6534.8,-65.6,-65.6
99.35,6531.6,-65.6,-65.6
99.40,6528.3,-65.6,-65.6
99.45,6525.0,-65.6,-65.6
99.50,6521.7,-65.6,-65.6
99.55,6518.4,-65.6,-65.6
99.60,6515.2,-65.6,-65.6
99.65,6511.9,-65.6,-65.6
99.70,6508.6,-65.6,-65.6
99.75,6505.3,-65.6,-65.6
99.80,6502.0,-65.6,-65.6
99.85,6498.8,-65.6,-65.6
99.90,6495.5,-65.6,-65.6
99.95,6492.2,-65.6,-65.6
100.00,6488.9,-65.6,-65.6
100.05,6485.6,-65.6,-65.6
100.10,6482.3,-65.6,-65.6
100.15,6479.1,-65.6,-65.6
100.20,6475.8,-65.6,-65.6
100.25,6472.5,-65.6,-65.6
100.30,6469.2,-65.6,-65.6
100.35,6465.9,-65.6,-65.6
100.40,6462.7,-65.6,-65.6
100.45,6459.4,-65.6,-65.6
100.50,6456.1,-65.6,-65.6
100.55,6452.8,-65.6,-65.6
100.60,6449.5,-65.6,-65.6
100.65,6446.3,-65.6,-65.6
100.70,6443.0,-65.6,-65.6
100.75,6439.7,-65.6,-65.6
100.80,6436.4,-65.6,-65.6
100.85,6433.1,-65.6,-65.6
100.90,6429.9,-65.6,-65.6
100.95,6426.6,-65.6,-65.6
101.00,6423.3,-65.6,-65.6
101.05,6420.0,-65.6,-65.6
101.10,6416.7,-65.6,-65.6
101.15,6413.5,-65.6,-65.6
101.20,6410.2,-65.6,-65.6
101.25,6406.9,-65.6,-65.6
101.30,6403.6,-65.6,-65.6
101.35,6400.3,-65.6,-65.6
101.40,6397.0,-65.6,-65.6
101.45,6393.8,-65.6,-65.6
101.50,6390.5,-65.6,-65.6
101.55,6387.2,-65.6,-65.6
101.60,6383.9,-65.6,-65.6
101.65,6380.6,-65.6,-65.6
101.70,6377.4,-65.6,-65.6
101.75,6374.1,-65.6,-65.6
101.80,6370.8,-65.6,-65.6
101.85,6367.5,-65.6,-65.6
101.90,6364.2,-65.6,-65.6
101.95,6361.0,-65.6,-65.6
102.00,6357.7,-65.6,-65.6
102.05,6354.4,-65.6,-65.6
102.10,6351.1,-65.6,-65.6
102.15,6347.8,-65.6,-65.6
102.20,6344.6,-65.6,-65.6
102.25,6341.3,-65.6,-65.6
102.30,6338.0,-65.6,-65.6
102.35,6334.7,-65.6,-65.6
102.40,6331.4,-65.6,-65.6
102.45,6328.1,-65.6,-65.6
102.50,6324.9,-65.6,-65.6
102.55,6321.6,-65.6,-65.6
102.60,6318.3,-65.6,-65.6
102.65,6315.0,-65.6,-65.6
102.70,6311.7,-65.6,-65.6
102.75,6308.5,-65.6,-65.6
102.80,6305.2,-65.6,-65.6
102.85,6301.9,-65.6,-65.6
102.90,6298.6,-65.6,-65.6
102.95,6295.3,-65.6,-65.6
103.00,6292.1,-65.6,-65.6
103.05,6288.8,-65.6,-65.6
103.10,6285.5,-65.6,-65.6
103.15,6282.2,-65.6,-65.6
103.20,6278.9,-65.6,-65.6
103.25,6275.7,-65.6,-65.6
103.30,6272.4,-65.6,-65.6
103.35,6269.1,-65.6,-65.6
103.40,6265.8,-65.6,-65.6
103.45,6262.5,-65.6,-65.6
103.50,6259.3,-65.6,-65.6
103.55,6256.0,-65.6,-65.6
103.60,6252.7,-65.6,-65.6
103.65,6249.4,-65.6,-65.6
103.70,6246.1,-65.6,-65.6
103.75,6242.8,-65.6,-65.6
103.80,6239.6,-65.6,-65.6
103.85,6236.3,-65.6,-65.6
103.90,6233.0,-65.6,-65.6
103.95,6229.7,-65.6,-65.6
104.00,6226.4,-65.6,-65.6
104.05,6223.2,-65.6,-65.6
104.10,6219.9,-65.6,-65.6
104.15,6216.6,-65.6,-65.6
104.20,6213.3,-65.6,-65.6
104.25,6210.0,-65.6,-65.6
104.30,6206.8,-65.6,-65.6
104.35,6203.5,-65.6,-65.6
104.40,6200.2,-65.6,-65.6
104.45,6196.9,-65.6,-65.6
104.50,6193.6,-65.6,-65.6
104.55,6190.4,-65.6,-65.6
104.60,6187.1,-65.6,-65.6
104.65,6183.8,-65.6,-65.6
104.70,6180.5,-65.6,-65.6
104.75,6177.2,-65.6,-65.6
104.80,6174.0,-65.6,-65.6
104.85,6170.7,-65.6,-65.6
104.90,6167.4,-65.6,-65.6
104.95,6164.1,-65.6,-65.6
105.00,6160.8,-65.6,-65.6
105.05,6157.5,-65.6,-65.6
105.10,6154.3,-65.6,-65.6
105.15,6151.0,-65.6,-65.6
105.20,6147.7,-65.6,-65.6
105.25,6144.4,-65.6,-65.6
105.30,6141.1,-65.6,-65.6
105.35,6137.9,-65.6,-65.6
105.40,6134.6,-65.6,-65.6
105.45,6131.3,-65.6,-65.6
105.50,6128.0,-65.6,-65.6
105.55,6124.7,-65.6,-65.6
105.60,6121.5,-65.6,-65.6
105.65,6118.2,-65.6,-65.6
105.70,6114.9,-65.6,-65.6
105.75,6111.6,-65.6,-65.6
105.80,6108.3,-65.6,-65.6
105.85,6105.1,-65.6,-65.6
105.90,6101.8,-65.6,-65.6
105.95,6098.5,-65.6,-65.6
106.00,6095.2,-65.6,-65.6
106.05,6091.9,-65.6,-65.6
106.10,6088.6,-65.6,-65.6
106.15,6085.4,-65.6,-65.6
106.20,6082.1,-65.6,-65.6
106.25,6078.8,-65.6,-65.6
106.30,6075.5,-65.6,-65.6
106.35,6072.2,-65.6,-65.6
106.40,6069.0,-65.6,-65.6
106.45,6065.7,-65.6,-65.6
106.50,6062.4,-65.6,-65.6
106.55,6059.1,-65.6,-65.6
106.60,6055.8,-65.6,-65.6
106.65,6052.6,-65.6,-65.6
106.70,6049.3,-65.6,-65.6
106.75,6046.0,-65.6,-65.6
106.80,6042.7,-65.6,-65.6
106.85,6039.4,-65.6,-65.6
106.90,6036.2,-65.6,-65.6
106.95,6032.9,-65.6,-65.6
107.00,6029.6,-65.6,-65.6
107.05,6026.3,-65.6,-65.6
107.10,6023.0,-65.6,-65.6
107.15,6019.8,-65.6,-65.6
107.20,6016.5,-65.6,-65.6
107.25,6013.2,-65.6,-65.6
107.30,6009.9,-65.6,-65.6
107.35,6006.6,-65.6,-65.6
107.40,6003.3,-65.6,-65.6
107.45,6000.1,-65.6,-65.6
107.50,5996.8,-65.6,-65.6
107.55,5993.5,-65.6,-65.6
107.60,5990.2,-65.6,-65.6
107.65,5986.9,-65.6,-65.6
107.70,5983.7,-65.6,-65.6
107.75,5980.4,-65.6,-65.6
107.80,5977.1,-65.6,-65.6
107.85,5973.8,-65.6,-65.6
107.90,5970.5,-65.6,-65.6
107.95,5967.3,-65.6,-65.6
108.00,5964.0,-65.6,-65.6
108.05,5960.7,-65.6,-65.6
108.10,5957.4,-65.6,-65.6
108.15,5954.1,-65.6,-65.6
108.20,5950.9,-65.6,-65.6
108.25,5947.6,-65.6,-65.6
108.30,5944.3,-65.6,-65.6
108.35,5941.0,-65.6,-65.6
108.40,5937.7,-65.6,-65.6
108.45,5934.4,-65.6,-65.6
108.50,5931.2,-65.6,-65.6
108.55,5927.9,-65.6,-65.6
108.60,5924.6,-65.6,-65.6
108.65,5921.3,-65.6,-65.6
108.70,5918.0,-65.6,-65.6
108.75,5914.8,-65.6,-65.6
108.80,5911.5,-65.6,-65.6
108.85,5908.2,-65.6,-65.6
108.90,5904.9,-65.6,-65.6
108.95,5901.6,-65.6,-65.6
109.00,5898.4,-65.6,-65.6
109.05,5895.1,-65.6,-65.6
109.10,5891.8,-65.6,-65.6
109.15,5888.5,-65.6,-65.6
109.20,5885.2,-65.6,-65.6
109.25,5882.0,-65.6,-65.6
109.30,5878.7,-65.6,-65.6
109.35,5875.4,-65.6,-65.6
109.40,5872.1,-65.6,-65.6
109.45,5868.8,-65.6,-65.6
109.50,5865.6,-65.6,-65.6
109.55,5862.3,-65.6,-65.6
109.60,5859.0,-65.6,-65.6
109.65,5855.7,-65.6,-65.6
109.70,5852.4,-65.6,-65.6
109.75,5849.1,-65.6,-65.6
109.80,5845.9,-65.6,-65.6
109.85,5842.6,-65.6,-65.6
109.90,5839.3,-65.6,-65.6
109.95,5836.0,-65.6,-65.6
110.00,5832.7,-65.6,-65.6
110.05,5829.5,-65.6,-65.6
110.10,5826.2,-65.6,-65.6
110.15,5822.9,-65.6,-65.6
110.20,5819.6,-65.6,-65.6
110.25,5816.3,-65.6,-65.6
110.30,5813.1,-65.6,-65.6
110.35,5809.8,-65.6,-65.6
110.40,5806.5,-65.6,-65.6
110.45,5803.2,-65.6,-65.6
110.50,5799.9,-65.6,-65.6
110.55,5796.7,-65.6,-65.6
110.60,5793.4,-65.6,-65.6
110.65,5790.1,-65.6,-65.6
110.70,5786.8,-65.6,-65.6
110.75,5783.5,-65.6,-65.6
110.80,5780.2,-65.6,-65.6
110.85,5777.0,-65.6,-65.6
110.90,5773.7,-65.6,-65.6
110.95,5770.4,-65.6,-65.6
111.00,5767.1,-65.6,-65.6
111.05,5763.8,-65.6,-65.6
111.10,5760.6,-65.6,-65.6
111.15,5757.3,-65.6,-65.6
111.20,5754.0,-65.6,-65.6
111.25,5750.7,-65.6,-65.6
111.30,5747.4,-65.6,-65.6
111.35,5744.2,-65.6,-65.6
111.40,5740.9,-65.6,-65.6
111.45,5737.6,-65.6,-65.6
111.50,5734.3,-65.6,-65.6
111.55,5731.0,-65.6,-65.6
111.60,5727.8,-65.6,-65.6
111.65,5724.5,-65.6,-65.6
111.70,5721.2,-65.6,-65.6
111.75,5717.9,-65.6,-65.6
111.80,5714.6,-65.6,-65.6
111.85,5711.4,-65.6,-65.6
111.90,5708.1,-65.6,-65.6
111.95,5704.8,-65.6,-65.6
112.00,5701.5,-65.6,-65.6
112.05,5698.2,-65.6,-65.6
112.10,5694.9,-65.6,-65.6
112.15,5691.7,-65.6,-65.6
112.20,5688.4,-65.6,-65.6
112.25,5685.1,-65.6,-65.6
112.30,5681.8,-65.6,-65.6
112.35,5678.5,-65.6,-65.6
112.40,5675.3,-65.6,-65.6
112.45,5672.0,-65.6,-65.6
112.50,5668.7,-65.6,-65.6
112.55,5665.4,-65.6,-65.6
112.60,5662.1,-65.6,-65.6
112.65,5658.9,-65.6,-65.6
112.70,5655.6,-65.6,-65.6
112.75,5652.3,-65.6,-65.6
112.80,5649.0,-65.6,-65.6
112.85,5645.7,-65.6,-65.6
112.90,5642.5,-65.6,-65.6
112.95,5639.2,-65.6,-65.6
113.00,5635.9,-65.6,-65.6
113.05,5632.6,-65.6,-65.6
113.10,5629.3,-65.6,-65.6
113.15,5626.0,-65.6,-65.6
113.20,5622.8,-65.6,-65.6
113.25,5619.5,-65.6,-65.6
113.30,5616.2,-65.6,-65.6
113.35,5612.9,-65.6,-65.6
113.40,5609.6,-65.6,-65.6
113.45,5606.4,-65.6,-65.6
113.50,5603.1,-65.6,-65.6
113.55,5599.8,-65.6,-65.6
113.60,5596.5,-65.6,-65.6
113.65,5593.2,-65.6,-65.6
113.70,5590.0,-65.6,-65.6
113.75,5586.7,-65.6,-65.6
113.80,5583.4,-65.6,-65.6
113.85,5580.1,-65.6,-65.6
113.90,5576.8,-65.6,-65.6
113.95,5573.6,-65.6,-65.6
114.00,5570.3,-65.6,-65.6
114.05,5567.0,-65.6,-65.6
114.10,5563.7,-65.6,-65.6
114.15,5560.4,-65.6,-65.6
114.20,5557.2,-65.6,-65.6
114.25,5553.9,-65.6,-65.6
114.30,5550.6,-65.6,-65.6
114.35,5547.3,-65.6,-65.6
114.40,5544.0,-65.6,-65.6
114.45,5540.7,-65.6,-65.6
114.50,5537.5,-65.6,-65.6
114.55,5534.2,-65.6,-65.6
114.60,5530.9,-65.6,-65.6
114.65,5527.6,-65.6,-65.6
114.70,5524.3,-65.6,-65.6
114.75,5521.1,-65.6,-65.6
114.80,5517.8,-65.6,-65.6
114.85,5514.5,-65.6,-65.6
114.90,5511.2,-65.6,-65.6
114.95,5507.9,-65.6,-65.6
115.00,5504.7,-65.6,-65.6
115.05,5501.4,-65.6,-65.6
115.10,5498.1,-65.6,-65.6
115.15,5494.8,-65.6,-65.6
115.20,5491.5,-65.6,-65.6
115.25,5488.3,-65.6,-65.6
115.30,5485.0,-65.6,-65.6
115.35,5481.7,-65.6,-65.6
115.40,5478.4,-65.6,-65.6
115.45,5475.1,-65.6,-65.6
115.50,5471.9,-65.6,-65.6
115.55,5468.6,-65.6,-65.6
115.60,5465.3,-65.6,-65.6
115.65,5462.0,-65.6,-65.6
115.70,5458.7,-65.6,-65.6
115.75,5455.4,-65.6,-65.6
115.80,5452.2,-65.6,-65.6
115.85,5448.9,-65.6,-65.6
115.90,5445.6,-65.6,-65.6
115.95,5442.3,-65.6,-65.6
116.00,5439.0,-65.6,-65.6
116.05,5435.8,-65.6,-65.6
116.10,5432.5,-65.6,-65.6
116.15,5429.2,-65.6,-65.6
116.20,5425.9,-65.6,-65.6
116.25,5422.6,-65.6,-65.6
116.30,5419.4,-65.6,-65.6
116.35,5416.1,-65.6,-65.6
116.40,5412.8,-65.6,-65.6
116.45,5409.5,-65.6,-65.6
116.50,5406.2,-65.6,-65.6
116.55,5403.0,-65.6,-65.6
116.60,5399.7,-65.6,-65.6
116.65,5396.4,-65.6,-65.6
116.70,5393.1,-65.6,-65.6
116.75,5389.8,-65.6,-65.6
116.80,5386.5,-65.6,-65.6
116.85,5383.3,-65.6,-65.6
116.90,5380.0,-65.6,-65.6
116.95,5376.7,-65.6,-65.6
117.00,5373.4,-65.6,-65.6
117.05,5370.1,-65.6,-65.6
117.10,5366.9,-65.6,-65.6
117.15,5363.6,-65.6,-65.6
117.20,5360.3,-65.6,-65.6
117.25,5357.0,-65.6,-65.6
117.30,5353.7,-65.6,-65.6
117.35,5350.5,-65.6,-65.6
117.40,5347.2,-65.6,-65.6
117.45,5343.9,-65.6,-65.6
117.50,5340.6,-65.6,-65.6
117.55,5337.3,-65.6,-65.6
117.60,5334.1,-65.6,-65.6
117.65,5330.8,-65.6,-65.6
117.70,5327.5,-65.6,-65.6
117.75,5324.2,-65.6,-65.6
117.80,5320.9,-65.6,-65.6
117.85,5317.7,-65.6,-65.6
117.90,5314.4,-65.6,-65.6
117.95,5311.1,-65.6,-65.6
118.00,5307.8,-65.6,-65.6
118.05,5304.5,-65.6,-65.6
118.10,5301.2,-65.6,-65.6
118.15,5298.0,-65.6,-65.6
118.20,5294.7,-65.6,-65.6
118.25,5291.4,-65.6,-65.6
118.30,5288.1,-65.6,-65.6
118.35,5284.8,-65.6,-65.6
118.40,5281.6,-65.6,-65.6
118.45,5278.3,-65.6,-65.6
118.50,5275.0,-65.6,-65.6
118.55,5271.7,-65.6,-65.6
118.60,5268.4,-65.6,-65.6
118.65,5265.2,-65.6,-65.6
118.70,5261.9,-65.6,-65.6
118.75,5258.6,-65.6,-65.6
118.80,5255.3,-65.6,-65.6
118.85,5252.0,-65.6,-65.6
118.90,5248.8,-65.6,-65.6
118.95,5245.5,-65.6,-65.6
119.00,5242.2,-65.6,-65.6
119.05,5238.9,-65.6,-65.6
119.10,5235.6,-65.6,-65.6
119.15,5232.3,-65.6,-65.6
119.20,5229.1,-65.6,-65.6
119.25,5225.8,-65.6,-65.6
119.30,5222.5,-65.6,-65.6
119.35,5219.2,-65.6,-65.6
119.40,5215.9,-65.6,-65.6
119.45,5212.7,-65.6,-65.6
119.50,5209.4,-65.6,-65.6
119.55,5206.1,-65.6,-65.6
119.60,5202.8,-65.6,-65.6
119.65,5199.5,-65.6,-65.6
119.70,5196.3,-65.6,-65.6
119.75,5193.0,-65.6,-65.6
119.80,5189.7,-65.6,-65.6
119.85,5186.4,-65.6,-65.6
119.90,5183.1,-65.6,-65.6
119.95,5179.9,-65.6,-65.6
120.00,5176.6,-65.6,-65.6
120.05,5173.3,-65.6,-65.6
120.10,5170.0,-65.6,-65.6
120.15,5166.7,-65.6,-65.6
120.20,5163.5,-65.6,-65.6
120.25,5160.2,-65.6,-65.6
120.30,5156.9,-65.6,-65.6
120.35,5153.6,-65.6,-65.6
120.40,5150.3,-65.6,-65.6
120.45,5147.0,-65.6,-65.6
120.50,5143.8,-65.6,-65.6
120.55,5140.5,-65.6,-65.6
120.60,5137.2,-65.6,-65.6
120.65,5133.9,-65.6,-65.6
120.70,5130.6,-65.6,-65.6
120.75,5127.4,-65.6,-65.6
120.80,5124.1,-65.6,-65.6
120.85,5120.8,-65.6,-65.6
120.90,5117.5,-65.6,-65.6
120.95,5114.2,-65.6,-65.6
121.00,5111.0,-65.6,-65.6
121.05,5107.7,-65.6,-65.6
121.10,5104.4,-65.6,-65.6
121.15,5101.1,-65.6,-65.6
121.20,5097.8,-65.6,-65.6
121.25,5094.6,-65.6,-65.6
121.30,5091.3,-65.6,-65.6
121.35,5088.0,-65.6,-65.6
121.40,5084.7,-65.6,-65.6
121.45,5081.4,-65.6,-65.6
121.50,5078.1,-65.6,-65.6
121.55,5074.9,-65.6,-65.6
121.60,5071.6,-65.6,-65.6
121.65,5068.3,-65.6,-65.6
121.70,5065.0,-65.6,-65.6
121.75,5061.7,-65.6,-65.6
121.80,5058.5,-65.6,-65.6
121.85,5055.2,-65.6,-65.6
121.90,5051.9,-65.6,-65.6
121.95,5048.6,-65.6,-65.6
122.00,5045.3,-65.6,-65.6
122.05,5042.1,-65.6,-65.6
122.10,5038.8,-65.6,-65.6
122.15,5035.5,-65.6,-65.6
122.20,5032.2,-65.6,-65.6
122.25,5028.9,-65.6,-65.6
122.30,5025.7,-65.6,-65.6
122.35,5022.4,-65.6,-65.6
122.40,5019.1,-65.6,-65.6
122.45,5015.8,-65.6,-65.6
122.50,5012.5,-65.6,-65.6
122.55,5009.3,-65.6,-65.6
122.60,5006.0,-65.6,-65.6
122.65,5002.7,-65.6,-65.6
122.70,4999.4,-65.6,-65.6
122.75,4996.1,-65.6,-65.6
122.80,4992.8,-65.6,-65.6
122.85,4989.6,-65.6,-65.6
122.90,4986.3,-65.6,-65.6
122.95,4983.0,-65.6,-65.6
123.00,4979.7,-65.6,-65.6
123.05,4976.4,-65.6,-65.6
123.10,4973.2,-65.6,-65.6
123.15,4969.9,-65.6,-65.6
123.20,4966.6,-65.6,-65.6
123.25,4963.3,-65.6,-65.6
123.30,4960.0,-65.6,-65.6
123.35,4956.8,-65.6,-65.6
123.40,4953.5,-65.6,-65.6
123.45,4950.2,-65.6,-65.6
123.50,4946.9,-65.6,-65.6
123.55,4943.6,-65.6,-65.6
123.60,4940.4,-65.6,-65.6
123.65,4937.1,-65.6,-65.6
123.70,4933.8,-65.6,-65.6
123.75,4930.5,-65.6,-65.6
123.80,4927.2,-65.6,-65.6
123.85,4924.0,-65.6,-65.6
123.90,4920.7,-65.6,-65.6
123.95,4917.4,-65.6,-65.6
124.00,4914.1,-65.6,-65.6
124.05,4910.8,-65.6,-65.6
124.10,4907.5,-65.6,-65.6
124.15,4904.3,-65.6,-65.6
124.20,4901.0,-65.6,-65.6
124.25,4897.7,-65.6,-65.6
124.30,4894.4,-65.6,-65.6
124.35,4891.1,-65.6,-65.6
124.40,4887.9,-65.6,-65.6
124.45,4884.6,-65.6,-65.6
124.50,4881.3,-65.6,-65.6
124.55,4878.0,-65.6,-65.6
124.60,4874.7,-65.6,-65.6
124.65,4871.5,-65.6,-65.6
124.70,4868.2,-65.6,-65.6
124.75,4864.9,-65.6,-65.6
124.80,4861.6,-65.6,-65.6
124.85,4858.3,-65.6,-65.6
124.90,4855.1,-65.6,-65.6
124.95,4851.8,-65.6,-65.6
125.00,4848.5,-65.6,-65.6
125.05,4845.2,-65.6,-65.6
125.10,4841.9,-65.6,-65.6
125.15,4838.6,-65.6,-65.6
125.20,4835.4,-65.6,-65.6
125.25,4832.1,-65.6,-65.6
125.30,4828.8,-65.6,-65.6
125.35,4825.5,-65.6,-65.6
125.40,4822.2,-65.6,-65.6
125.45,4819.0,-65.6,-65.6
125.50,4815.7,-65.6,-65.6
125.55,4812.4,-65.6,-65.6
125.60,4809.1,-65.6,-65.6
125.65,4805.8,-65.6,-65.6
125.70,4802.6,-65.6,-65.6
125.75,4799.3,-65.6,-65.6
125.80,4796.0,-65.6,-65.6
125.85,4792.7,-65.6,-65.6
125.90,4789.4,-65.6,-65.6
125.95,4786.2,-65.6,-65.6
126.00,4782.9,-65.6,-65.6
126.05,4779.6,-65.6,-65.6
126.10,4776.3,-65.6,-65.6
126.15,4773.0,-65.6,-65.6
126.20,4769.8,-65.6,-65.6
126.25,4766.5,-65.6,-65.6
126.30,4763.2,-65.6,-65.6
126.35,4759.9,-65.6,-65.6
126.40,4756.6,-65.6,-65.6
126.45,4753.3,-65.6,-65.6
126.50,4750.1,-65.6,-65.6
126.55,4746.8,-65.6,-65.6
126.60,4743.5,-65.6,-65.6
126.65,4740.2,-65.6,-65.6
126.70,4736.9,-65.6,-65.6
126.75,4733.7,-65.6,-65.6
126.80,4730.4,-65.6,-65.6
126.85,4727.1,-65.6,-65.6
126.90,4723.8,-65.6,-65.6
126.95,4720.5,-65.6,-65.6
127.00,4717.3,-65.6,-65.6
127.05,4714.0,-65.6,-65.6
127.10,4710.7,-65.6,-65.6
127.15,4707.4,-65.6,-65.6
127.20,4704.1,-65.6,-65.6
127.25,4700.9,-65.6,-65.6
127.30,4697.6,-65.6,-65.6
127.35,4694.3,-65.6,-65.6
127.40,4691.0,-65.6,-65.6
127.45,4687.7,-65.6,-65.6
127.50,4684.4,-65.6,-65.6
127.55,4681.2,-65.6,-65.6
127.60,4677.9,-65.6,-65.6
127.65,4674.6,-65.6,-65.6
127.70,4671.3,-65.6,-65.6
127.75,4668.0,-65.6,-65.6
127.80,4664.8,-65.6,-65.6
127.85,4661.5,-65.6,-65.6
127.90,4658.2,-65.6,-65.6
127.95,4654.9,-65.6,-65.6
128.00,4651.6,-65.6,-65.6
128.05,4648.4,-65.6,-65.6
128.10,4645.1,-65.6,-65.6
128.15,4641.8,-65.6,-65.6
128.20,4638.5,-65.6,-65.6
128.25,4635.2,-65.6,-65.6
128.30,4632.0,-65.6,-65.6
128.35,4628.7,-65.6,-65.6
128.40,4625.4,-65.6,-65.6
128.45,4622.1,-65.6,-65.6
128.50,4618.8,-65.6,-65.6
128.55,4615.6,-65.6,-65.6
128.60,4612.3,-65.6,-65.6
128.65,4609.0,-65.6,-65.6
128.70,4605.7,-65.6,-65.6
128.75,4602.4,-65.6,-65.6
128.80,4599.1,-65.6,-65.6
128.85,4595.9,-65.6,-65.6
128.90,4592.6,-65.6,-65.6
128.95,4589.3,-65.6,-65.6
129.00,4586.0,-65.6,-65.6
129.05,4582.7,-65.6,-65.6
129.10,4579.5,-65.6,-65.6
129.15,4576.2,-65.6,-65.6
129.20,4572.9,-65.6,-65.6
129.25,4569.6,-65.6,-65.6
129.30,4566.3,-65.6,-65.6
129.35,4563.1,-65.6,-65.6
129.40,4559.8,-65.6,-65.6
129.45,4556.5,-65.6,-65.6
129.50,4553.2,-65.6,-65.6
129.55,4549.9,-65.6,-65.6
129.60,4546.7,-65.6,-65.6
129.65,4543.4,-65.6,-65.6
129.70,4540.1,-65.6,-65.6
129.75,4536.8,-65.6,-65.6
129.80,4533.5,-65.6,-65.6
129.85,4530.2,-65.6,-65.6
129.90,4527.0,-65.6,-65.6
129.95,4523.7,-65.6,-65.6
130.00,4520.4,-65.6,-65.6
130.05,4517.1,-65.6,-65.6
130.10,4513.8,-65.6,-65.6
130.15,4510.6,-65.6,-65.6
130.20,4507.3,-65.6,-65.6
130.25,4504.0,-65.6,-65.6
130.30,4500.7,-65.6,-65.6
130.35,4497.4,-65.6,-65.6
130.40,4494.2,-65.6,-65.6
130.45,4490.9,-65.6,-65.6
130.50,4487.6,-65.6,-65.6
130.55,4484.3,-65.6,-65.6
130.60,4481.0,-65.6,-65.6
130.65,4477.8,-65.6,-65.6
130.70,4474.5,-65.6,-65.6
130.75,4471.2,-65.6,-65.6
130.80,4467.9,-65.6,-65.6
130.85,4464.6,-65.6,-65.6
130.90,4461.4,-65.6,-65.6
130.95,4458.1,-65.6,-65.6
131.00,4454.8,-65.6,-65.6
131.05,4451.5,-65.6,-65.6
131.10,4448.2,-65.6,-65.6
131.15,4444.9,-65.6,-65.6
131.20,4441.7,-65.6,-65.6
131.25,4438.4,-65.6,-65.6
131.30,4435.1,-65.6,-65.6
131.35,4431.8,-65.6,-65.6
131.40,4428.5,-65.6,-65.6
131.45,4425.3,-65.6,-65.6
131.50,4422.0,-65.6,-65.6
131.55,4418.7,-65.6,-65.6
131.60,4415.4,-65.6,-65.6
131.65,4412.1,-65.6,-65.6
131.70,4408.9,-65.6,-65.6
131.75,4405.6,-65.6,-65.6
131.80,4402.3,-65.6,-65.6
131.85,4399.0,-65.6,-65.6
131.90,4395.7,-65.6,-65.6
131.95,4392.5,-65.6,-65.6
132.00,4389.2,-65.6,-65.6
132.05,4385.9,-65.6,-65.6
132.10,4382.6,-65.6,-65.6
132.15,4379.3,-65.6,-65.6
132.20,4376.0,-65.6,-65.6
132.25,4372.8,-65.6,-65.6
132.30,4369.5,-65.6,-65.6
132.35,4366.2,-65.6,-65.6
132.40,4362.9,-65.6,-65.6
132.45,4359.6,-65.6,-65.6
132.50,4356.4,-65.6,-65.6
132.55,4353.1,-65.6,-65.6
132.60,4349.8,-65.6,-65.6
132.65,4346.5,-65.6,-65.6
132.70,4343.2,-65.6,-65.6
132.75,4340.0,-65.6,-65.6
132.80,4336.7,-65.6,-65.6
132.85,4333.4,-65.6,-65.6
132.90,4330.1,-65.6,-65.6
132.95,4326.8,-65.6,-65.6
133.00,4323.6,-65.6,-65.6
133.05,4320.3,-65.6,-65.6
133.10,4317.0,-65.6,-65.6
133.15,4313.7,-65.6,-65.6
133.20,4310.4,-65.6,-65.6
133.25,4307.2,-65.6,-65.6
133.30,4303.9,-65.6,-65.6
133.35,4300.6,-65.6,-65.6
133.40,4297.3,-65.6,-65.6
133.45,4294.0,-65.6,-65.6
133.50,4290.7,-65.6,-65.6
133.55,4287.5,-65.6,-65.6
133.60,4284.2,-65.6,-65.6
133.65,4280.9,-65.6,-65.6
133.70,4277.6,-65.6,-65.6
133.75,4274.3,-65.6,-65.6
133.80,4271.1,-65.6,-65.6
133.85,4267.8,-65.6,-65.6
133.90,4264.5,-65.6,-65.6
133.95,4261.2,-65.6,-65.6
134.00,4257.9,-65.6,-65.6
134.05,4254.7,-65.6,-65.6
134.10,4251.4,-65.6,-65.6
134.15,4248.1,-65.6,-65.6
134.20,4244.8,-65.6,-65.6
134.25,4241.5,-65.6,-65.6
134.30,4238.3,-65.6,-65.6
134.35,4235.0,-65.6,-65.6
134.40,4231.7,-65.6,-65.6
134.45,4228.4,-65.6,-65.6
134.50,4225.1,-65.6,-65.6
134.55,4221.9,-65.6,-65.6
134.60,4218.6,-65.6,-65.6
134.65,4215.3,-65.6,-65.6
134.70,4212.0,-65.6,-65.6
134.75,4208.7,-65.6,-65.6
134.80,4205.4,-65.6,-65.6
134.85,4202.2,-65.6,-65.6
134.90,4198.9,-65.6,-65.6
134.95,4195.6,-65.6,-65.6
135.00,4192.3,-65.6,-65.6
135.05,4189.0,-65.6,-65.6
135.10,4185.8,-65.6,-65.6
135.15,4182.5,-65.6,-65.6
135.20,4179.2,-65.6,-65.6
135.25,4175.9,-65.6,-65.6
135.30,4172.6,-65.6,-65.6
135.35,4169.4,-65.6,-65.6
135.40,4166.1,-65.6,-65.6
135.45,4162.8,-65.6,-65.6
135.50,4159.5,-65.6,-65.6
135.55,4156.2,-65.6,-65.6
135.60,4153.0,-65.6,-65.6
135.65,4149.7,-65.6,-65.6
135.70,4146.4,-65.6,-65.6
135.75,4143.1,-65.6,-65.6
135.80,4139.8,-65.6,-65.6
135.85,4136.5,-65.6,-65.6
135.90,4133.3,-65.6,-65.6
135.95,4130.0,-65.6,-65.6
136.00,4126.7,-65.6,-65.6
136.05,4123.4,-65.6,-65.6
136.10,4120.1,-65.6,-65.6
136.15,4116.9,-65.6,-65.6
136.20,4113.6,-65.6,-65.6
136.25,4110.3,-65.6,-65.6
136.30,4107.0,-65.6,-65.6
136.35,4103.7,-65.6,-65.6
136.40,4100.5,-65.6,-65.6
136.45,4097.2,-65.6,-65.6
136.50,4093.9,-65.6,-65.6
136.55,4090.6,-65.6,-65.6
136.60,4087.3,-65.6,-65.6
136.65,4084.1,-65.6,-65.6
136.70,4080.8,-65.6,-65.6
136.75,4077.5,-65.6,-65.6
136.80,4074.2,-65.6,-65.6
136.85,4070.9,-65.6,-65.6
136.90,4067.7,-65.6,-65.6
136.95,4064.4,-65.6,-65.6
137.00,4061.1,-65.6,-65.6
137.05,4057.8,-65.6,-65.6
137.10,4054.5,-65.6,-65.6
137.15,4051.2,-65.6,-65.6
137.20,4048.0,-65.6,-65.6
137.25,4044.7,-65.6,-65.6
137.30,4041.4,-65.6,-65.6
137.35,4038.1,-65.6,-65.6
137.40,4034.8,-65.6,-65.6
137.45,4031.6,-65.6,-65.6
137.50,4028.3,-65.6,-65.6
137.55,4025.0,-65.6,-65.6
137.60,4021.7,-65.6,-65.6
137.65,4018.4,-65.6,-65.6
137.70,4015.2,-65.6,-65.6
137.75,4011.9,-65.6,-65.6
137.80,4008.6,-65.6,-65.6
137.85,4005.3,-65.6,-65.6
137.90,4002.0,-65.6,-65.6
137.95,3998.8,-65.6,-65.6
138.00,3995.5,-65.6,-65.6
138.05,3992.2,-65.6,-65.6
138.10,3988.9,-65.6,-65.6
138.15,3985.6,-65.6,-65.6
138.20,3982.3,-65.6,-65.6
138.25,3979.1,-65.6,-65.6
138.30,3975.8,-65.6,-65.6
138.35,3972.5,-65.6,-65.6
138.40,3969.2,-65.6,-65.6
138.45,3965.9,-65.6,-65.6
138.50,3962.7,-65.6,-65.6
138.55,3959.4,-65.6,-65.6
138.60,3956.1,-65.6,-65.6
138.65,3952.8,-65.6,-65.6
138.70,3949.5,-65.6,-65.6
138.75,3946.3,-65.6,-65.6
138.80,3943.0,-65.6,-65.6
138.85,3939.7,-65.6,-65.6
138.90,3936.4,-65.6,-65.6
138.95,3933.1,-65.6,-65.6
139.00,3929.9,-65.6,-65.6
139.05,3926.6,-65.6,-65.6
139.10,3923.3,-65.6,-65.6
139.15,3920.0,-65.6,-65.6
139.20,3916.7,-65.6,-65.6
139.25,3913.5,-65.6,-65.6
139.30,3910.2,-65.6,-65.6
139.35,3906.9,-65.6,-65.6
139.40,3903.6,-65.6,-65.6
139.45,3900.3,-65.6,-65.6
139.50,3897.0,-65.6,-65.6
139.55,3893.8,-65.6,-65.6
139.60,3890.5,-65.6,-65.6
139.65,3887.2,-65.6,-65.6
139.70,3883.9,-65.6,-65.6
139.75,3880.6,-65.6,-65.6
139.80,3877.4,-65.6,-65.6
139.85,3874.1,-65.6,-65.6
139.90,3870.8,-65.6,-65.6
139.95,3867.5,-65.6,-65.6
140.00,3864.2,-65.6,-65.6
140.05,3861.0,-65.6,-65.6
140.10,3857.7,-65.6,-65.6
140.15,3854.4,-65.6,-65.6
140.20,3851.1,-65.6,-65.6
140.25,3847.8,-65.6,-65.6
140.30,3844.6,-65.6,-65.6
140.35,3841.3,-65.6,-65.6
140.40,3838.0,-65.6,-65.6
140.45,3834.7,-65.6,-65.6
140.50,3831.4,-65.6,-65.6
140.55,3828.1,-65.6,-65.6
140.60,3824.9,-65.6,-65.6
140.65,3821.6,-65.6,-65.6
140.70,3818.3,-65.6,-65.6
140.75,3815.0,-65.6,-65.6
140.80,3811.7,-65.6,-65.6
140.85,3808.5,-65.6,-65.6
140.90,3805.2,-65.6,-65.6
140.95,3801.9,-65.6,-65.6
141.00,3798.6,-65.6,-65.6
141.05,3795.3,-65.6,-65.6
141.10,3792.1,-65.6,-65.6
141.15,3788.8,-65.6,-65.6
141.20,3785.5,-65.6,-65.6
141.25,3782.2,-65.6,-65.6
141.30,3778.9,-65.6,-65.6
141.35,3775.7,-65.6,-65.6
141.40,3772.4,-65.6,-65.6
141.45,3769.1,-65.6,-65.6
141.50,3765.8,-65.6,-65.6
141.55,3762.5,-65.6,-65.6
141.60,3759.3,-65.6,-65.6
141.65,3756.0,-65.6,-65.6
141.70,3752.7,-65.6,-65.6
141.75,3749.4,-65.6,-65.6
141.80,3746.1,-65.6,-65.6
141.85,3742.8,-65.6,-65.6
141.90,3739.6,-65.6,-65.6
141.95,3736.3,-65.6,-65.6
142.00,3733.0,-65.6,-65.6
142.05,3729.7,-65.6,-65.6
142.10,3726.4,-65.6,-65.6
142.15,3723.2,-65.6,-65.6
142.20,3719.9,-65.6,-65.6
142.25,3716.6,-65.6,-65.6
142.30,3713.3,-65.6,-65.6
142.35,3710.0,-65.6,-65.6
142.40,3706.8,-65.6,-65.6
142.45,3703.5,-65.6,-65.6
142.50,3700.2,-65.6,-65.6
142.55,3696.9,-65.6,-65.6
142.60,3693.6,-65.6,-65.6
142.65,3690.4,-65.6,-65.6
142.70,3687.1,-65.6,-65.6
142.75,3683.8,-65.6,-65.6
142.80,3680.5,-65.6,-65.6
142.85,3677.2,-65.6,-65.6
142.90,3674.0,-65.6,-65.6
142.95,3670.7,-65.6,-65.6
143.00,3667.4,-65.6,-65.6
143.05,3664.1,-65.6,-65.6
143.10,3660.8,-65.6,-65.6
143.15,3657.5,-65.6,-65.6
143.20,3654.3,-65.6,-65.6
143.25,3651.0,-65.6,-65.6
143.30,3647.7,-65.6,-65.6
143.35,3644.4,-65.6,-65.6
143.40,3641.1,-65.6,-65.6
143.45,3637.9,-65.6,-65.6
143.50,3634.6,-65.6,-65.6
143.55,3631.3,-65.6,-65.6
143.60,3628.0,-65.6,-65.6
143.65,3624.7,-65.6,-65.6
143.70,3621.5,-65.6,-65.6
143.75,3618.2,-65.6,-65.6
143.80,3614.9,-65.6,-65.6
143.85,3611.6,-65.6,-65.6
143.90,3608.3,-65.6,-65.6
143.95,3605.1,-65.6,-65.6
144.00,3601.8,-65.6,-65.6
144.05,3598.5,-65.6,-65.6
144.10,3595.2,-65.6,-65.6
144.15,3591.9,-65.6,-65.6
144.20,3588.6,-65.6,-65.6
144.25,3585.4,-65.6,-65.6
144.30,3582.1,-65.6,-65.6
144.35,3578.8,-65.6,-65.6
144.40,3575.5,-65.6,-65.6
144.45,3572.2,-65.6,-65.6
144.50,3569.0,-65.6,-65.6
144.55,3565.7,-65.6,-65.6
144.60,3562.4,-65.6,-65.6
144.65,3559.1,-65.6,-65.6
144.70,3555.8,-65.6,-65.6
144.75,3552.6,-65.6,-65.6
144.80,3549.3,-65.6,-65.6
144.85,3546.0,-65.6,-65.6
144.90,3542.7,-65.6,-65.6
144.95,3539.4,-65.6,-65.6
145.00,3536.2,-65.6,-65.6
145.05,3532.9,-65.6,-65.6
145.10,3529.6,-65.6,-65.6
145.15,3526.3,-65.6,-65.6
145.20,3523.0,-65.6,-65.6
145.25,3519.8,-65.6,-65.6
145.30,3516.5,-65.6,-65.6
145.35,3513.2,-65.6,-65.6
145.40,3509.9,-65.6,-65.6
145.45,3506.6,-65.6,-65.6
145.50,3503.3,-65.6,-65.6
145.55,3500.1,-65.6,-65.6
145.60,3496.8,-65.6,-65.6
145.65,3493.5,-65.6,-65.6
145.70,3490.2,-65.6,-65.6
145.75,3486.9,-65.6,-65.6
145.80,3483.7,-65.6,-65.6
145.85,3480.4,-65.6,-65.6
145.90,3477.1,-65.6,-65.6
145.95,3473.8,-65.6,-65.6
146.00,3470.5,-65.6,-65.6
146.05,3467.3,-65.6,-65.6
146.10,3464.0,-65.6,-65.6
146.15,3460.7,-65.6,-65.6
146.20,3457.4,-65.6,-65.6
146.25,3454.1,-65.6,-65.6
146.30,3450.9,-65.6,-65.6
146.35,3447.6,-65.6,-65.6
146.40,3444.3,-65.6,-65.6
146.45,3441.0,-65.6,-65.6
146.50,3437.7,-65.6,-65.6
146.55,3434.4,-65.6,-65.6
146.60,3431.2,-65.6,-65.6
146.65,3427.9,-65.6,-65.6
146.70,3424.6,-65.6,-65.6
146.75,3421.3,-65.6,-65.6
146.80,3418.0,-65.6,-65.6
146.85,3414.8,-65.6,-65.6
146.90,3411.5,-65.6,-65.6
146.95,3408.2,-65.6,-65.6
147.00,3404.9,-65.6,-65.6
147.05,3401.6,-65.6,-65.6
147.10,3398.4,-65.6,-65.6
147.15,3395.1,-65.6,-65.6
147.20,3391.8,-65.6,-65.6
147.25,3388.5,-65.6,-65.6
147.30,3385.2,-65.6,-65.6
147.35,3382.0,-65.6,-65.6
147.40,3378.7,-65.6,-65.6
147.45,3375.4,-65.6,-65.6
147.50,3372.1,-65.6,-65.6
147.55,3368.8,-65.6,-65.6
147.60,3365.6,-65.6,-65.6
147.65,3362.3,-65.6,-65.6
147.70,3359.0,-65.6,-65.6
147.75,3355.7,-65.6,-65.6
147.80,3352.4,-65.6,-65.6
147.85,3349.1,-65.6,-65.6
147.90,3345.9,-65.6,-65.6
147.95,3342.6,-65.6,-65.6
148.00,3339.3,-65.6,-65.6
148.05,3336.0,-65.6,-65.6
148.10,3332.7,-65.6,-65.6
148.15,3329.5,-65.6,-65.6
148.20,3326.2,-65.6,-65.6
148.25,3322.9,-65.6,-65.6
148.30,3319.6,-65.6,-65.6
148.35,3316.3,-65.6,-65.6
148.40,3313.1,-65.6,-65.6
148.45,3309.8,-65.6,-65.6
148.50,3306.5,-65.6,-65.6
148.55,3303.2,-65.6,-65.6
148.60,3299.9,-65.6,-65.6
148.65,3296.7,-65.6,-65.6
148.70,3293.4,-65.6,-65.6
148.75,3290.1,-65.6,-65.6
148.80,3286.8,-65.6,-65.6
148.85,3283.5,-65.6,-65.6
148.90,3280.2,-65.6,-65.6
148.95,3277.0,-65.6,-65.6
149.00,3273.7,-65.6,-65.6
149.05,3270.4,-65.6,-65.6
149.10,3267.1,-65.6,-65.6
149.15,3263.8,-65.6,-65.6
149.20,3260.6,-65.6,-65.6
149.25,3257.3,-65.6,-65.6
149.30,3254.0,-65.6,-65.6
149.35,3250.7,-65.6,-65.6
149.40,3247.4,-65.6,-65.6
149.45,3244.2,-65.6,-65.6
149.50,3240.9,-65.6,-65.6
149.55,3237.6,-65.6,-65.6
149.60,3234.3,-65.6,-65.6
149.65,3231.0,-65.6,-65.6
149.70,3227.8,-65.6,-65.6
149.75,3224.5,-65.6,-65.6
149.80,3221.2,-65.6,-65.6
149.85,3217.9,-65.6,-65.6
149.90,3214.6,-65.6,-65.6
149.95,3211.4,-65.6,-65.6
150.00,3208.1,-65.6,-65.6
150.05,3204.8,-65.6,-65.6
150.10,3201.5,-65.6,-65.6
150.15,3198.2,-65.6,-65.6
150.20,3194.9,-65.6,-65.6
150.25,3191.7,-65.6,-65.6
150.30,3188.4,-65.6,-65.6
150.35,3185.1,-65.6,-65.6
150.40,3181.8,-65.6,-65.6
150.45,3178.5,-65.6,-65.6
150.50,3175.3,-65.6,-65.6
150.55,3172.0,-65.6,-65.6
150.60,3168.7,-65.6,-65.6
150.65,3165.4,-65.6,-65.6
150.70,3162.1,-65.6,-65.6
150.75,3158.9,-65.6,-65.6
150.80,3155.6,-65.6,-65.6
150.85,3152.3,-65.6,-65.6
150.90,3149.0,-65.6,-65.6
150.95,3145.7,-65.6,-65.6
151.00,3142.5,-65.6,-65.6
151.05,3139.2,-65.6,-65.6
151.10,3135.9,-65.6,-65.6
151.15,3132.6,-65.6,-65.6
151.20,3129.3,-65.6,-65.6
151.25,3126.0,-65.6,-65.6
151.30,3122.8,-65.6,-65.6
151.35,3119.5,-65.6,-65.6
151.40,3116.2,-65.6,-65.6
151.45,3112.9,-65.6,-65.6
151.50,3109.6,-65.6,-65.6
151.55,3106.4,-65.6,-65.6
151.60,3103.1,-65.6,-65.6
151.65,3099.8,-65.6,-65.6
151.70,3096.5,-65.6,-65.6
151.75,3093.2,-65.6,-65.6
151.80,3090.0,-65.6,-65.6
151.85,3086.7,-65.6,-65.6
151.90,3083.4,-65.6,-65.6
151.95,3080.1,-65.6,-65.6
152.00,3076.8,-65.6,-65.6
152.05,3073.6,-65.6,-65.6
152.10,3070.3,-65.6,-65.6
152.15,3067.0,-65.6,-65.6
152.20,3063.7,-65.6,-65.6
152.25,3060.4,-65.6,-65.6
152.30,3057.2,-65.6,-65.6
152.35,3053.9,-65.6,-65.6
152.40,3050.6,-65.6,-65.6
152.45,3047.3,-65.6,-65.6
152.50,3044.0,-65.6,-65.6
152.55,3040.7,-65.6,-65.6
152.60,3037.5,-65.6,-65.6
152.65,3034.2,-65.6,-65.6
152.70,3030.9,-65.6,-65.6
152.75,3027.6,-65.6,-65.6
152.80,3024.3,-65.6,-65.6
152.85,3021.1,-65.6,-65.6
152.90,3017.8,-65.6,-65.6
152.95,3014.5,-65.6,-65.6
153.00,3011.2,-65.6,-65.6
153.05,3007.9,-65.6,-65.6
153.10,3004.7,-65.6,-65.6
153.15,3001.4,-65.6,-65.6
153.20,2998.1,-65.6,-65.6
153.25,2994.8,-65.6,-65.6
153.30,2991.5,-65.6,-65.6
153.35,2988.3,-65.6,-65.6
153.40,2985.0,-65.6,-65.6
153.45,2981.7,-65.6,-65.6
153.50,2978.4,-65.6,-65.6
153.55,2975.1,-65.6,-65.6
153.60,2971.9,-65.6,-65.6
153.65,2968.6,-65.6,-65.6
153.70,2965.3,-65.6,-65.6
153.75,2962.0,-65.6,-65.6
153.80,2958.7,-65.6,-65.6
153.85,2955.4,-65.6,-65.6
153.90,2952.2,-65.6,-65.6
153.95,2948.9,-65.6,-65.6
154.00,2945.6,-65.6,-65.6
154.05,2942.3,-65.6,-65.6
154.10,2939.0,-65.6,-65.6
154.15,2935.8,-65.6,-65.6
154.20,2932.5,-65.6,-65.6
154.25,2929.2,-65.6,-65.6
154.30,2925.9,-65.6,-65.6
154.35,2922.6,-65.6,-65.6
154.40,2919.4,-65.6,-65.6
154.45,2916.1,-65.6,-65.6
154.50,2912.8,-65.6,-65.6
154.55,2909.5,-65.6,-65.6
154.60,2906.2,-65.6,-65.6
154.65,2903.0,-65.6,-65.6
154.70,2899.7,-65.6,-65.6
154.75,2896.4,-65.6,-65.6
154.80,2893.1,-65.6,-65.6
154.85,2889.8,-65.6,-65.6
154.90,2886.5,-65.6,-65.6
154.95,2883.3,-65.6,-65.6
155.00,2880.0,-65.6,-65.6
155.05,2876.7,-65.6,-65.6
155.10,2873.4,-65.6,-65.6
155.15,2870.1,-65.6,-65.6
155.20,2866.9,-65.6,-65.6
155.25,2863.6,-65.6,-65.6
155.30,2860.3,-65.6,-65.6
155.35,2857.0,-65.6,-65.6
155.40,2853.7,-65.6,-65.6
155.45,2850.5,-65.6,-65.6
155.50,2847.2,-65.6,-65.6
155.55,2843.9,-65.6,-65.6
155.60,2840.6,-65.6,-65.6
155.65,2837.3,-65.6,-65.6
155.70,2834.1,-65.6,-65.6
155.75,2830.8,-65.6,-65.6
155.80,2827.5,-65.6,-65.6
155.85,2824.2,-65.6,-65.6
155.90,2820.9,-65.6,-65.6
155.95,2817.7,-65.6,-65.6
156.00,2814.4,-65.6,-65.6
156.05,2811.1,-65.6,-65.6
156.10,2807.8,-65.6,-65.6
156.15,2804.5,-65.6,-65.6
156.20,2801.2,-65.6,-65.6
156.25,2798.0,-65.6,-65.6
156.30,2794.7,-65.6,-65.6
156.35,2791.4,-65.6,-65.6
156.40,2788.1,-65.6,-65.6
156.45,2784.8,-65.6,-65.6
156.50,2781.6,-65.6,-65.6
156.55,2778.3,-65.6,-65.6
156.60,2775.0,-65.6,-65.6
156.65,2771.7,-65.6,-65.6
156.70,2768.4,-65.6,-65.6
156.75,2765.2,-65.6,-65.6
156.80,2761.9,-65.6,-65.6
156.85,2758.6,-65.6,-65.6
156.90,2755.3,-65.6,-65.6
156.95,2752.0,-65.6,-65.6
157.00,2748.8,-65.6,-65.6
157.05,2745.5,-65.6,-65.6
157.10,2742.2,-65.6,-65.6
157.15,2738.9,-65.6,-65.6
157.20,2735.6,-65.6,-65.6
157.25,2732.3,-65.6,-65.6
157.30,2729.1,-65.6,-65.6
157.35,2725.8,-65.6,-65.6
157.40,2722.5,-65.6,-65.6
157.45,2719.2,-65.6,-65.6
157.50,2715.9,-65.6,-65.6
157.55,2712.7,-65.6,-65.6
157.60,2709.4,-65.6,-65.6
157.65,2706.1,-65.6,-65.6
157.70,2702.8,-65.6,-65.6
157.75,2699.5,-65.6,-65.6
157.80,2696.3,-65.6,-65.6
157.85,2693.0,-65.6,-65.6
157.90,2689.7,-65.6,-65.6
157.95,2686.4,-65.6,-65.6
158.00,2683.1,-65.6,-65.6
158.05,2679.9,-65.6,-65.6
158.10,2676.6,-65.6,-65.6
158.15,2673.3,-65.6,-65.6
158.20,2670.0,-65.6,-65.6
158.25,2666.7,-65.6,-65.6
158.30,2663.5,-65.6,-65.6
158.35,2660.2,-65.6,-65.6
158.40,2656.9,-65.6,-65.6
158.45,2653.6,-65.6,-65.6
158.50,2650.3,-65.6,-65.6
158.55,2647.0,-65.6,-65.6
158.60,2643.8,-65.6,-65.6
158.65,2640.5,-65.6,-65.6
158.70,2637.2,-65.6,-65.6
158.75,2633.9,-65.6,-65.6
158.80,2630.6,-65.6,-65.6
158.85,2627.4,-65.6,-65.6
158.90,2624.1,-65.6,-65.6
158.95,2620.8,-65.6,-65.6
159.00,2617.5,-65.6,-65.6
159.05,2614.2,-65.6,-65.6
159.10,2611.0,-65.6,-65.6
159.15,2607.7,-65.6,-65.6
159.20,2604.4,-65.6,-65.6
159.25,2601.1,-65.6,-65.6
159.30,2597.8,-65.6,-65.6
159.35,2594.6,-65.6,-65.6
159.40,2591.3,-65.6,-65.6
159.45,2588.0,-65.6,-65.6
159.50,2584.7,-65.6,-65.6
159.55,2581.4,-65.6,-65.6
159.60,2578.1,-65.6,-65.6
159.65,2574.9,-65.6,-65.6
159.70,2571.6,-65.6,-65.6
159.75,2568.3,-65.6,-65.6
159.80,2565.0,-65.6,-65.6
159.85,2561.7,-65.6,-65.6
159.90,2558.5,-65.6,-65.6
159.95,2555.2,-65.6,-65.6
160.00,2551.9,-65.6,-65.6
160.05,2548.6,-65.6,-65.6
160.10,2545.3,-65.6,-65.6
160.15,2542.1,-65.6,-65.6
160.20,2538.8,-65.6,-65.6
160.25,2535.5,-65.6,-65.6
160.30,2532.2,-65.6,-65.6
160.35,2528.9,-65.6,-65.6
160.40,2525.7,-65.6,-65.6
160.45,2522.4,-65.6,-65.6
160.50,2519.1,-65.6,-65.6
160.55,2515.8,-65.6,-65.6
160.60,2512.5,-65.6,-65.6
160.65,2509.3,-65.6,-65.6
160.70,2506.0,-65.6,-65.6
160.75,2502.7,-65.6,-65.6
160.80,2499.4,-65.6,-65.6
160.85,2496.1,-65.6,-65.6
160.90,2492.8,-65.6,-65.6
160.95,2489.6,-65.6,-65.6
161.00,2486.3,-65.6,-65.6
161.05,2483.0,-65.6,-65.6
161.10,2479.7,-65.6,-65.6
161.15,2476.4,-65.6,-65.6
161.20,2473.2,-65.6,-65.6
161.25,2469.9,-65.6,-65.6
161.30,2466.6,-65.6,-65.6
161.35,2463.3,-65.6,-65.6
161.40,2460.0,-65.6,-65.6
161.45,2456.8,-65.6,-65.6
161.50,2453.5,-65.6,-65.6
161.55,2450.2,-65.6,-65.6
161.60,2446.9,-65.6,-65.6
161.65,2443.6,-65.6,-65.6
161.70,2440.4,-65.6,-65.6
161.75,2437.1,-65.6,-65.6
161.80,2433.8,-65.6,-65.6
161.85,2430.5,-65.6,-65.6
161.90,2427.2,-65.6,-65.6
161.95,2424.0,-65.6,-65.6
162.00,2420.7,-65.6,-65.6
162.05,2417.4,-65.6,-65.6
162.10,2414.1,-65.6,-65.6
162.15,2410.8,-65.6,-65.6
162.20,2407.5,-65.6,-65.6
162.25,2404.3,-65.6,-65.6
162.30,2401.0,-65.6,-65.6
162.35,2397.7,-65.6,-65.6
162.40,2394.4,-65.6,-65.6
162.45,2391.1,-65.6,-65.6
162.50,2387.9,-65.6,-65.6
162.55,2384.6,-65.6,-65.6
162.60,2381.3,-65.6,-65.6
162.65,2378.0,-65.6,-65.6
162.70,2374.7,-65.6,-65.6
162.75,2371.5,-65.6,-65.6
162.80,2368.2,-65.6,-65.6
162.85,2364.9,-65.6,-65.6
162.90,2361.6,-65.6,-65.6
162.95,2358.3,-65.6,-65.6
163.00,2355.1,-65.6,-65.6
163.05,2351.8,-65.6,-65.6
163.10,2348.5,-65.6,-65.6
163.15,2345.2,-65.6,-65.6
163.20,2341.9,-65.6,-65.6
163.25,2338.6,-65.6,-65.6
163.30,2335.4,-65.6,-65.6
163.35,2332.1,-65.6,-65.6
163.40,2328.8,-65.6,-65.6
163.45,2325.5,-65.6,-65.6
163.50,2322.2,-65.6,-65.6
163.55,2319.0,-65.6,-65.6
163.60,2315.7,-65.6,-65.6
163.65,2312.4,-65.6,-65.6
163.70,2309.1,-65.6,-65.6
163.75,2305.8,-65.6,-65.6
163.80,2302.6,-65.6,-65.6
163.85,2299.3,-65.6,-65.6
163.90,2296.0,-65.6,-65.6
163.95,2292.7,-65.6,-65.6
164.00,2289.4,-65.6,-65.6
164.05,2286.2,-65.6,-65.6
164.10,2282.9,-65.6,-65.6
164.15,2279.6,-65.6,-65.6
164.20,2276.3,-65.6,-65.6
164.25,2273.0,-65.6,-65.6
164.30,2269.8,-65.6,-65.6
164.35,2266.5,-65.6,-65.6
164.40,2263.2,-65.6,-65.6
164.45,2259.9,-65.6,-65.6
164.50,2256.6,-65.6,-65.6
164.55,2253.3,-65.6,-65.6
164.60,2250.1,-65.6,-65.6
164.65,2246.8,-65.6,-65.6
164.70,2243.5,-65.6,-65.6
164.75,2240.2,-65.6,-65.6
164.80,2236.9,-65.6,-65.6
164.85,2233.7,-65.6,-65.6
164.90,2230.4,-65.6,-65.6
164.95,2227.1,-65.6,-65.6
165.00,2223.8,-65.6,-65.6
165.05,2220.5,-65.6,-65.6
165.10,2217.3,-65.6,-65.6
165.15,2214.0,-65.6,-65.6
165.20,2210.7,-65.6,-65.6
165.25,2207.4,-65.6,-65.6
165.30,2204.1,-65.6,-65.6
165.35,2200.9,-65.6,-65.6
165.40,2197.6,-65.6,-65.6
165.45,2194.3,-65.6,-65.6
165.50,2191.0,-65.6,-65.6
165.55,2187.7,-65.6,-65.6
165.60,2184.4,-65.6,-65.6
165.65,2181.2,-65.6,-65.6
165.70,2177.9,-65.6,-65.6
165.75,2174.6,-65.6,-65.6
165.80,2171.3,-65.6,-65.6
165.85,2168.0,-65.6,-65.6
165.90,2164.8,-65.6,-65.6
165.95,2161.5,-65.6,-65.6
166.00,2158.2,-65.6,-65.6
166.05,2154.9,-65.6,-65.6
166.10,2151.6,-65.6,-65.6
166.15,2148.4,-65.6,-65.6
166.20,2145.1,-65.6,-65.6
166.25,2141.8,-65.6,-65.6
166.30,2138.5,-65.6,-65.6
166.35,2135.2,-65.6,-65.6
166.40,2132.0,-65.6,-65.6
166.45,2128.7,-65.6,-65.6
166.50,2125.4,-65.6,-65.6
166.55,2122.1,-65.6,-65.6
166.60,2118.8,-65.6,-65.6
166.65,2115.6,-65.6,-65.6
166.70,2112.3,-65.6,-65.6
166.75,2109.0,-65.6,-65.6
166.80,2105.7,-65.6,-65.6
166.85,2102.4,-65.6,-65.6
166.90,2099.1,-65.6,-65.6
166.95,2095.9,-65.6,-65.6
167.00,2092.6,-65.6,-65.6
167.05,2089.3,-65.6,-65.6
167.10,2086.0,-65.6,-65.6
167.15,2082.7,-65.6,-65.6
167.20,2079.5,-65.6,-65.6
167.25,2076.2,-65.6,-65.6
167.30,2072.9,-65.6,-65.6
167.35,2069.6,-65.6,-65.6
167.40,2066.3,-65.6,-65.6
167.45,2063.1,-65.6,-65.6
167.50,2059.8,-65.6,-65.6
167.55,2056.5,-65.6,-65.6
167.60,2053.2,-65.6,-65.6
167.65,2049.9,-65.6,-65.6
167.70,2046.7,-65.6,-65.6
167.75,2043.4,-65.6,-65.6
167.80,2040.1,-65.6,-65.6
167.85,2036.8,-65.6,-65.6
167.90,2033.5,-65.6,-65.6
167.95,2030.2,-65.6,-65.6
168.00,2027.0,-65.6,-65.6
168.05,2023.7,-65.6,-65.6
168.10,2020.4,-65.6,-65.6
168.15,2017.1,-65.6,-65.6
168.20,2013.8,-65.6,-65.6
168.25,2010.6,-65.6,-65.6
168.30,2007.3,-65.6,-65.6
168.35,2004.0,-65.6,-65.6
168.40,2000.7,-65.6,-65.6
168.45,1997.4,-65.6,-65.6
168.50,1994.2,-65.6,-65.6
168.55,1990.9,-65.6,-65.6
168.60,1987.6,-65.6,-65.6
168.65,1984.3,-65.6,-65.6
168.70,1981.0,-65.6,-65.6
168.75,1977.8,-65.6,-65.6
168.80,1974.5,-65.6,-65.6
168.85,1971.2,-65.6,-65.6
168.90,1967.9,-65.6,-65.6
168.95,1964.6,-65.6,-65.6
169.00,1961.4,-65.6,-65.6
169.05,1958.1,-65.6,-65.6
169.10,1954.8,-65.6,-65.6
169.15,1951.5,-65.6,-65.6
169.20,1948.2,-65.6,-65.6
169.25,1944.9,-65.6,-65.6
169.30,1941.7,-65.6,-65.6
169.35,1938.4,-65.6,-65.6
169.40,1935.1,-65.6,-65.6
169.45,1931.8,-65.6,-65.6
169.50,1928.5,-65.6,-65.6
169.55,1925.3,-65.6,-65.6
169.60,1922.0,-65.6,-65.6
169.65,1918.7,-65.6,-65.6
169.70,1915.4,-65.6,-65.6
169.75,1912.1,-65.6,-65.6
169.80,1908.9,-65.6,-65.6
169.85,1905.6,-65.6,-65.6
169.90,1902.3,-65.6,-65.6
169.95,1899.0,-65.6,-65.6
170.00,1895.7,-65.6,-65.6
170.05,1892.5,-65.6,-65.6
170.10,1889.2,-65.6,-65.6
170.15,1885.9,-65.6,-65.6
170.20,1882.6,-65.6,-65.6
170.25,1879.3,-65.6,-65.6
170.30,1876.0,-65.6,-65.6
170.35,1872.8,-65.6,-65.6
170.40,1869.5,-65.6,-65.6
170.45,1866.2,-65.6,-65.6
170.50,1862.9,-65.6,-65.6
170.55,1859.6,-65.6,-65.6
170.60,1856.4,-65.6,-65.6
170.65,1853.1,-65.6,-65.6
170.70,1849.8,-65.6,-65.6
170.75,1846.5,-65.6,-65.6
170.80,1843.2,-65.6,-65.6
170.85,1840.0,-65.6,-65.6
170.90,1836.7,-65.6,-65.6
170.95,1833.4,-65.6,-65.6
171.00,1830.1,-65.6,-65.6
171.05,1826.8,-65.6,-65.6
171.10,1823.6,-65.6,-65.6
171.15,1820.3,-65.6,-65.6
171.20,1817.0,-65.6,-65.6
171.25,1813.7,-65.6,-65.6
171.30,1810.4,-65.6,-65.6
171.35,1807.2,-65.6,-65.6
171.40,1803.9,-65.6,-65.6
171.45,1800.6,-65.6,-65.6
171.50,1797.3,-65.6,-65.6
171.55,1794.0,-65.6,-65.6
171.60,1790.7,-65.6,-65.6
171.65,1787.5,-65.6,-65.6
171.70,1784.2,-65.6,-65.6
171.75,1780.9,-65.6,-65.6
171.80,1777.6,-65.6,-65.6
171.85,1774.3,-65.6,-65.6
171.90,1771.1,-65.6,-65.6
171.95,1767.8,-65.6,-65.6
172.00,1764.5,-65.6,-65.6
172.05,1761.2,-65.6,-65.6
172.10,1757.9,-65.6,-65.6
172.15,1754.7,-65.6,-65.6
172.20,1751.4,-65.6,-65.6
172.25,1748.1,-65.6,-65.6
172.30,1744.8,-65.6,-65.6
172.35,1741.5,-65.6,-65.6
172.40,1738.3,-65.6,-65.6
172.45,1735.0,-65.6,-65.6
172.50,1731.7,-65.6,-65.6
172.55,1728.4,-65.6,-65.6
172.60,1725.1,-65.6,-65.6
172.65,1721.9,-65.6,-65.6
172.70,1718.6,-65.6,-65.6
172.75,1715.3,-65.6,-65.6
172.80,1712.0,-65.6,-65.6
172.85,1708.7,-65.6,-65.6
172.90,1705.4,-65.6,-65.6
172.95,1702.2,-65.6,-65.6
173.00,1698.9,-65.6,-65.6
173.05,1695.6,-65.6,-65.6
173.10,1692.3,-65.6,-65.6
173.15,1689.0,-65.6,-65.6
173.20,1685.8,-65.6,-65.6
173.25,1682.5,-65.6,-65.6
173.30,1679.2,-65.6,-65.6
173.35,1675.9,-65.6,-65.6
173.40,1672.6,-65.6,-65.6
173.45,1669.4,-65.6,-65.6
173.50,1666.1,-65.6,-65.6
173.55,1662.8,-65.6,-65.6
173.60,1659.5,-65.6,-65.6
173.65,1656.2,-65.6,-65.6
173.70,1653.0,-65.6,-65.6
173.75,1649.7,-65.6,-65.6
173.80,1646.4,-65.6,-65.6
173.85,1643.1,-65.6,-65.6
173.90,1639.8,-65.6,-65.6
173.95,1636.5,-65.6,-65.6
174.00,1633.3,-65.6,-65.6
174.05,1630.0,-65.6,-65.6
174.10,1626.7,-65.6,-65.6
174.15,1623.4,-65.6,-65.6
174.20,1620.1,-65.6,-65.6
174.25,1616.9,-65.6,-65.6
174.30,1613.6,-65.6,-65.6
174.35,1610.3,-65.6,-65.6
174.40,1607.0,-65.6,-65.6
174.45,1603.7,-65.6,-65.6
174.50,1600.5,-65.6,-65.6
174.55,1597.2,-65.6,-65.6
174.60,1593.9,-65.6,-65.6
174.65,1590.6,-65.6,-65.6
174.70,1587.3,-65.6,-65.6
174.75,1584.1,-65.6,-65.6
174.80,1580.8,-65.6,-65.6
174.85,1577.5,-65.6,-65.6
174.90,1574.2,-65.6,-65.6
174.95,1570.9,-65.6,-65.6
175.00,1567.7,-65.6,-65.6
175.05,1564.4,-65.6,-65.6
175.10,1561.1,-65.6,-65.6
175.15,1557.8,-65.6,-65.6
175.20,1554.5,-65.6,-65.6
175.25,1551.2,-65.6,-65.6
175.30,1548.0,-65.6,-65.6
175.35,1544.7,-65.6,-65.6
175.40,1541.4,-65.6,-65.6
175.45,1538.1,-65.6,-65.6
175.50,1534.8,-65.6,-65.6
175.55,1531.6,-65.6,-65.6
175.60,1528.3,-65.6,-65.6
175.65,1525.0,-65.6,-65.6
175.70,1521.7,-65.6,-65.6
175.75,1518.4,-65.6,-65.6
175.80,1515.2,-65.6,-65.6
175.85,1511.9,-65.6,-65.6
175.90,1508.6,-65.6,-65.6
175.95,1505.3,-65.6,-65.6
176.00,1502.0,-65.6,-65.6
176.05,1498.8,-65.6,-65.6
176.10,1495.5,-65.6,-65.6
176.15,1492.2,-65.6,-65.6
176.20,1488.9,-65.6,-65.6
176.25,1485.6,-65.6,-65.6
176.30,1482.3,-65.6,-65.6
176.35,1479.1,-65.6,-65.6
176.40,1475.8,-65.6,-65.6
176.45,1472.5,-65.6,-65.6
176.50,1469.2,-65.6,-65.6
176.55,1465.9,-65.6,-65.6
176.60,1462.7,-65.6,-65.6
176.65,1459.4,-65.6,-65.6
176.70,1456.1,-65.6,-65.6
176.75,1452.8,-65.6,-65.6
176.80,1449.5,-65.6,-65.6
176.85,1446.3,-65.6,-65.6
176.90,1443.0,-65.6,-65.6
176.95,1439.7,-65.6,-65.6
177.00,1436.4,-65.6,-65.6
177.05,1433.1,-65.6,-65.6
177.10,1429.9,-65.6,-65.6
177.15,1426.6,-65.6,-65.6
177.20,1423.3,-65.6,-65.6
177.25,1420.0,-65.6,-65.6
177.30,1416.7,-65.6,-65.6
177.35,1413.5,-65.6,-65.6
177.40,1410.2,-65.6,-65.6
177.45,1406.9,-65.6,-65.6
177.50,1403.6,-65.6,-65.6
177.55,1400.3,-65.6,-65.6
177.60,1397.0,-65.6,-65.6
177.65,1393.8,-65.6,-65.6
177.70,1390.5,-65.6,-65.6
177.75,1387.2,-65.6,-65.6
177.80,1383.9,-65.6,-65.6
177.85,1380.6,-65.6,-65.6
177.90,1377.4,-65.6,-65.6
177.95,1374.1,-65.6,-65.6
178.00,1370.8,-65.6,-65.6
178.05,1367.5,-65.6,-65.6
178.10,1364.2,-65.6,-65.6
178.15,1361.0,-65.6,-65.6
178.20,1357.7,-65.6,-65.6
178.25,1354.4,-65.6,-65.6
178.30,1351.1,-65.6,-65.6
178.35,1347.8,-65.6,-65.6
178.40,1344.6,-65.6,-65.6
178.45,1341.3,-65.6,-65.6
178.50,1338.0,-65.6,-65.6
178.55,1334.7,-65.6,-65.6
178.60,1331.4,-65.6,-65.6
178.65,1328.1,-65.6,-65.6
178.70,1324.9,-65.6,-65.6
178.75,1321.6,-65.6,-65.6
178.80,1318.3,-65.6,-65.6
178.85,1315.0,-65.6,-65.6
178.90,1311.7,-65.6,-65.6
178.95,1308.5,-65.6,-65.6
179.00,1305.2,-65.6,-65.6
179.05,1301.9,-65.6,-65.6
179.10,1298.6,-65.6,-65.6
179.15,1295.3,-65.6,-65.6
179.20,1292.1,-65.6,-65.6
179.25,1288.8,-65.6,-65.6
179.30,1285.5,-65.6,-65.6
179.35,1282.2,-65.6,-65.6
179.40,1278.9,-65.6,-65.6
179.45,1275.7,-65.6,-65.6
179.50,1272.4,-65.6,-65.6
179.55,1269.1,-65.6,-65.6
179.60,1265.8,-65.6,-65.6
179.65,1262.5,-65.6,-65.6
179.70,1259.3,-65.6,-65.6
179.75,1256.0,-65.6,-65.6
179.80,1252.7,-65.6,-65.6
179.85,1249.4,-65.6,-65.6
179.90,1246.1,-65.6,-65.6
179.95,1242.8,-65.6,-65.6
180.00,1239.6,-65.6,-65.6
180.05,1236.3,-65.6,-65.6
180.10,1233.0,-65.6,-65.6
180.15,1229.7,-65.6,-65.6
180.20,1226.4,-65.6,-65.6
180.25,1223.2,-65.6,-65.6
180.30,1219.9,-65.6,-65.6
180.35,1216.6,-65.6,-65.6
180.40,1213.3,-65.6,-65.6
180.45,1210.0,-65.6,-65.6
180.50,1206.8,-65.6,-65.6
180.55,1203.5,-65.6,-65.6
180.60,1200.2,-65.6,-65.6
180.65,1196.9,-65.6,-65.6
180.70,1193.6,-65.6,-65.6
180.75,1190.4,-65.6,-65.6
180.80,1187.1,-65.6,-65.6
180.85,1183.8,-65.6,-65.6
180.90,1180.5,-65.6,-65.6
180.95,1177.2,-65.6,-65.6
181.00,1174.0,-65.6,-65.6
181.05,1170.7,-65.6,-65.6
181.10,1167.4,-65.6,-65.6
181.15,1164.1,-65.6,-65.6
181.20,1160.8,-65.6,-65.6
181.25,1157.5,-65.6,-65.6
181.30,1154.3,-65.6,-65.6
181.35,1151.0,-65.6,-65.6
181.40,1147.7,-65.6,-65.6
181.45,1144.4,-65.6,-65.6
181.50,1141.1,-65.6,-65.6
181.55,1137.9,-65.6,-65.6
181.60,1134.6,-65.6,-65.6
181.65,1131.3,-65.6,-65.6
181.70,1128.0,-65.6,-65.6
181.75,1124.7,-65.6,-65.6
181.80,1121.5,-65.6,-65.6
181.85,1118.2,-65.6,-65.6
181.90,1114.9,-65.6,-65.6
181.95,1111.6,-65.6,-65.6
182.00,1108.3,-65.6,-65.6
182.05,1105.1,-65.6,-65.6
182.10,1101.8,-65.6,-65.6
182.15,1098.5,-65.6,-65.6
182.20,1095.2,-65.6,-65.6
182.25,1091.9,-65.6,-65.6
182.30,1088.6,-65.6,-65.6
182.35,1085.4,-65.6,-65.6
182.40,1082.1,-65.6,-65.6
182.45,1078.8,-65.6,-65.6
182.50,1075.5,-65.6,-65.6
182.55,1072.2,-65.6,-65.6
182.60,1069.0,-65.6,-65.6
182.65,1065.7,-65.6,-65.6
182.70,1062.4,-65.6,-65.6
182.75,1059.1,-65.6,-65.6
182.80,1055.8,-65.6,-65.6
182.85,1052.6,-65.6,-65.6
182.90,1049.3,-65.6,-65.6
182.95,1046.0,-65.6,-65.6
183.00,1042.7,-65.6,-65.6
183.05,1039.4,-65.6,-65.6
183.10,1036.2,-65.6,-65.6
183.15,1032.9,-65.6,-65.6
183.20,1029.6,-65.6,-65.6
183.25,1026.3,-65.6,-65.6
183.30,1023.0,-65.6,-65.6
183.35,1019.8,-65.6,-65.6
183.40,1016.5,-65.6,-65.6
183.45,1013.2,-65.6,-65.6
183.50,1009.9,-65.6,-65.6
183.55,1006.6,-65.6,-65.6
183.60,1003.3,-65.6,-65.6
183.65,1000.1,-65.6,-65.6
183.70,996.8,-65.6,-65.6
183.75,993.5,-65.6,-65.6
183.80,990.2,-65.6,-65.6
183.85,986.9,-65.6,-65.6
183.90,983.7,-65.6,-65.6
183.95,980.4,-65.6,-65.6
184.00,977.1,-65.6,-65.6
184.05,973.8,-65.6,-65.6
184.10,970.5,-65.6,-65.6
184.15,967.3,-65.6,-65.6
184.20,964.0,-65.6,-65.6
184.25,960.7,-65.6,-65.6
184.30,957.4,-65.6,-65.6
184.35,954.1,-65.6,-65.6
184.40,950.9,-65.6,-65.6
184.45,947.6,-65.6,-65.6
184.50,944.3,-65.6,-65.6
184.55,941.0,-65.6,-65.6
184.60,937.7,-65.6,-65.6
184.65,934.4,-65.6,-65.6
184.70,931.2,-65.6,-65.6
184.75,927.9,-65.6,-65.6
184.80,924.6,-65.6,-65.6
184.85,921.3,-65.6,-65.6
184.90,918.0,-65.6,-65.6
184.95,914.8,-65.6,-65.6
185.00,911.5,-65.6,-65.6
185.05,908.2,-65.6,-65.6
185.10,904.9,-65.6,-65.6
185.15,901.6,-65.6,-65.6
185.20,898.4,-65.6,-65.6
185.25,895.1,-65.6,-65.6
185.30,891.8,-65.6,-65.6
185.35,888.5,-65.6,-65.6
185.40,885.2,-65.6,-65.6
185.45,882.0,-65.6,-65.6
185.50,878.7,-65.6,-65.6
185.55,875.4,-65.6,-65.6
185.60,872.1,-65.6,-65.6
185.65,868.8,-65.6,-65.6
185.70,865.6,-65.6,-65.6
185.75,862.3,-65.6,-65.6
185.80,859.0,-65.6,-65.6
185.85,855.7,-65.6,-65.6
185.90,852.4,-65.6,-65.6
185.95,849.1,-65.6,-65.6
186.00,845.9,-65.6,-65.6
186.05,842.6,-65.6,-65.6
186.10,839.3,-65.6,-65.6
186.15,836.0,-65.6,-65.6
186.20,832.7,-65.6,-65.6
186.25,829.5,-65.6,-65.6
186.30,826.2,-65.6,-65.6
186.35,822.9,-65.6,-65.6
186.40,819.6,-65.6,-65.6
186.45,816.3,-65.6,-65.6
186.50,813.1,-65.6,-65.6
186.55,809.8,-65.6,-65.6
186.60,806.5,-65.6,-65.6
186.65,803.2,-65.6,-65.6
186.70,799.9,-65.6,-65.6
186.75,796.7,-65.6,-65.6
186.80,793.4,-65.6,-65.6
186.85,790.1,-65.6,-65.6
186.90,786.8,-65.6,-65.6
186.95,783.5,-65.6,-65.6
187.00,780.2,-65.6,-65.6
187.05,777.0,-65.6,-65.6
187.10,773.7,-65.6,-65.6
187.15,770.4,-65.6,-65.6
187.20,767.1,-65.6,-65.6
187.25,763.8,-65.6,-65.6
187.30,760.6,-65.6,-65.6
187.35,757.3,-65.6,-65.6
187.40,754.0,-65.6,-65.6
187.45,750.7,-65.6,-65.6
187.50,747.4,-65.6,-65.6
187.55,744.2,-65.6,-65.6
187.60,740.9,-65.6,-65.6
187.65,737.6,-65.6,-65.6
187.70,734.3,-65.6,-65.6
187.75,731.0,-65.6,-65.6
187.80,727.8,-65.6,-65.6
187.85,724.5,-65.6,-65.6
187.90,721.2,-65.6,-65.6
187.95,717.9,-65.6,-65.6
188.00,714.6,-65.6,-65.6
188.05,711.4,-65.6,-65.6
188.10,708.1,-65.6,-65.6
188.15,704.8,-65.6,-65.6
188.20,701.5,-65.6,-65.6
188.25,698.2,-65.6,-65.6
188.30,694.9,-65.6,-65.6
188.35,691.7,-65.6,-65.6
188.40,688.4,-65.6,-65.6
188.45,685.1,-65.6,-65.6
188.50,681.8,-65.6,-65.6
188.55,678.5,-65.6,-65.6
188.60,675.3,-65.6,-65.6
188.65,672.0,-65.6,-65.6
188.70,668.7,-65.6,-65.6
188.75,665.4,-65.6,-65.6
188.80,662.1,-65.6,-65.6
188.85,658.9,-65.6,-65.6
188.90,655.6,-65.6,-65.6
188.95,652.3,-65.6,-65.6
189.00,649.0,-65.6,-65.6
189.05,645.7,-65.6,-65.6
189.10,642.5,-65.6,-65.6
189.15,639.2,-65.6,-65.6
189.20,635.9,-65.6,-65.6
189.25,632.6,-65.6,-65.6
189.30,629.3,-65.6,-65.6
189.35,626.0,-65.6,-65.6
189.40,622.8,-65.6,-65.6
189.45,619.5,-65.6,-65.6
189.50,616.2,-65.6,-65.6
189.55,612.9,-65.6,-65.6
189.60,609.6,-65.6,-65.6
189.65,606.4,-65.6,-65.6
189.70,603.1,-65.6,-65.6
189.75,599.8,-65.6,-65.6
189.80,596.5,-65.6,-65.6
189.85,593.2,-65.6,-65.6
189.90,590.0,-65.6,-65.6
189.95,586.7,-65.6,-65.6
190.00,583.4,-65.6,-65.6
190.05,580.1,-65.6,-65.6
190.10,576.8,-65.6,-65.6
190.15,573.6,-65.6,-65.6
190.20,570.3,-65.6,-65.6
190.25,567.0,-65.6,-65.6
190.30,563.7,-65.6,-65.6
190.35,560.4,-65.6,-65.6
190.40,557.2,-65.6,-65.6
190.45,553.9,-65.6,-65.6
190.50,550.6,-65.6,-65.6
190.55,547.3,-65.6,-65.6
190.60,544.0,-65.6,-65.6
190.65,540.7,-65.6,-65.6
190.70,537.5,-65.6,-65.6
190.75,534.2,-65.6,-65.6
190.80,530.9,-65.6,-65.6
190.85,527.6,-65.6,-65.6
190.90,524.3,-65.6,-65.6
190.95,521.1,-65.6,-65.6
191.00,517.8,-65.6,-65.6
191.05,514.5,-65.6,-65.6
191.10,511.2,-65.6,-65.6
191.15,507.9,-65.6,-65.6
191.20,504.7,-65.6,-65.6
191.25,501.4,-65.6,-65.6
191.30,498.1,-65.6,-65.6
191.35,494.8,-65.6,-65.6
191.40,491.5,-65.6,-65.6
191.45,490.7,-16.4,-16.4
191.50,489.9,-16.4,-16.4
191.55,489.1,-16.4,-16.4
191.60,488.3,-16.4,-16.4
191.65,487.4,-16.4,-16.4
191.70,486.6,-16.4,-16.4
191.75,485.8,-16.4,-16.4
191.80,485.0,-16.4,-16.4
191.85,484.2,-16.4,-16.4
191.90,483.3,-16.4,-16.4
191.95,482.5,-16.4,-16.4
192.00,481.7,-16.4,-16.4
192.05,480.9,-16.4,-16.4
192.10,480.1,-16.4,-16.4
192.15,479.2,-16.4,-16.4
192.20,478.4,-16.4,-16.4
192.25,477.6,-16.4,-16.4
192.30,476.8,-16.4,-16.4
192.35,476.0,-16.4,-16.4
192.40,475.1,-16.4,-16.4
192.45,474.3,-16.4,-16.4
192.50,473.5,-16.4,-16.4
192.55,472.7,-16.4,-16.4
192.60,471.9,-16.4,-16.4
192.65,471.0,-16.4,-16.4
192.70,470.2,-16.4,-16.4
192.75,469.4,-16.4,-16.4
192.80,468.6,-16.4,-16.4
192.85,467.7,-16.4,-16.4
192.90,466.9,-16.4,-16.4
192.95,466.1,-16.4,-16.4
193.00,465.3,-16.4,-16.4
193.05,464.5,-16.4,-16.4
193.10,463.6,-16.4,-16.4
193.15,462.8,-16.4,-16.4
193.20,462.0,-16.4,-16.4
193.25,461.2,-16.4,-16.4
193.30,460.4,-16.4,-16.4
193.35,459.5,-16.4,-16.4
193.40,458.7,-16.4,-16.4
193.45,457.9,-16.4,-16.4
193.50,457.1,-16.4,-16.4
193.55,456.3,-16.4,-16.4
193.60,455.4,-16.4,-16.4
193.65,454.6,-16.4,-16.4
193.70,453.8,-16.4,-16.4
193.75,453.0,-16.4,-16.4
193.80,452.2,-16.4,-16.4
193.85,451.3,-16.4,-16.4
193.90,450.5,-16.4,-16.4
193.95,449.7,-16.4,-16.4
194.00,448.9,-16.4,-16.4
194.05,448.1,-16.4,-16.4
194.10,447.2,-16.4,-16.4
194.15,446.4,-16.4,-16.4
194.20,445.6,-16.4,-16.4
194.25,444.8,-16.4,-16.4
194.30,444.0,-16.4,-16.4
194.35,443.1,-16.4,-16.4
194.40,442.3,-16.4,-16.4
194.45,441.5,-16.4,-16.4
194.50,440.7,-16.4,-16.4
194.55,439.9,-16.4,-16.4
194.60,439.0,-16.4,-16.4
194.65,438.2,-16.4,-16.4
194.70,437.4,-16.4,-16.4
194.75,436.6,-16.4,-16.4
194.80,435.8,-16.4,-16.4
194.85,434.9,-16.4,-16.4
194.90,434.1,-16.4,-16.4
194.95,433.3,-16.4,-16.4
195.00,432.5,-16.4,-16.4
195.05,431.7,-16.4,-16.4
195.10,430.8,-16.4,-16.4
195.15,430.0,-16.4,-16.4
195.20,429.2,-16.4,-16.4
195.25,428.4,-16.4,-16.4
195.30,427.6,-16.4,-16.4
195.35,426.7,-16.4,-16.4
195.40,425.9,-16.4,-16.4
195.45,425.1,-16.4,-16.4
195.50,424.3,-16.4,-16.4
195.55,423.5,-16.4,-16.4
195.60,422.6,-16.4,-16.4
195.65,421.8,-16.4,-16.4
195.70,421.0,-16.4,-16.4
195.75,420.2,-16.4,-16.4
195.80,419.4,-16.4,-16.4
195.85,418.5,-16.4,-16.4
195.90,417.7,-16.4,-16.4
195.95,416.9,-16.4,-16.4
196.00,416.1,-16.4,-16.4
196.05,415.3,-16.4,-16.4
196.10,414.4,-16.4,-16.4
196.15,413.6,-16.4,-16.4
196.20,412.8,-16.4,-16.4
196.25,412.0,-16.4,-16.4
196.30,411.2,-16.4,-16.4
196.35,410.3,-16.4,-16.4
196.40,409.5,-16.4,-16.4
196.45,408.7,-16.4,-16.4
196.50,407.9,-16.4,-16.4
196.55,407.1,-16.4,-16.4
196.60,406.2,-16.4,-16.4
196.65,405.4,-16.4,-16.4
196.70,404.6,-16.4,-16.4
196.75,403.8,-16.4,-16.4
196.80,403.0,-16.4,-16.4
196.85,402.1,-16.4,-16.4
196.90,401.3,-16.4,-16.4
196.95,400.5,-16.4,-16.4
197.00,399.7,-16.4,-16.4
197.05,398.9,-16.4,-16.4
197.10,398.0,-16.4,-16.4
197.15,397.2,-16.4,-16.4
197.20,396.4,-16.4,-16.4
197.25,395.6,-16.4,-16.4
197.30,394.8,-16.4,-16.4
197.35,393.9,-16.4,-16.4
197.40,393.1,-16.4,-16.4
197.45,392.3,-16.4,-16.4
197.50,391.5,-16.4,-16.4
197.55,390.6,-16.4,-16.4
197.60,389.8,-16.4,-16.4
197.65,389.0,-16.4,-16.4
197.70,388.2,-16.4,-16.4
197.75,387.4,-16.4,-16.4
197.80,386.5,-16.4,-16.4
197.85,385.7,-16.4,-16.4
197.90,384.9,-16.4,-16.4
197.95,384.1,-16.4,-16.4
198.00,383.3,-16.4,-16.4
198.05,382.4,-16.4,-16.4
198.10,381.6,-16.4,-16.4
198.15,380.8,-16.4,-16.4
198.20,380.0,-16.4,-16.4
198.25,379.2,-16.4,-16.4
198.30,378.3,-16.4,-16.4
198.35,377.5,-16.4,-16.4
198.40,376.7,-16.4,-16.4
198.45,375.9,-16.4,-16.4
198.50,375.1,-16.4,-16.4
198.55,374.2,-16.4,-16.4
198.60,373.4,-16.4,-16.4
198.65,372.6,-16.4,-16.4
198.70,371.8,-16.4,-16.4
198.75,371.0,-16.4,-16.4
198.80,370.1,-16.4,-16.4
198.85,369.3,-16.4,-16.4
198.90,368.5,-16.4,-16.4
198.95,367.7,-16.4,-16.4
199.00,366.9,-16.4,-16.4
199.05,366.0,-16.4,-16.4
199.10,365.2,-16.4,-16.4
199.15,364.4,-16.4,-16.4
199.20,363.6,-16.4,-16.4
199.25,362.8,-16.4,-16.4
199.30,361.9,-16.4,-16.4
199.35,361.1,-16.4,-16.4
199.40,360.3,-16.4,-16.4
199.45,359.5,-16.4,-16.4
199.50,358.7,-16.4,-16.4
199.55,357.8,-16.4,-16.4
199.60,357.0,-16.4,-16.4
199.65,356.2,-16.4,-16.4
199.70,355.4,-16.4,-16.4
199.75,354.6,-16.4,-16.4
199.80,353.7,-16.4,-16.4
199.85,352.9,-16.4,-16.4
199.90,352.1,-16.4,-16.4
199.95,351.3,-16.4,-16.4
200.00,350.5,-16.4,-16.4
200.05,349.6,-16.4,-16.4
200.10,348.8,-16.4,-16.4
200.15,348.0,-16.4,-16.4
200.20,347.2,-16.4,-16.4
200.25,346.4,-16.4,-16.4
200.30,345.5,-16.4,-16.4
200.35,344.7,-16.4,-16.4
200.40,343.9,-16.4,-16.4
200.45,343.1,-16.4,-16.4
200.50,342.3,-16.4,-16.4
200.55,341.4,-16.4,-16.4
200.60,340.6,-16.4,-16.4
200.65,339.8,-16.4,-16.4
200.70,339.0,-16.4,-16.4
200.75,338.2,-16.4,-16.4
200.80,337.3,-16.4,-16.4
200.85,336.5,-16.4,-16.4
200.90,335.7,-16.4,-16.4
200.95,334.9,-16.4,-16.4
201.00,334.1,-16.4,-16.4
201.05,333.2,-16.4,-16.4
201.10,332.4,-16.4,-16.4
201.15,331.6,-16.4,-16.4
201.20,330.8,-16.4,-16.4
201.25,330.0,-16.4,-16.4
201.30,329.1,-16.4,-16.4
201.35,328.3,-16.4,-16.4
201.40,327.5,-16.4,-16.4
201.45,326.7,-16.4,-16.4
201.50,325.9,-16.4,-16.4
201.55,325.0,-16.4,-16.4
201.60,324.2,-16.4,-16.4
201.65,323.4,-16.4,-16.4
201.70,322.6,-16.4,-16.4
201.75,321.8,-16.4,-16.4
201.80,320.9,-16.4,-16.4
201.85,320.1,-16.4,-16.4
201.90,319.3,-16.4,-16.4
201.95,318.5,-16.4,-16.4
202.00,317.7,-16.4,-16.4
202.05,316.8,-16.4,-16.4
202.10,316.0,-16.4,-16.4
202.15,315.2,-16.4,-16.4
202.20,314.4,-16.4,-16.4
202.25,313.5,-16.4,-16.4
202.30,312.7,-16.4,-16.4
202.35,311.9,-16.4,-16.4
202.40,311.1,-16.4,-16.4
202.45,310.3,-16.4,-16.4
202.50,309.4,-16.4,-16.4
202.55,308.6,-16.4,-16.4
202.60,307.8,-16.4,-16.4
202.65,307.0,-16.4,-16.4
202.70,306.2,-16.4,-16.4
202.75,305.3,-16.4,-16.4
202.80,304.5,-16.4,-16.4
202.85,303.7,-16.4,-16.4
202.90,302.9,-16.4,-16.4
202.95,302.1,-16.4,-16.4
203.00,301.2,-16.4,-16.4
203.05,300.4,-16.4,-16.4
203.10,299.6,-16.4,-16.4
203.15,298.8,-16.4,-16.4
203.20,298.0,-16.4,-16.4
203.25,297.1,-16.4,-16.4
203.30,296.3,-16.4,-16.4
203.35,295.5,-16.4,-16.4
203.40,294.7,-16.4,-16.4
203.45,293.9,-16.4,-16.4
203.50,293.0,-16.4,-16.4
203.55,292.2,-16.4,-16.4
203.60,291.4,-16.4,-16.4
203.65,290.6,-16.4,-16.4
203.70,289.8,-16.4,-16.4
203.75,288.9,-16.4,-16.4
203.80,288.1,-16.4,-16.4
203.85,287.3,-16.4,-16.4
203.90,286.5,-16.4,-16.4
203.95,285.7,-16.4,-16.4
204.00,284.8,-16.4,-16.4
204.05,284.0,-16.4,-16.4
204.10,283.2,-16.4,-16.4
204.15,282.4,-16.4,-16.4
204.20,281.6,-16.4,-16.4
204.25,280.7,-16.4,-16.4
204.30,279.9,-16.4,-16.4
204.35,279.1,-16.4,-16.4
204.40,278.3,-16.4,-16.4
204.45,277.5,-16.4,-16.4
204.50,276.6,-16.4,-16.4
204.55,275.8,-16.4,-16.4
204.60,275.0,-16.4,-16.4
204.65,274.2,-16.4,-16.4
204.70,273.4,-16.4,-16.4
204.75,272.5,-16.4,-16.4
204.80,271.7,-16.4,-16.4
204.85,270.9,-16.4,-16.4
204.90,270.1,-16.4,-16.4
204.95,269.3,-16.4,-16.4
205.00,268.4,-16.4,-16.4
205.05,267.6,-16.4,-16.4
205.10,266.8,-16.4,-16.4
205.15,266.0,-16.4,-16.4
205.20,265.2,-16.4,-16.4
205.25,264.3,-16.4,-16.4
205.30,263.5,-16.4,-16.4
205.35,262.7,-16.4,-16.4
205.40,261.9,-16.4,-16.4
205.45,261.1,-16.4,-16.4
205.50,260.2,-16.4,-16.4
205.55,259.4,-16.4,-16.4
205.60,258.6,-16.4,-16.4
205.65,257.8,-16.4,-16.4
205.70,257.0,-16.4,-16.4
205.75,256.1,-16.4,-16.4
205.80,255.3,-16.4,-16.4
205.85,254.5,-16.4,-16.4
205.90,253.7,-16.4,-16.4
205.95,252.9,-16.4,-16.4
206.00,252.0,-16.4,-16.4
206.05,251.2,-16.4,-16.4
206.10,250.4,-16.4,-16.4
206.15,249.6,-16.4,-16.4
206.20,248.8,-16.4,-16.4
206.25,247.9,-16.4,-16.4
206.30,247.1,-16.4,-16.4
206.35,246.3,-16.4,-16.4
206.40,245.5,-16.4,-16.4
206.45,244.7,-16.4,-16.4
206.50,243.8,-16.4,-16.4
206.55,243.0,-16.4,-16.4
206.60,242.2,-16.4,-16.4
206.65,241.4,-16.4,-16.4
206.70,240.6,-16.4,-16.4
206.75,239.7,-16.4,-16.4
206.80,238.9,-16.4,-16.4
206.85,238.1,-16.4,-16.4
206.90,237.3,-16.4,-16.4
206.95,236.5,-16.4,-16.4
207.00,235.6,-16.4,-16.4
207.05,234.8,-16.4,-16.4
207.10,234.0,-16.4,-16.4
207.15,233.2,-16.4,-16.4
207.20,232.3,-16.4,-16.4
207.25,231.5,-16.4,-16.4
207.30,230.7,-16.4,-16.4
207.35,229.9,-16.4,-16.4
207.40,229.1,-16.4,-16.4
207.45,228.2,-16.4,-16.4
207.50,227.4,-16.4,-16.4
207.55,226.6,-16.4,-16.4
207.60,225.8,-16.4,-16.4
207.65,225.0,-16.4,-16.4
207.70,224.1,-16.4,-16.4
207.75,223.3,-16.4,-16.4
207.80,222.5,-16.4,-16.4
207.85,221.7,-16.4,-16.4
207.90,220.9,-16.4,-16.4
207.95,220.0,-16.4,-16.4
208.00,219.2,-16.4,-16.4
208.05,218.4,-16.4,-16.4
208.10,217.6,-16.4,-16.4
208.15,216.8,-16.4,-16.4
208.20,215.9,-16.4,-16.4
208.25,215.1,-16.4,-16.4
208.30,214.3,-16.4,-16.4
208.35,213.5,-16.4,-16.4
208.40,212.7,-16.4,-16.4
208.45,211.8,-16.4,-16.4
208.50,211.0,-16.4,-16.4
208.55,210.2,-16.4,-16.4
208.60,209.4,-16.4,-16.4
208.65,208.6,-16.4,-16.4
208.70,207.7,-16.4,-16.4
208.75,206.9,-16.4,-16.4
208.80,206.1,-16.4,-16.4
208.85,205.3,-16.4,-16.4
208.90,204.5,-16.4,-16.4
208.95,203.6,-16.4,-16.4
209.00,202.8,-16.4,-16.4
209.05,202.0,-16.4,-16.4
209.10,201.2,-16.4,-16.4
209.15,200.4,-16.4,-16.4
209.20,199.5,-16.4,-16.4
209.25,198.7,-16.4,-16.4
209.30,197.9,-16.4,-16.4
209.35,197.1,-16.4,-16.4
209.40,196.3,-16.4,-16.4
209.45,195.4,-16.4,-16.4
209.50,194.6,-16.4,-16.4
209.55,193.8,-16.4,-16.4
209.60,193.0,-16.4,-16.4
209.65,192.2,-16.4,-16.4
209.70,191.3,-16.4,-16.4
209.75,190.5,-16.4,-16.4
209.80,189.7,-16.4,-16.4
209.85,188.9,-16.4,-16.4
209.90,188.1,-16.4,-16.4
209.95,187.2,-16.4,-16.4
210.00,186.4,-16.4,-16.4
210.05,185.6,-16.4,-16.4
210.10,184.8,-16.4,-16.4
210.15,184.0,-16.4,-16.4
210.20,183.1,-16.4,-16.4
210.25,182.3,-16.4,-16.4
210.30,181.5,-16.4,-16.4
210.35,180.7,-16.4,-16.4
210.40,179.9,-16.4,-16.4
210.45,179.0,-16.4,-16.4
210.50,178.2,-16.4,-16.4
210.55,177.4,-16.4,-16.4
210.60,176.6,-16.4,-16.4
210.65,175.8,-16.4,-16.4
210.70,174.9,-16.4,-16.4
210.75,174.1,-16.4,-16.4
210.80,173.3,-16.4,-16.4
210.85,172.5,-16.4,-16.4
210.90,171.7,-16.4,-16.4
210.95,170.8,-16.4,-16.4
211.00,170.0,-16.4,-16.4
211.05,169.2,-16.4,-16.4
211.10,168.4,-16.4,-16.4
211.15,167.6,-16.4,-16.4
211.20,166.7,-16.4,-16.4
211.25,165.9,-16.4,-16.4
211.30,165.1,-16.4,-16.4
211.35,164.3,-16.4,-16.4
211.40,163.5,-16.4,-16.4
211.45,162.6,-16.4,-16.4
211.50,161.8,-16.4,-16.4
211.55,161.0,-16.4,-16.4
211.60,160.2,-16.4,-16.4
211.65,159.4,-16.4,-16.4
211.70,158.5,-16.4,-16.4
211.75,157.7,-16.4,-16.4
211.80,156.9,-16.4,-16.4
211.85,156.1,-16.4,-16.4
211.90,155.2,-16.4,-16.4
211.95,154.4,-16.4,-16.4
212.00,153.6,-16.4,-16.4
212.05,152.8,-16.4,-16.4
212.10,152.0,-16.4,-16.4
212.15,151.1,-16.4,-16.4
212.20,150.3,-16.4,-16.4
212.25,149.5,-16.4,-16.4
212.30,148.7,-16.4,-16.4
212.35,147.9,-16.4,-16.4
212.40,147.0,-16.4,-16.4
212.45,146.2,-16.4,-16.4
212.50,145.4,-16.4,-16.4
212.55,144.6,-16.4,-16.4
212.60,143.8,-16.4,-16.4
212.65,142.9,-16.4,-16.4
212.70,142.1,-16.4,-16.4
212.75,141.3,-16.4,-16.4
212.80,140.5,-16.4,-16.4
212.85,139.7,-16.4,-16.4
212.90,138.8,-16.4,-16.4
212.95,138.0,-16.4,-16.4
213.00,137.2,-16.4,-16.4
213.05,136.4,-16.4,-16.4
213.10,135.6,-16.4,-16.4
213.15,134.7,-16.4,-16.4
213.20,133.9,-16.4,-16.4
213.25,133.1,-16.4,-16.4
213.30,132.3,-16.4,-16.4
213.35,131.5,-16.4,-16.4
213.40,130.6,-16.4,-16.4
213.45,129.8,-16.4,-16.4
213.50,129.0,-16.4,-16.4
213.55,128.2,-16.4,-16.4
213.60,127.4,-16.4,-16.4
213.65,126.5,-16.4,-16.4
213.70,125.7,-16.4,-16.4
213.75,124.9,-16.4,-16.4
213.80,124.1,-16.4,-16.4
213.85,123.3,-16.4,-16.4
213.90,122.4,-16.4,-16.4
213.95,121.6,-16.4,-16.4
214.00,120.8,-16.4,-16.4
214.05,120.0,-16.4,-16.4
214.10,119.2,-16.4,-16.4
214.15,118.3,-16.4,-16.4
214.20,117.5,-16.4,-16.4
214.25,116.7,-16.4,-16.4
214.30,115.9,-16.4,-16.4
214.35,115.1,-16.4,-16.4
214.40,114.2,-16.4,-16.4
214.45,113.4,-16.4,-16.4
214.50,112.6,-16.4,-16.4
214.55,111.8,-16.4,-16.4
214.60,111.0,-16.4,-16.4
214.65,110.1,-16.4,-16.4
214.70,109.3,-16.4,-16.4
214.75,108.5,-16.4,-16.4
214.80,107.7,-16.4,-16.4
214.85,106.9,-16.4,-16.4
214.90,106.0,-16.4,-16.4
214.95,105.2,-16.4,-16.4
215.00,104.4,-16.4,-16.4
215.05,103.6,-16.4,-16.4
215.10,102.8,-16.4,-16.4
215.15,101.9,-16.4,-16.4
215.20,101.1,-16.4,-16.4
215.25,100.3,-16.4,-16.4
215.30,99.5,-16.4,-16.4
215.35,98.7,-16.4,-16.4
215.40,97.8,-16.4,-16.4
215.45,97.0,-16.4,-16.4
215.50,96.2,-16.4,-16.4
215.55,95.4,-16.4,-16.4
215.60,94.6,-16.4,-16.4
215.65,93.7,-16.4,-16.4
215.70,92.9,-16.4,-16.4
215.75,92.1,-16.4,-16.4
215.80,91.3,-16.4,-16.4
215.85,90.5,-16.4,-16.4
215.90,89.6,-16.4,-16.4
215.95,88.8,-16.4,-16.4
216.00,88.0,-16.4,-16.4
216.05,87.2,-16.4,-16.4
216.10,86.4,-16.4,-16.4
216.15,85.5,-16.4,-16.4
216.20,84.7,-16.4,-16.4
216.25,83.9,-16.4,-16.4
216.30,83.1,-16.4,-16.4
216.35,82.3,-16.4,-16.4
216.40,81.4,-16.4,-16.4
216.45,80.6,-16.4,-16.4
216.50,79.8,-16.4,-16.4
216.55,79.0,-16.4,-16.4
216.60,78.1,-16.4,-16.4
216.65,77.3,-16.4,-16.4
216.70,76.5,-16.4,-16.4
216.75,75.7,-16.4,-16.4
216.80,74.9,-16.4,-16.4
216.85,74.0,-16.4,-16.4
216.90,73.2,-16.4,-16.4
216.95,72.4,-16.4,-16.4
217.00,71.6,-16.4,-16.4
217.05,70.8,-16.4,-16.4
217.10,69.9,-16.4,-16.4
217.15,69.1,-16.4,-16.4
217.20,68.3,-16.4,-16.4
217.25,67.5,-16.4,-16.4
217.30,66.7,-16.4,-16.4
217.35,65.8,-16.4,-16.4
217.40,65.0,-16.4,-16.4
217.45,64.2,-16.4,-16.4
217.50,63.4,-16.4,-16.4
217.55,62.6,-16.4,-16.4
217.60,61.7,-16.4,-16.4
217.65,60.9,-16.4,-16.4
217.70,60.1,-16.4,-16.4
217.75,59.3,-16.4,-16.4
217.80,58.5,-16.4,-16.4
217.85,57.6,-16.4,-16.4
217.90,56.8,-16.4,-16.4
217.95,56.0,-16.4,-16.4
218.00,55.2,-16.4,-16.4
218.05,54.4,-16.4,-16.4
218.10,53.5,-16.4,-16.4
218.15,52.7,-16.4,-16.4
218.20,51.9,-16.4,-16.4
218.25,51.1,-16.4,-16.4
218.30,50.3,-16.4,-16.4
218.35,49.4,-16.4,-16.4
218.40,48.6,-16.4,-16.4
218.45,47.8,-16.4,-16.4
218.50,47.0,-16.4,-16.4
218.55,46.2,-16.4,-16.4
218.60,45.3,-16.4,-16.4
218.65,44.5,-16.4,-16.4
218.70,43.7,-16.4,-16.4
218.75,42.9,-16.4,-16.4
218.80,42.1,-16.4,-16.4
218.85,41.2,-16.4,-16.4
218.90,40.4,-16.4,-16.4
218.95,39.6,-16.4,-16.4
219.00,38.8,-16.4,-16.4
219.05,38.0,-16.4,-16.4
219.10,37.1,-16.4,-16.4
219.15,36.3,-16.4,-16.4
219.20,35.5,-16.4,-16.4
219.25,34.7,-16.4,-16.4
219.30,33.9,-16.4,-16.4
219.35,33.0,-16.4,-16.4
219.40,32.2,-16.4,-16.4
219.45,31.4,-16.4,-16.4
219.50,30.6,-16.4,-16.4
219.55,29.8,-16.4,-16.4
219.60,28.9,-16.4,-16.4
219.65,28.1,-16.4,-16.4
219.70,27.3,-16.4,-16.4
219.75,26.5,-16.4,-16.4
219.80,25.7,-16.4,-16.4
219.85,24.8,-16.4,-16.4
219.90,24.0,-16.4,-16.4
219.95,23.2,-16.4,-16.4
220.00,22.4,-16.4,-16.4
220.05,21.6,-16.4,-16.4
220.10,20.7,-16.4,-16.4
220.15,19.9,-16.4,-16.4
220.20,19.1,-16.4,-16.4
220.25,18.3,-16.4,-16.4
220.30,17.5,-16.4,-16.4
220.35,16.6,-16.4,-16.4
220.40,15.8,-16.4,-16.4
220.45,15.0,-16.4,-16.4
220.50,14.2,-16.4,-16.4
220.55,13.4,-16.4,-16.4
220.60,12.5,-16.4,-16.4
220.65,11.7,-16.4,-16.4
220.70,10.9,-16.4,-16.4
220.75,10.1,-16.4,-16.4
220.80,9.3,-16.4,-16.4
220.85,8.4,-16.4,-16.4
220.90,7.6,-16.4,-16.4
220.95,6.8,-16.4,-16.4
221.00,6.0,-16.4,-16.4
221.05,5.2,-16.4,-16.4
221.10,4.3,-16.4,-16.4
221.15,3.5,-16.4,-16.4
221.20,2.7,-16.4,-16.4
221.25,1.9,-16.4,-16.4
221.30,1.0,-16.4,-16.4
221.35,0.2,-16.4,-16.4
221.40,0.0,-16.4,-16.4
